-0.04350116,0.39399275,-0.94450510,0.35188061,-1.04110658,-2.93105459,0.08208795,-1.11335444,3.54197168,0.97335184,-0.70328730,1.31301260,-1.02768338,0.17606339,0.32194000,0.20025831,0.65079975,0.27308026,-1.12254190,2.44640470,0.42183197,-0.72910488,-0.19900222,0.94128513,-2.41132784,0.88043350,0.79464668,-1.01127410,-0.95405430,2.04713583,0.56020004,-1.14020491,0.85523576,-1.24345183,-0.66881335,1.24807227,-0.19184512,3.50841570,0.10015178,-0.41392824,0.76639813,-1.83865070,0.49517646,0.02257070,0.05255319,1.05927646,1.08222926,-1.40335894,2.89519787,0.75805789,0.57295877,-1.00030518,0.84377837,-0.42075613,-0.20200531,2.26399183,0.64112616,-0.26238051,-1.19128835,-0.86896348,1.98145854,0.43735826,0.66988903,-1.05775976,-1.26974952,1.07415819,0.09597252,-0.21793695,0.15999331,0.40586528,-0.99622166,-0.72351903,0.55983520,0.57306087,0.36056298,1.01727474,1.08412075,0.63734978,1.18177676,-0.55802161,-0.81956738,-0.26537967,-0.35145441,-0.92233956,-0.11330541,-0.97267777,0.95424891,-0.58261168,1.38908851,0.33947316,0.80186284,-0.32108447,0.59206945,-0.12441446,0.40482417,1.04524851,-0.51322097,-1.09681320,0.05424123,-0.30471587,2.02202773,0.28101230,-0.83788115,-1.27701795,0.37995997,-0.18602885,-0.77088720,-0.38744080,-0.31279030,-0.22783557,0.35291383,-1.14564395,-0.84132594,-1.91448212,-0.53388822,0.85363144,1.62216461,-0.30443674,1.53252566,1.42389870,-1.33980060,-1.24135685,-1.30848742,-0.64299262,-0.40064886,-1.27422583,0.56100816,0.51201808
-1.02480090,1.03570962,1.38070762,0.15913364,2.00607347,0.42314181,0.86730129,0.24513654,0.64490044,-0.29428685,-0.48800185,2.65145636,0.35917178,0.17128430,0.03847133,0.44239593,0.83881652,0.10917681,-2.28701496,0.15123311,-0.28398782,-0.09397173,-1.20204699,1.36826885,-0.02406881,-0.85379601,1.36314309,-1.18729115,-0.33123130,0.69038254,1.21010518,-0.85568559,0.74758899,0.90718579,0.23012893,0.62577742,0.05555446,0.04080881,-0.80964231,0.01342812,-0.61380726,-1.82328486,-0.11887475,0.28062767,0.10528448,0.25139394,-0.02236334,-1.98425531,1.09270215,1.00861275,0.28763679,1.14026463,-1.32351756,-0.36741099,0.05777419,0.95064586,0.14874063,-0.46328920,1.31767213,-1.25093663,0.43242675,1.39397168,0.06906423,-1.54667735,-0.10970809,0.64833754,0.45446447,-0.12020753,1.66530478,-0.60575157,0.14045566,-0.03404760,-0.12028880,0.81780154,0.49430683,0.75329709,-0.01590717,1.23170745,1.68973947,0.13138768,-1.89528024,0.05797882,1.42621958,-1.27864993,1.29705071,-0.35164487,0.79972374,1.08653772,1.42484725,1.79638147,-2.11941528,-0.56477511,-0.33293238,0.41519764,-0.13915113,-1.05291700,-0.55024326,-1.14856958,-1.73238540,-1.74933100,1.11009681,0.07019408,0.48343116,0.05853311,-0.45372918,-0.26837492,-0.71248591,-1.27084279,-0.79543000,0.43622702,0.15991561,-1.31451392,-0.13282791,-0.26770833,0.78272009,0.27327907,1.86565518,-1.04234850,1.53999197,1.29541004,0.20747468,0.11042447,1.17165256,1.91753733,-1.06011903,-1.00076306,0.72173631,0.88125527
-1.48644972,1.94125652,-2.38567638,0.28981254,0.93337679,0.26408118,1.18779778,0.01639779,-0.36911207,1.69264317,0.03638541,1.14800358,1.26905572,0.86244816,1.14597547,-0.81175846,0.10136166,-0.13462804,-1.69905698,-0.19014883,-0.17426729,-0.91663975,1.11752474,0.36554873,0.80153233,1.51175511,-0.29862392,-0.86530745,-0.00405429,-0.91423213,0.34617174,-0.86214525,-1.89846015,0.91356111,-0.33932906,-0.05175362,0.47094437,0.37468639,0.22338676,-0.12007485,-2.03819489,-1.82254386,-0.28877321,-1.29975343,-0.74230814,1.29598534,0.69973195,-1.44978654,0.60011882,1.72803688,-0.36588719,1.65552270,-0.29096991,-0.23563157,-1.43088269,-0.00771503,-0.00179627,-0.04771896,1.02746546,0.67975760,0.07437690,0.25732508,-0.45610112,-0.89779091,1.00955093,1.40217209,1.26299560,0.07778324,0.52673763,-1.33569205,-0.43816376,-0.45361468,-1.04212260,0.26926711,0.39157152,0.97011960,0.65819621,0.19056366,0.13528013,-0.39391771,-2.05257511,0.08111173,2.77902889,-0.95362604,-0.20031369,-1.31841755,1.20786989,-0.40690264,0.43818083,0.52935910,-2.08104825,0.34632504,-0.55889952,0.01141362,0.46151385,0.63887763,-0.02154118,0.64567024,0.15871009,0.19849724,1.09028971,-0.18050800,-0.35291424,0.51840502,-0.15054883,0.17407994,-1.08869326,-0.51107126,-1.03996015,-0.38444966,1.18708360,0.31180775,0.16024619,-1.27735949,0.68626440,1.62351787,0.64174455,-0.71341830,-0.31666809,0.02985622,0.13629518,-0.63763148,-1.09704125,0.10756840,-2.00877571,-0.38842654,0.60032022,0.47136813
-0.95703739,0.05985106,-0.19582996,-0.56571591,-0.77342826,0.00595327,0.70391238,-1.09350491,0.03536941,0.59066647,1.83758616,1.70483863,0.56648946,-0.00505808,0.58962852,0.68494713,0.20533895,0.17022792,-0.02975957,0.19175303,-1.46321297,0.64178652,-1.43211293,0.01462815,0.65614533,0.84672582,-0.13051850,-0.53130805,0.72958505,-2.37731290,0.61395943,-0.07982203,-0.17472498,-1.36736012,-1.45003521,0.17511845,-0.09035254,0.58763272,-0.55599189,-0.60700160,-0.06626041,-1.57694948,-0.23354214,-1.87594521,2.52447987,1.32262945,1.42309403,-2.04858708,0.98198384,1.38964748,-0.42931500,0.32962486,-1.24561715,-0.69702417,-0.49651134,2.51895308,-0.27281022,-0.00172656,1.54261792,0.94934809,-0.29742783,1.75808108,-0.32766747,-0.82760340,0.36959511,0.84327453,1.80626512,0.18531398,-0.96562898,-0.66985023,-0.03856393,-1.45097911,-0.58696914,0.19747396,0.44043735,-0.60182357,0.01888478,0.75290853,1.32208347,-1.17486727,-2.01918197,0.55900323,0.35468820,-2.33726168,0.65918416,-0.68020892,1.61203897,0.29141027,1.27421236,0.09469707,-1.10724401,0.64788210,0.26831159,-0.23485783,0.75340652,0.30759498,-0.10704280,0.32856259,-1.53664863,-1.60123825,0.21833463,-1.11808956,0.22411771,0.05964967,-1.48711753,0.35596725,-0.48944432,-1.58939052,-0.34715149,-0.59724480,0.93067467,-0.21111856,0.44493535,0.21968219,-0.89736432,-0.12706688,0.85597730,0.32967514,0.40307927,0.26987207,-0.03976538,0.38510203,0.97064400,1.92299390,-3.19519281,-1.28021419,-0.28016007,1.06313181
-2.18216276,1.07700038,-2.12206507,0.08174969,0.12367439,0.96344715,-0.57827437,0.79536724,0.53454709,1.55407941,-1.28408766,1.19954526,1.72514629,0.23189701,-0.81698906,-0.40524188,1.24633777,-1.40310037,1.41075230,0.54179591,-1.39028335,-1.21199417,0.47838435,-2.13360643,0.75089002,0.15623480,0.82966852,0.07583794,-1.04802370,-1.81739569,0.91088742,0.91247040,0.02347099,-0.41901818,1.07424045,-0.31368655,0.28901070,1.94946218,-0.70701921,0.15798941,0.20439020,-2.11957288,1.45069528,0.43646431,2.47924328,1.83043504,1.67657208,0.02476750,0.18461318,-1.24177027,1.31852973,1.56003988,-1.20115387,-1.29181278,-0.17915341,0.64496166,1.32380676,-2.04732943,0.38286585,-0.03338385,-0.07334234,2.16285920,-0.24298671,-0.45731366,0.41886267,0.86358392,1.08380926,-0.64237207,-0.51978350,-0.73692137,-2.26664138,-0.70262092,-0.07544485,0.28564668,-0.52837384,-0.22633012,0.29293174,-0.25785291,1.06335020,0.13917105,-1.39072216,-0.41903701,0.12467210,-1.26460540,0.49998131,-1.27456939,2.23613238,0.85974193,0.66503245,1.03100491,-1.34411740,-0.02063732,0.60946941,-0.56155187,-0.08500149,-0.69933850,-1.21090448,0.21904981,1.09055007,0.78520441,0.60389519,-0.72924191,-0.08378614,1.66253459,0.91002733,0.16321224,-0.67390156,-1.31881356,-1.04373932,-0.40311784,1.88977456,-1.45627272,0.76519662,-1.65185463,0.81035036,0.68330944,0.23884611,-0.28941864,0.61905921,-0.95234954,-0.55613828,0.93632084,0.00053740,0.90966260,-1.59516680,0.35793808,-1.22693264,0.28312945
-1.92571521,0.53536636,-1.22953546,-0.97505152,1.03043151,-0.68221909,2.08719802,0.15954553,-0.85317194,-0.20617792,-0.21650739,0.81976163,0.55927032,-0.00153153,-0.15397219,-0.45279777,-0.70293427,-0.47791636,0.66253299,-0.38313174,0.25947371,-0.43372560,-1.48044801,0.54448366,-0.51678765,1.14594805,0.89492965,0.51365113,-0.30977377,-0.88582456,-0.05042743,0.05587001,-0.48079306,-0.28807199,0.17833085,0.45999557,0.21928883,0.82175946,-0.17990980,0.54945028,-0.70705199,-1.36384714,1.01118803,-0.30127668,0.58364302,1.97343910,1.04952872,-0.15915368,-1.76585746,-0.95150548,-0.02453576,0.91698658,0.10280575,-1.60969448,-0.08811756,0.83888221,1.55456686,0.91528952,-0.22156270,0.14883989,0.19774699,0.06854949,0.78650826,0.65329897,1.57340968,-0.07546092,1.96021187,-0.37745097,0.60855281,-1.24437284,-0.99922585,-1.66627502,-0.43496847,0.87021774,-0.56580973,-1.59817696,-1.20140898,-0.95126349,0.62032461,-1.04867280,-2.07801080,-0.21168347,0.15886931,-1.57448542,-1.66138828,-1.62090683,0.93344462,-0.14685671,-1.38900757,0.33681649,-1.00106168,0.99124205,0.46477222,0.64763910,1.08179677,0.12975395,-0.38747185,-0.05339076,0.46433577,-0.47954795,0.43027315,-0.41349867,-0.88819176,-0.14561722,-0.29113907,0.27075675,-0.48293051,-0.74104315,-0.16232353,-0.01198468,1.33506942,-1.38174951,-0.30219272,-0.26522088,0.74677050,-0.20352790,-0.46768188,0.36051035,-0.04397321,-1.09294832,-0.28516141,-1.38562500,0.35106319,2.07182240,-1.99067366,-0.80694199,-1.10886121,1.47409606
-0.75350529,-1.62361324,-0.65247613,0.41707543,1.90033722,0.65381211,1.24122977,0.43870768,-0.70204431,0.59055907,-1.39980006,1.47933817,0.15195915,-0.61861050,-0.28312683,-0.73844761,0.03980140,-2.69202352,1.15897322,0.70442295,0.39046186,-2.01731014,-0.53831190,-0.32923383,-1.20415437,-1.58199596,0.15619862,2.81741452,0.88343960,-0.50809228,1.14673460,0.53529119,0.63693303,-0.89104056,-0.65572000,0.69796896,0.61324513,0.64173013,-1.74712300,0.44865426,1.25842941,-0.87916028,1.42173290,-1.20619869,-0.15152188,0.36165577,1.88189197,-1.75592101,1.89667022,-1.46321559,1.96267891,-0.99586070,-1.78794742,2.00917721,0.69294804,0.42523772,1.11972916,2.09761620,0.18374687,-0.19960006,0.49355531,0.98838168,0.41594616,-1.49004447,1.01151395,-0.05835872,2.80775476,0.45756638,-0.17263886,-0.87010050,0.29804578,-1.75976431,-0.24781987,0.75125307,-0.30707258,-0.07427269,0.11228888,-0.97941518,0.78756851,1.15335703,-1.15977538,-1.40821123,-1.18795121,-1.49729121,1.06513035,-0.84600037,1.29077017,-0.15994973,1.36726439,1.08041823,0.02486066,-0.01103206,-0.17124581,-0.57171690,1.47660947,0.83203441,0.83075649,-2.17272925,0.15550743,-1.22644711,0.37768388,-0.08728144,1.17616308,0.39525998,-0.75309980,-0.12366752,0.04503228,-1.61557889,-1.73419929,-0.56475061,0.37222645,0.31608048,1.06570709,-2.21618676,-0.75911075,0.54831451,0.06828246,-0.13038382,1.30879879,-0.72783297,-1.72417390,0.50298148,-0.11755703,0.77352357,0.54488182,-0.98039806,-0.67064285,0.54735410
-0.66098249,1.46804118,-0.53856361,0.59649652,0.70432079,-0.83273691,2.15508628,0.18768393,0.45715293,-0.44333443,-0.52268976,2.12372899,-0.67380232,-0.70254993,0.67928904,-2.01836467,-0.16489002,1.32635748,-1.29814839,0.86591750,1.08184242,-0.76991546,-1.39531410,1.39760947,-0.33950007,-1.43074203,0.11673007,0.77859145,-0.66112876,1.08018076,0.22095369,0.30126193,1.14499462,-0.39081231,0.02799634,1.71164846,-0.28344622,-0.33492824,-0.45956740,0.60482275,-0.45642072,-0.34003842,0.52920341,0.17653811,0.49588054,0.54024792,0.12371920,-1.91869783,-0.21800947,0.65638757,-0.14005998,-0.13673808,-0.07167514,-0.19516616,-0.51951045,-0.70923603,1.21275234,1.64726985,-0.24214165,0.02261763,0.80955762,1.65453863,-0.00401994,-0.52516770,1.42890620,-0.14098933,0.47280321,-0.77363008,-0.69411045,0.03218191,-0.47161385,-1.76194036,-0.77929890,-0.49189365,0.75882220,0.04804058,0.51374745,0.83522391,0.31617779,1.03859973,-1.44628990,0.46330634,-0.10901280,-1.02399552,2.51689339,-0.92254198,1.21279979,1.09267807,1.91723514,1.13844967,-1.15800822,-0.32236031,0.82757419,-0.12077755,0.69865328,0.27353734,-0.80124778,0.27855158,-1.16956246,-0.51473802,1.12269330,0.86065769,-1.67192757,0.11734413,-1.45618796,-0.79004312,-0.60477811,-0.25564206,-1.00681973,-0.91062260,-0.13657779,-2.34485126,-1.41690958,-0.78734863,0.52871674,1.55641949,0.52768070,-1.08015466,0.50123841,1.17014849,0.50070667,0.24074732,1.21401012,1.04324305,-0.25937080,-0.95238513,-0.18228644,1.55266857
-1.50640655,-0.36424494,-1.66450369,-0.08444025,1.86201525,-1.68225443,-0.59074914,1.30761385,1.70233524,-1.92924917,-1.08161962,1.48734188,-0.50694603,-0.91322821,1.76793373,-2.44178271,1.44894052,1.37409067,0.40650260,-0.87463707,0.38603163,-3.26883388,-0.66891670,-0.28824085,-0.19085936,-1.06253850,1.58598900,0.72201461,-1.78107607,-0.43054274,-2.07294273,-1.09453070,1.75341594,0.88659358,1.74542284,1.07714176,2.13306665,-0.31460863,-2.01733017,1.77726865,-1.22131419,-2.71087432,-0.30041832,-1.88149011,0.40494353,-0.22507466,0.15992512,0.24839613,1.35448647,-1.64872253,-0.04797783,0.44440335,2.15979910,1.61191440,-0.64133972,2.63609076,3.80733299,-1.39756393,2.42166543,1.19202185,2.78775024,2.65800786,2.12289381,-2.09689999,1.75447798,0.30860421,-0.81967974,-1.11279130,-0.20923285,-2.02182651,-0.09211886,-0.54005092,0.28623176,1.90312731,-1.29816914,1.41776550,0.71523285,-0.47257406,0.14204749,-1.34782434,-2.23814678,-0.35275459,0.34376603,-1.47445679,0.63235706,-2.41472268,0.22523174,-0.64795357,1.23879659,1.19913912,-0.59199846,-0.13848628,0.74309635,1.44204831,1.26500523,-0.55262232,-0.08130959,0.47371393,-0.05700339,0.19571660,0.60843784,-0.23101327,-0.44905293,-0.62990957,0.09347277,-0.57299364,-0.70677441,0.36678007,-1.78137839,-1.24314761,0.34595108,-0.61783367,-0.73029530,-0.01721425,0.41350025,1.69161379,0.48139066,-0.92911232,0.40917635,0.60033947,-0.05107085,0.32948428,-0.65900946,0.93640351,-0.11504186,-0.79083723,-0.17352298,-0.09834596
0.73676318,-2.34536529,0.01123226,-0.02380295,1.55376315,0.53276736,-0.27875748,-0.09252559,-0.53893185,0.19565359,0.01855765,1.28236949,0.68893534,-0.21375871,0.37269497,-2.83582306,1.67852700,-2.59122157,1.04332018,0.25938019,-0.51409554,-1.42384839,-2.37369251,0.59237194,-0.73916155,-2.20312738,0.65931684,2.36072683,0.59103376,0.92898625,0.41756913,0.41993663,0.49683529,0.18032148,-1.55694306,0.84600085,-1.02999449,0.53128487,-1.73710275,1.07993114,0.19759083,-0.79920304,1.50459743,-2.36553431,0.03168151,0.27194458,1.29189074,-1.16829300,1.32375252,-0.78248531,0.62409556,-1.87976515,-0.89091086,1.24960959,0.96296382,-0.51018345,1.16336226,1.53376234,0.11168684,0.27438763,-0.39398482,0.47554785,-0.21344298,-0.03219010,1.54043579,0.05974205,2.24043941,-0.16837814,-0.13744748,-0.65346450,0.64296281,-1.13530016,0.03932763,1.24364614,-0.25213957,-0.43850684,0.62441039,-1.11191201,1.35062575,1.00663853,-1.76139081,-0.47519583,-0.76778150,-1.73092949,0.69175047,-0.87343752,0.74040991,-0.01956569,1.82894039,0.56650394,0.56937861,-1.09015477,-0.64530569,-0.24491632,0.26956847,0.40456441,0.58897704,-1.26995385,-0.51329935,-1.33832479,1.41230571,0.43870887,1.38908720,0.31241786,-0.90871787,0.18819974,0.38352656,-0.53994453,-1.40210974,-0.23021942,1.23283350,0.15885128,0.06052478,-1.11378181,0.10160256,0.66857469,0.67414492,-0.59554476,0.05200417,-0.59700435,-1.53061140,0.68687254,0.74865913,0.40919214,-0.25859463,-1.31820345,-0.64359701,1.08809996
-1.26679683,1.38632238,-3.00525522,0.63098931,1.23046064,-0.56467295,1.28516650,-0.55478609,0.63044447,1.15283406,0.87572777,0.72976798,0.47040290,-0.22706430,0.90077335,-1.74770987,0.20837508,-0.28897351,-1.01176751,-0.55456394,-2.06647825,-0.80294019,0.99916124,1.07713723,0.64448941,1.42836607,0.23152336,-0.07887659,-0.50439084,-1.28285944,0.59114563,-0.15825358,-1.00557983,1.25829959,-1.01138854,-0.30648595,0.79215455,0.76360542,-0.27793401,0.34932110,-2.89181042,-0.27890924,0.30261025,-0.62928718,-1.07678008,0.94118232,0.29386899,-1.01213944,-0.27767825,0.62609547,0.41565734,0.55229867,0.94400835,0.12244493,-1.11745167,-0.25352848,0.20827076,-0.78842211,-0.73921657,1.22722363,0.45887741,-0.30475330,-0.25042659,-1.26186514,1.46852660,1.44155967,1.37873089,0.24581206,0.22582285,-1.26669717,0.45254588,0.19602540,-1.12003434,0.02819926,0.01705012,1.00334287,0.59919161,-1.12076354,0.24930672,-0.97177672,-2.49840808,0.49625081,2.12468433,-0.52279270,-0.04192669,-1.00550365,1.06126535,-0.85755938,-0.03813235,0.24934179,-0.89239901,-0.31508717,-0.32225966,0.23986399,0.31998086,0.90961599,-0.41864556,0.81953406,0.08556806,0.66960621,1.11666667,0.42631409,-0.93386072,0.52644128,0.06429691,-0.50320601,-0.92919421,-0.39234251,-1.00230193,-0.88625765,1.46053541,-0.45209688,0.78433841,-1.42532158,0.34384045,1.61052859,0.87016207,-0.95120257,-0.73172355,-0.56614256,-0.04990773,-0.41330388,-0.58517015,0.11353580,-1.27431524,-0.74102914,-0.02443480,0.80253094
-0.39560264,-0.58482957,-0.18169107,0.62673366,-0.59870529,-0.59013855,1.07006145,-1.86634588,1.42880869,0.17296569,1.79072785,1.38602901,-0.81529534,-1.06373262,0.58802259,0.26783624,0.08313954,0.25547042,0.76595652,-0.32348913,-2.99454832,0.85725302,-0.96472144,0.99747920,0.64846969,0.85433131,0.20077187,0.02476158,0.59675652,-2.22985029,1.34360588,0.10729615,0.67424971,-0.72678220,-2.02512288,-0.12740757,0.60303503,0.32420528,-0.76763976,0.20369199,-0.63852084,0.68295884,1.79706991,-0.67180133,1.91037107,1.34443069,0.78270847,-1.69245374,0.16286281,0.33436093,0.86039996,-0.55737364,-0.29270655,-0.20159231,-0.36123469,2.31111217,-0.07091567,-1.18114722,0.13331106,1.26702178,0.64538151,0.06741013,-0.01531298,-0.96051657,0.69141829,0.93437839,1.68702102,0.63516283,-1.04774570,-0.62581462,0.95598412,-0.58344156,-0.81448889,0.01521955,0.11585013,-0.68747890,-0.05462019,-0.82068712,1.33080530,-1.62359011,-2.10980010,0.44492397,0.11723833,-1.43050778,0.60687482,-0.16571486,1.59880984,-0.26693180,0.96075678,-0.22192521,0.02249626,-0.21018603,0.49466571,0.27812478,0.43298048,0.62365878,-0.95616710,0.39439684,-1.19604313,-1.47853458,0.13437046,-0.36294785,-0.52142990,-0.19428043,-1.03842223,-0.46425164,-0.71223152,-1.52838421,-0.14642596,-1.19313073,1.32172155,-0.51137388,0.78439307,0.18230765,-1.11571765,-0.53249305,1.68513775,-0.33337963,0.19816144,-0.15574157,-0.21751873,0.49494568,1.26235569,1.97667217,-2.20518255,-1.97767818,-0.77434242,1.26848328
-1.34469688,0.25011003,-1.63933396,1.06136429,0.07803956,1.01586080,-0.48735115,-0.09607795,1.47133005,1.52794099,-1.91099823,1.14552414,0.37501603,-0.55391550,-0.43396646,-0.75456333,1.56529403,-0.01225902,2.41418409,0.12811373,-2.03127289,-0.94794017,1.30888224,-1.12477386,0.88712251,0.36840099,1.06476212,-0.03201436,-0.49786818,-0.96592361,1.36962414,0.40997949,0.59905720,0.30214205,0.78798354,-0.74135572,0.83024889,0.96334672,-0.45981500,0.80563086,-0.01507682,0.09682061,3.36962509,1.67818594,1.70345187,1.45966911,0.26996124,0.01309331,0.16433650,-1.63299310,2.20192289,1.12983465,-0.61984980,-0.61334425,-0.30862522,1.12843478,1.22048128,-3.45131874,-0.43369305,0.10044189,0.52833110,-0.37287265,-0.38428709,0.25678551,0.76675731,0.84677285,0.54857266,-0.07724877,-0.52895337,-0.55482048,-1.53770268,0.14710735,-0.41619417,-0.23228213,-0.72713727,-0.13802475,0.05363861,-1.88337910,0.81403494,-0.36990553,-1.18838954,-0.62876320,0.43678212,-0.24544013,0.10676667,-0.47444111,1.82670450,-0.02584073,0.83565915,0.82783216,-0.38361147,-0.63053459,0.54769462,-0.19629356,-0.45415097,-0.44137308,-2.38357615,0.40239385,1.37343788,0.67642069,0.20356432,0.11659089,-0.53197587,1.36301422,1.24236751,-0.79021138,-1.19114816,-0.93287033,-0.97230273,-0.50522172,2.11507344,-1.36986089,0.55680013,-0.97901893,0.36289695,-0.01322288,1.52597404,-0.78350329,0.39472857,-1.08899057,-0.79382199,1.22728443,-0.08420254,0.75226009,-0.72065228,-0.56202614,-1.55825138,0.32546896
-0.93202209,-0.50717306,0.51347142,0.29267284,-0.16661583,0.23504880,1.26748884,-1.33159602,-0.69988304,-0.58868277,-0.54371995,1.48562551,0.65583462,-0.70540124,0.33493009,-1.20344198,0.62474358,1.44986689,0.98314953,-1.00067663,0.49000508,0.11850736,-0.92332733,0.91916996,0.26791215,1.29146433,0.57261842,-0.29367420,0.08188064,0.95871085,0.25590420,-1.40656173,0.26096678,0.90645719,-0.08981759,0.05920347,0.81523144,-1.12196898,-0.41125602,1.14654577,-1.06770861,0.84402311,0.97949070,-0.22144978,-0.15327169,0.87016326,-0.07792950,-0.64645773,-0.57992208,-0.28925747,0.77311540,0.11904685,0.50497472,-0.09549578,0.30021369,0.61900681,1.56579244,-1.02698576,0.04155169,-0.07142895,0.94175678,-3.04433584,0.86339718,1.66539669,0.58736229,0.54667121,0.64637041,0.38293833,-0.43774408,-0.98910600,0.14669706,-0.72968209,-0.10437678,-1.14943755,-0.05391796,-0.31205967,0.44968837,-1.33710241,1.72651768,-1.33759642,-1.59064579,-0.23984163,0.72461230,-0.82764274,0.32426515,-0.02942046,0.75795966,-0.12920621,0.85345358,1.03496313,-1.36165488,-1.64034986,-0.56761616,1.33618641,1.22295058,0.00220888,-2.39390564,0.32745221,0.45091090,-1.30053043,0.19477530,1.14041948,-0.21486908,-0.29553342,-0.02626929,-0.98275203,-1.50137794,0.10734940,-0.63984424,-0.55881000,2.28279281,-0.06400177,0.20726630,0.71006614,-1.31601357,0.05211274,0.88850445,0.77316648,0.06831942,-1.30698097,0.14540106,0.27909029,0.79579407,0.79256201,-1.84191906,-3.01824117,-1.02891612,1.08318245
-1.18564034,1.53225756,-0.44585425,0.65013725,1.57322991,-0.61596167,-0.82261056,-1.22325504,0.00468158,-0.35513556,-0.04608852,0.26040128,-1.49209869,-0.91072249,1.02057302,0.37195429,0.75470942,0.13447650,0.80548155,-0.36381572,0.98018712,-0.45632955,0.05964123,-0.36510840,0.01569777,-0.08551010,0.33769569,-0.12537755,0.65792018,0.08542271,0.23204786,-1.50696504,0.85299528,2.81624889,-0.86080903,-2.26920056,0.76861376,-1.04694855,0.16684206,0.18721130,-0.28459945,0.04612657,-0.01786157,0.04440371,-0.63277656,1.68529510,-1.92414427,-0.49473086,0.64843506,1.42014468,0.99548525,-0.37830076,-0.19200124,1.36829364,0.84352452,2.48663807,-0.79469949,-1.48364735,0.36168003,0.51753891,-0.85510510,-0.08429168,-2.19321060,1.08335483,1.66392863,0.76739210,-0.19807284,-0.15815616,-1.29631317,-0.56291848,0.58386439,0.15564966,-1.24603844,-0.50227517,1.25691330,-0.63443339,0.45703462,-1.70518434,-0.35744053,-0.33105072,-1.17102253,0.14555213,1.06963968,0.47166726,0.30432376,-0.77381080,-0.14638621,-0.50465983,0.57626933,2.32041311,-0.14376132,0.15151794,-0.57313687,1.23820317,1.20002985,-0.96782857,-1.11562538,0.36034086,0.51696414,-0.89697182,2.25897813,0.00963606,-0.34793657,0.07799689,1.21161747,-1.45900595,-0.72769511,-0.34474921,-0.84427857,0.40742144,1.44310927,-0.30008900,-0.78453749,1.34296274,-1.73162127,0.92153108,3.20412946,-0.55746198,0.26852092,-0.59880340,0.05870747,0.42373577,0.40890419,1.12962651,-1.15773857,-1.33934152,-0.08017918,1.09673822
-1.25972593,0.07177691,-2.16577196,-0.21171936,0.31013393,-0.08676060,-1.00367403,0.25540242,0.61993992,-0.51587272,-1.93607509,0.78941858,-1.62467384,-0.21158805,1.10899568,-1.54005361,0.89624512,0.13799392,1.43414831,0.13835822,-0.44207001,-0.68506861,0.10953633,-0.85534680,-0.27732262,-0.60352200,1.29543722,0.72638041,0.10892327,0.19238341,-1.99969923,-1.16612566,-0.06037576,0.91156971,0.64931631,-1.42654896,0.91896707,1.07625198,0.71815419,0.81744337,0.97698778,-0.29861230,-0.06687582,0.24189964,0.58216262,1.79643130,-1.40800178,-0.83561558,2.22861075,-2.26512742,1.92868578,0.54087734,0.29364800,0.79384857,-0.41189355,1.07316899,0.13818619,-1.70636046,1.32997048,0.37636656,0.36742190,1.04373479,-2.21692109,1.46138489,1.12170935,1.28559911,-0.26390061,0.18116133,-0.12443750,-1.01192772,-0.18619341,0.16565707,0.52162540,1.82399201,-0.50461173,-0.63978767,0.18531704,-1.60975480,-0.97785413,-0.27822745,-1.34293425,-1.77319765,-0.28116530,-0.22010529,-0.89412451,-1.29807436,-0.55253655,-2.58157611,1.09935308,1.13161755,0.49568486,0.14431116,0.32318211,0.41051760,0.00199239,-0.06578559,-1.61995327,1.28943837,-1.16048944,-0.06285495,-0.79602003,0.04280242,-0.55012155,0.57389891,1.32171309,-0.17277947,0.04688772,-0.79787672,-2.37653446,1.04353523,2.32765079,0.97155690,-0.82710832,1.04113674,-0.39113343,1.70435035,0.05825824,-1.64546418,1.55778849,-0.88065225,-0.74054384,1.22137916,-1.64483476,0.07618720,0.24790989,-0.82849330,-0.84075505,0.75380951
0.15292463,-0.63615608,-1.04872215,0.93563753,0.36174652,0.89800596,-0.79060739,0.34711483,0.37735969,1.87874436,0.63193399,0.67548919,0.72885233,-0.08415969,0.41838020,-0.56374878,3.22326660,-0.32268292,1.01695192,2.05275869,-1.11746836,-0.36427251,-1.38700140,-0.58342993,-0.36638916,0.49470741,2.22904491,-0.48266289,-0.87499982,-0.79673362,-0.77875382,-0.92749006,-0.69595301,-0.03332007,0.66873348,-0.83449006,-0.57434201,0.24285856,-0.38776356,0.14814255,2.22308350,0.74844527,0.00634693,0.50360507,2.62692094,1.45936716,0.09621734,-0.42826402,1.12615669,0.01425350,-0.58119160,-0.06893893,0.52278626,-1.41563654,-1.27209997,0.25890914,1.00089765,-1.10535467,-0.45161676,-0.47462240,1.34177887,0.20476878,-1.33991838,2.37790728,1.02759266,0.60594547,2.14026213,-1.43596780,-2.21250558,-0.15131731,-0.73411882,0.29491058,-0.36629599,-1.15549600,1.56223714,0.10895417,-1.14074576,-0.04220951,0.20969771,-0.17924112,-0.06211204,-0.18020669,0.18830045,-0.90748787,-0.24108548,-1.16567767,0.12518841,-1.31969130,0.95708174,-0.09844871,-0.69798434,-0.52107680,0.24102074,-0.41024831,0.81221217,0.15369225,-1.10615790,1.04120076,0.93265522,0.98537564,0.49309564,1.26579523,-0.55228484,0.87273997,-0.01166219,0.07307061,-1.03350794,0.42308658,-1.85704708,0.17534284,1.46790195,-1.72847426,0.81819826,-0.18457307,-1.52201021,-0.39013699,3.00729561,-0.45179808,-0.50687081,-1.13121796,-0.85192710,1.03690720,0.19097620,-0.02407767,-0.90698993,-1.32858169,-1.17504728,1.72171712
-1.20026481,-0.34664243,-1.12282968,-0.95174360,0.25211775,-0.37360442,0.49329102,-0.00492170,-1.38243520,0.09678958,-0.25624189,0.67042691,1.19435000,-0.04060965,-0.09316811,-0.32635850,0.07350095,0.50444609,0.23458789,0.53621799,-1.11397517,0.48552009,-1.53913391,0.85006124,-0.79120088,1.76111627,1.08023047,0.54384786,-0.71190387,-0.16061872,-1.61573446,-0.78054667,-0.29181561,0.38935930,-0.60887295,-0.22071518,-0.09040179,0.18232252,0.58637786,0.96076071,-0.39525732,-0.75282860,-0.12706292,0.14088841,0.92595726,0.90404713,-0.81611419,0.38857266,-0.74280179,-1.17676520,-0.02854815,0.18945515,0.62331712,-0.91217721,-1.01230860,1.74891317,0.87942713,0.24522479,-0.84711367,-0.19036137,-0.19345319,-1.56222439,0.00693252,2.02175975,2.00670123,-0.05570249,1.33932102,0.31322408,0.00517267,-1.11905050,-0.25924802,-0.09519372,-0.70546412,0.82819575,-0.68569100,-2.15078139,-1.74258482,-1.44618309,0.75108248,-2.15366483,-1.14607823,-0.46590799,0.50293720,-0.59026104,-1.82843542,-0.83965248,-0.16847947,-1.33545256,-0.91541427,0.08457347,-0.64604688,0.68971211,-0.09432858,0.47432363,0.83235192,0.09077013,-1.43141043,0.11769171,0.12563090,-0.62468725,0.27511087,0.46608064,-0.33642939,0.13135618,0.50769061,-0.27439758,-1.23719931,0.20438381,-0.43737987,0.91529775,1.53325951,-2.10618711,-0.79926497,1.23331892,-0.21447822,-0.13789144,1.00249696,0.22798307,-0.23395570,-1.21314144,-0.98839104,-0.82826459,-0.70230073,1.02502465,-1.81017029,-1.94682872,-1.45457947,2.14671445
-0.56133991,-2.62000346,-0.66851664,0.47437561,1.22304106,0.82840943,-0.51994079,0.72498089,-1.43628395,0.22668582,-1.82362938,1.42212319,1.12944400,-0.14016338,-0.26057848,0.05938741,0.13259029,-2.09807825,0.27915916,1.80694342,-1.59594119,-0.72522032,-0.48712680,-0.36239588,-1.67841911,-0.91636872,0.43315351,2.78949881,0.56514275,-0.03860603,-0.42381641,-0.05465414,0.69252306,-0.19839039,-1.48907924,0.08998196,0.24021795,0.08969019,-1.05258071,0.79692423,1.81062901,0.22300735,0.20306292,-0.75077248,-0.03158984,-0.33103821,0.57904893,-0.46756354,2.54201603,-1.94601166,1.70719576,-1.70315766,-1.19519794,2.45827127,-0.35636008,1.35806918,0.43508244,2.00930476,-0.42034930,-0.84139132,0.41632700,-0.43131626,-0.40627521,-0.62723053,1.41683197,-0.29734173,1.92265117,1.12629962,-0.71463597,-0.83820122,1.24103868,-0.12541959,-0.42986432,0.81117612,-0.40969968,-0.71452582,-0.44551021,-1.04812944,1.04000688,0.15613350,0.21924964,-1.71920764,-0.91297340,-0.49048179,0.91449380,-0.14565286,0.25631183,-1.43780279,1.63810861,0.76064259,0.11190452,-0.21517591,-0.71210557,-0.60862070,1.33119059,0.66762024,0.02209540,-2.05151582,0.04911754,-1.41685152,0.06383838,0.59317523,1.52110493,0.95287621,0.01929985,-0.36886257,-0.51866370,-0.81421089,-1.62655365,0.39731219,0.74718922,-0.66364062,0.70826674,-1.02330005,-1.68041718,0.72760278,1.16428721,-0.28678238,1.38762593,-0.74407953,-2.49904299,1.04855418,-1.20338821,-0.13756135,0.61585659,-2.07598329,-0.80679923,1.30046570
-1.07250094,-0.61126763,-0.31157005,0.75482285,0.42561966,-1.17888081,-0.42832708,0.48189187,-1.51019704,-1.71260655,-2.35568833,1.11697769,1.81130195,-0.00678371,0.44702366,0.08954037,-0.16490269,0.39370275,-0.40838036,0.86771929,-0.17652892,-0.33240059,-1.12330842,1.70744920,-0.74650741,0.60079086,0.99670595,-0.28373113,-0.71413898,1.19408619,-0.23519790,-0.36319405,1.43551075,1.32642519,-0.78029072,0.25929388,0.55991948,-0.29678246,1.30326366,0.89245880,0.21267727,0.45727506,-0.43493041,0.37603220,-0.65120071,1.10240436,1.06320024,0.53147691,-0.33166224,-1.92688537,-0.13360658,-1.07594979,0.64626217,-0.51497412,-0.37155783,1.69659770,0.61817938,-0.55624378,-0.70144713,-1.86057019,2.43685961,-0.61363924,0.02445870,0.72852558,0.90469635,0.50641245,0.09262802,1.44315267,-0.59059381,-1.63139141,0.12174074,0.75995988,-0.45832089,-0.14630622,0.58885014,-1.67699385,-0.97833586,-0.45330226,0.51150012,-0.76133859,-0.20211433,-0.01813946,-0.11076665,-0.32680094,0.58471245,0.07815778,-0.12592310,-0.59879237,1.03848124,0.86779416,-2.78884983,-0.31053340,-0.66511053,1.36774468,0.91424650,0.00415908,-1.73800242,0.01502573,-0.12406115,-1.60948265,0.38928714,1.28509641,-0.61552137,1.23848438,-0.18347286,-0.59316492,-1.61195588,0.43183151,-0.28354716,0.37135172,1.47550988,-2.01600480,-0.41033363,-0.23171006,-1.04070234,1.65376496,1.90340030,-0.74364388,0.31949508,-0.16394652,0.06551768,0.16171920,0.03471342,0.91474211,-0.55256432,-2.79807281,-0.48023802,1.85633206
-1.66026890,-0.90397125,-1.29590356,0.78245038,1.04899943,-1.26326966,-1.27583790,1.69757783,0.84851801,-2.85401201,-2.61286378,1.97860122,0.13201241,-0.20380841,1.94419420,-0.17387295,0.38636529,1.49439251,-0.37207770,-0.33993208,-0.28765970,-2.14208031,0.17265418,-0.30017704,-0.88243151,-0.58267075,1.51024675,0.22696245,-1.40219963,0.25965467,-2.45417404,-1.57830954,1.58433163,1.16523898,1.40209889,0.91487849,1.82527995,-1.26379955,-1.15421557,1.74457800,0.48737746,-0.98144507,0.45105872,-1.18999708,-0.14916632,0.18212354,-0.16581480,1.56477153,1.66503799,-2.00227809,-0.62259805,0.54236364,1.84614193,1.69812095,-1.21887684,3.45228362,2.98685455,-1.10304689,2.57476425,0.05770707,3.28992605,0.96785486,1.71040821,-1.56185615,2.09974122,0.02667919,-1.86126912,-0.56849343,-0.34879005,-2.10188031,0.71113014,0.69815230,0.30384824,1.73080754,-1.24936497,0.58092713,0.05772530,-0.04652295,-0.10942890,-1.36675906,-0.39208886,-1.06518853,0.52696359,-0.45960033,0.40959850,-1.70380223,-0.32448268,-2.04607034,1.47553647,1.02795744,-1.14525616,-0.13121073,0.29829341,1.55405498,1.32169771,-0.53611392,-0.85354781,0.16260946,0.42008024,-0.53458619,-0.04104058,0.35961458,-0.10287725,-0.17376968,0.74678814,-0.47484231,-1.42748332,0.65454328,-1.08423233,-0.90646529,0.69460142,-1.18308723,-0.94094396,0.46239409,-0.24366900,1.44383383,1.49354947,-0.90578908,1.02288902,0.78580946,-0.67534488,0.36138874,-1.54632926,0.69355237,-0.11038698,-1.88069761,0.00023682,0.24526678
