0.86343443,-0.08529866,-0.39718172,0.28177661,0.30520773,0.11953214,0.71417105,0.04262486,-0.24536541,1.74836624,-0.58293974,-0.92308640,-0.06439611,0.32116073,0.31129268,-0.87817359,-0.80683488,-1.13176548,0.28924632,0.41693783,0.41400486,-0.99251616,0.02335750,-0.53723085,-1.25232041,-0.13480195,-0.01683497,-0.08970088,0.00160471,0.65446985,-0.90391701,-0.55721629,0.43213841,-0.15624885,-0.47313571,0.87429291,-0.40059960,0.54350269,0.88334727,-0.21607602,0.00026290,-0.24254316,0.05783305,0.52739906,-0.44503111,-0.34447074,0.73231566,0.81457293,-0.43392077,0.53034925,1.22466147,-0.21612760,-0.16897380,0.19540873,0.05537784,-0.20128387,0.45384452,0.23651993,-1.28512180,0.26716372,1.07258630,-0.58459592,-0.07149714,0.08391441,-0.05049281,-0.38366240,0.17410997,0.29061091,-0.22611973,0.30753818,-0.35492185,-1.26414216,-0.01373273,-0.54948676,0.29825506,0.38304937,1.31146407,1.13809085,0.49246645,-1.48333275,-0.00478141,-0.94705415,0.34817505,0.72910702,0.00639365,-0.96827877,0.87491286,-0.70794344,1.51900458,-0.15409736,-0.14918536,0.49013913,-0.10617493,0.44177932,0.38130417,0.61149597,-0.09389596,-1.40592873,0.23324475,-0.83077145,0.43520287,0.47332835,-0.43128464,-0.71673483,0.58049417,0.78046280,0.25486502,0.08325633,-0.70509291,0.18314891,1.11502612,-0.83073932,-0.94262004,-0.18213642,0.00507720,0.62558359,0.80043465,-0.22785650,0.28042901,-0.53765273,-0.81512511,-0.61230725,0.25884941,-0.03648702,-0.40868911,0.30439848,0.09066688,0.34761307
0.21060285,0.02935891,-0.87383759,-0.38708642,0.42420042,0.31524953,0.26167715,-0.77585924,1.24332631,-0.85380566,0.09407926,0.82416928,-0.13355899,-0.93584138,0.72543550,0.57227123,0.48005623,0.12745482,-0.42627624,0.35076073,-2.26636577,1.16099036,0.70118701,1.87677670,-1.39088464,-1.39074922,0.05574574,-1.57273853,-0.30579400,1.54747200,0.01770476,0.62389469,1.31154966,0.12917188,0.03972064,1.41850543,-0.85996425,0.68971360,-0.50856042,-0.18398261,-1.05594945,0.84274578,-0.55645907,0.99169618,-1.22980762,-1.39199364,-1.23794329,-0.02390502,1.59748840,-0.02020475,-0.47000647,-1.44780838,0.54102856,0.51103497,-0.44168836,1.60043848,-1.17412949,-1.77352822,-2.26433945,0.19556448,-0.88864243,1.10508358,0.30910200,-0.94140422,1.06592202,-0.30261743,0.20902780,-0.86859983,-1.39157844,-0.68757099,-0.73175228,-1.38523757,-1.46886730,0.39503285,0.69478154,0.71777654,0.41105473,2.18633914,0.13667299,-0.41021585,-0.80422658,0.28835577,1.57966125,-0.70411658,0.97360563,-1.59318483,-0.47963262,-0.10391232,0.22300898,0.72017252,-0.08462861,0.42917085,1.36139297,-1.21123505,2.47150207,1.45454454,-0.53575277,-1.45665717,0.07155509,-0.44197154,1.50820374,0.27196249,-1.12578845,0.70786864,-0.32536355,-0.47697282,-0.52864188,0.31406087,-0.60484546,-1.05568910,0.44704071,-0.99753535,-1.31044376,-0.07890087,0.41947734,0.84110618,1.46329796,-0.55479574,1.30770063,1.14130640,-0.97454512,-1.26511955,0.14842895,-0.10675630,-0.10725892,-0.40245688,1.33620286,2.49313903
-0.13413639,0.94455153,-3.13431787,1.04938698,-0.17064059,-1.32254887,-0.38581330,-1.35239697,1.15449011,0.49753055,-0.24898914,0.36425248,0.24408410,0.84649926,1.54872537,-0.64228779,0.18399799,0.20407125,-0.86739564,0.81232291,-0.56007844,-0.19620603,2.51691604,1.31800747,-0.48829338,1.30860949,-0.44090682,-0.20500003,-0.20625524,0.80666721,0.28186291,-0.43803790,-0.90968752,0.78125733,-1.31093276,0.50446498,0.66600513,0.67938960,0.51944894,0.46979737,-1.23159754,0.66767657,0.11738072,0.68343771,-2.61066151,0.04875638,0.48253378,0.42586333,0.20280091,0.21731070,0.22826305,0.59003758,1.87394166,0.89914048,-0.97263980,0.05774245,-0.80203378,-0.77337277,-2.87742114,-0.03899734,0.47731757,-1.28750038,-0.28869644,-1.15261376,0.76627749,-0.50869036,-1.14826393,-2.10140085,-0.23468289,0.73826802,0.19782583,-1.09618986,-1.00569820,0.55461353,0.40099856,1.43912935,-0.32682681,0.92050821,0.33818817,1.48253810,-0.38363791,-1.92161691,-1.03216040,-0.84873450,1.47106826,-1.38456857,0.90926492,0.33635005,1.10506749,1.55829322,-0.31686583,-0.85613960,1.80474854,-0.14835952,0.77438122,-1.18014693,-0.36861831,-0.17064856,-1.51040339,0.79419267,0.90606397,0.93737292,-0.35291782,0.12995747,-0.07939070,-0.80936617,0.37590095,-1.54940689,0.15364152,1.18730199,0.29681867,-0.97616512,-0.24526134,0.42439410,0.24985896,0.42480385,0.96935743,-0.35492510,1.49862039,-0.31295192,-0.49946523,0.17540845,1.53461397,2.28450084,-0.78632689,-0.34790567,-0.19380185,1.39471066
1.12172127,-1.55115056,-0.25312454,0.84563303,-0.72426999,-0.26866832,-0.48080456,-2.91537786,1.36540556,-0.41600189,-0.01444575,-0.09931326,-1.09306288,-0.93571931,0.48666617,0.22125573,0.57367855,-1.33754885,0.78532004,1.58836555,-0.52390832,0.36242601,1.10508549,0.66196108,-1.31755495,1.09705925,-0.93585843,-0.89901948,0.88537556,0.56337035,1.39636815,-0.31431809,0.42273301,-0.91627407,-0.73404396,0.46772963,0.70921230,0.58872199,1.77122891,0.07854781,1.06117916,0.37161443,1.26999652,1.20083332,-0.96634716,0.15467145,-0.18669277,0.07553244,1.23922193,-0.22276115,0.57083738,-1.25646472,0.33117536,1.18853736,-0.63280308,2.69768906,-1.22154474,-1.50802600,-0.84588701,0.24714199,0.30449289,-0.04222657,0.32938671,-1.73889732,0.71213943,-0.27924830,0.47705409,-1.50804901,-1.27064657,0.00868100,-1.31575608,-0.58069903,0.52772665,0.42331076,0.37567720,1.09716797,-0.95028472,-0.10402741,-1.36612022,1.53754163,-1.68704271,-1.20505977,1.53312087,0.38306987,-1.95069361,-1.46933007,0.48901725,-0.10666944,0.51293927,1.94808817,-1.11266613,0.53340423,-0.33894369,1.63758409,0.27690542,-0.12209155,0.10955566,-1.10160661,0.72415292,1.59739673,1.47452688,-0.40718907,-0.48161280,1.05771172,0.30608496,-0.31468970,-0.09663267,-0.92726701,-0.03307587,0.30729854,1.24917412,-0.35453185,0.42251995,-1.91532242,0.42490220,3.15876603,1.19606280,-1.70860791,-0.34275529,-0.63286799,-0.00759013,0.55035228,-0.46005565,1.09943390,-0.30308226,-1.19246125,0.05239202,1.16967130
0.13556546,-0.41948187,-1.71896195,0.18420646,-0.55438483,1.45063829,-0.93634981,-0.38555959,0.95034969,0.69417357,-1.26700687,0.44251001,0.44670814,-0.31997705,0.01940113,0.47914410,1.66853619,0.67302990,3.30824447,1.40143287,-0.50463241,-1.28323841,1.21580219,-0.41636509,0.03664434,0.09597625,1.10459459,0.07741537,-0.66739702,0.65665078,0.43274629,1.03294384,1.09619844,0.30990615,0.89081407,-0.30884308,0.10381415,0.88214952,1.18587518,0.98379993,0.75519907,-0.91692883,0.63525361,1.65522087,1.29771709,0.60257757,0.49260369,1.63403690,0.30799431,-1.34764326,1.74003291,1.98450816,-1.01036787,-0.48299643,-0.17287239,0.52022707,-0.59063756,-2.84167552,-1.47971904,-0.73625660,-0.10143536,-0.31690893,-0.17480248,0.69206423,0.40469193,-0.69116962,1.36109173,-1.44973421,0.39500219,-1.90951252,0.18057621,-1.52779233,0.07697281,1.12061560,0.15825722,0.16530098,-0.73671544,-0.23479787,0.63531691,0.10059302,-1.22264898,-0.06924030,1.08563197,-1.06961584,-0.44778481,-1.60923231,0.99119318,-2.03608561,0.98170340,0.44213855,-1.13282502,-0.54855907,-1.18624902,-1.24065173,0.50769025,0.09781552,0.91420293,-0.70423621,0.07324407,0.17313991,1.98093903,-0.08322833,0.18754485,-0.51111710,-0.36281642,0.40806067,-0.30256072,-0.52265149,-2.11569929,-0.16780905,0.74766183,0.72879845,-0.28009686,-0.75433064,-0.86757004,-0.16990864,-0.57642090,-0.78750366,0.72147560,-0.48647642,-0.16923708,0.73243564,0.75444603,1.31246483,-0.74132979,-0.76648092,0.74217534,0.38288236
1.12761295,0.02170494,-0.29017314,0.54471779,-1.92145729,-0.07928056,-0.73027760,-1.67912865,1.00975692,0.71509290,0.91528612,-0.52808487,-0.13616520,0.56501901,0.43130341,-1.13923824,0.56656623,-0.73360848,1.12415719,2.41766286,0.27123022,1.39468431,0.92113769,-0.38574940,-1.99898624,1.50843000,0.52354002,-1.40305614,0.83851486,1.15463579,0.53809339,-0.38834628,0.56945020,-0.14227495,-0.30750078,-0.64707190,-0.13335948,-0.34191054,0.90572870,0.73745811,1.36927760,-0.16477206,-0.12059078,0.88211292,-0.52010202,-0.95906425,-0.26424918,-0.02465861,2.65061545,0.48498431,0.67232573,-0.49746919,0.21882236,1.71177709,0.06524807,1.48364723,-0.33368516,-1.35662937,-0.44924179,-0.60892129,0.12013119,-0.23505083,-0.21811086,-0.33977902,-0.78872317,1.40062010,0.66385794,-1.75095654,-1.40737987,0.77419734,0.24636190,-0.16558865,0.62558639,-0.87557852,0.35015860,1.34712040,-0.12060986,1.14430392,0.29299477,1.09968317,-1.91733444,-0.65336120,0.40723521,-0.97526455,0.82710654,-1.01917744,0.47332954,-0.91320527,2.08016109,1.52241373,0.32748282,0.79961568,0.14839262,1.11864960,-0.25418785,0.58538687,-0.39097315,-0.35819215,-1.14853525,-0.23703931,1.68071544,-0.17121542,1.14428222,0.65709531,0.48608127,0.59688836,0.25450057,-1.34731209,-0.51021415,0.46323663,0.58614784,0.91722912,0.80438042,-1.29336727,-0.99280387,1.71641982,2.00377274,-1.30413568,1.36414123,-0.38550419,0.24173179,2.58079624,0.90896893,0.96346152,-0.45556107,0.09491591,-0.49911749,0.83578748
0.55153441,-3.62313867,0.03344128,0.22589940,1.50904441,1.09690356,-0.02570455,-0.67478418,-1.64277005,0.61830652,-2.88611221,0.58270812,1.09117401,-1.53436112,-0.28213450,0.66095752,0.00271104,0.31988019,1.38548899,2.12462783,0.34673953,0.31184462,-0.42104045,1.52136207,-1.42885888,0.33594373,0.14327173,1.90628672,0.64919114,1.01236451,-0.40836176,0.68569100,1.04978478,-0.36414790,-1.17611253,-1.35983658,0.79514456,0.32001522,-0.30004185,0.78387034,1.09016562,-1.75589919,-1.70649922,-1.83441544,-1.66281950,-0.76348209,0.24264070,-0.22203960,2.21062183,-1.74758339,0.68881595,-0.52120686,-0.68699354,2.42916751,-1.31669271,0.31634709,0.13617796,1.31207418,-1.58974743,-0.70963430,-0.64446723,-1.00531256,0.60429692,1.05234885,1.30088198,1.38790536,0.09303656,-1.09662652,-0.22459665,0.21986750,-0.93943548,0.42453089,-0.49153966,-0.06626001,0.45444098,0.20163727,1.48594928,-0.07764423,0.09392015,-0.23602773,-2.09045887,0.63400894,0.11326265,-1.90638065,-0.03166835,-1.86009705,0.38751769,-0.61437380,0.92321938,1.50108206,-1.91953349,-0.60498536,0.99520648,1.38076711,-0.39678356,0.48874161,-0.53646755,0.44856745,0.27645186,-0.33947411,-0.23181644,0.02221128,-0.26193005,0.79792547,-0.08056676,0.13093439,-0.86081195,-0.07492901,-0.68168378,0.12448715,0.90226382,-0.79501754,-0.32789648,-0.24436510,-0.40862161,1.63382435,-0.27563715,-0.75853515,-0.68864548,0.14868096,-0.56103289,-0.54955518,0.40309271,-0.02223227,-0.56564677,0.61299944,-0.27259940,0.74319488
0.12621930,0.19353634,0.48907721,0.91017777,-0.17221063,-0.17879590,0.78251129,-0.68984252,0.89369285,0.33914295,-0.44499856,2.29878736,-0.39813918,-0.29374909,1.61244917,-0.00011338,-0.55269825,0.71401405,-1.81995189,3.75188541,-0.76972604,1.74075055,-0.63289285,1.80686569,-1.87008238,0.19705442,0.21769327,-0.51908451,-0.46278608,1.13938940,-0.63393688,0.30961785,0.90646195,-1.31408429,-2.11902142,1.59824347,-0.69408441,0.20144907,1.82997167,0.43977970,0.18291683,0.59648657,-0.56749308,0.73257840,-0.62263972,0.73182327,-2.03829408,-0.22034319,1.68714857,1.67244160,-0.55085689,-0.85054368,0.11111084,-0.23812917,-1.41892648,1.67906964,0.15283996,2.33152604,-1.10755372,-0.84251016,0.25623119,0.10973678,-0.51571745,0.48466605,0.12573439,1.03618264,0.81741738,-0.46336100,0.44753104,-1.26676285,0.94242084,0.10230462,-0.11946762,0.51510096,-0.29010722,1.19136715,0.64833099,-0.21093476,1.28234804,0.15319787,-1.45341384,0.88518709,0.72640848,-1.23171973,1.21442688,-1.32995260,0.03000765,0.70143390,0.99385023,1.62315297,-0.57505131,-0.53617400,0.89471650,-0.21690041,0.08568052,1.24876225,-0.02371220,-0.66906261,-0.69395816,-0.83537090,0.28131413,0.06129957,1.23506391,0.43482107,1.13511395,0.40782058,-0.91762912,-0.75512516,-1.38881767,-1.29303241,0.65813673,0.11696078,-0.83319545,-1.19045079,-0.23459432,0.44835621,0.79545784,-0.99725115,0.30314833,-0.46345294,-1.66173387,-1.64897859,0.94111681,-0.29096398,-0.03208630,-0.24123496,0.13395599,1.88511574
-0.26702332,1.35644746,0.06679675,1.10731435,-1.93717909,-0.14359432,-2.95543480,-0.79148573,-0.17444706,0.85098088,-2.16232038,-0.50475526,-0.20169570,2.47331047,-0.23957661,1.18100667,-0.16920908,0.49504700,-1.81202996,-0.20374729,-1.56192958,0.26124725,1.37070847,-0.06470361,-1.06091130,-0.33846283,-1.67679906,0.23691967,0.36883360,0.01427525,0.31769311,0.17862648,-0.82293773,0.43582878,-0.82781088,1.25467372,0.01576725,0.29755440,-0.89191413,-0.03596330,0.84596109,-1.98496497,2.58776617,1.10573125,0.64947456,0.91418487,0.35819209,-2.60634565,1.40364742,-0.01165283,-0.46817899,-1.42684591,0.72774816,0.34019735,-1.19834530,0.54653132,1.33058190,-0.33484513,-1.17203164,-0.83673942,0.16917002,0.08237963,-0.23399022,-0.57519037,0.50253516,0.32017729,-0.37795454,-0.63045037,0.27653456,-0.33040231,0.96970034,-0.82626927,0.00055411,0.39572734,0.59733617,0.72178316,0.92088598,-1.66937590,0.28496400,0.17038597,-1.28993666,1.03893054,-0.58679366,-1.64112806,-0.65773922,-1.48341167,0.64451796,-0.44642216,0.09748469,0.90619236,0.50090420,-0.08079366,0.62138629,-0.35415390,1.04314613,0.81448776,-0.10757039,-0.66487443,-0.39601842,-1.15763628,0.80054873,0.76885885,-0.24621767,0.17980865,1.51523519,-0.48850811,-0.10388076,-0.12026413,0.56870174,-0.04247452,-0.03192768,-0.82744664,0.18739161,-0.29064575,-0.64585406,-0.15868330,0.18686247,0.19588006,0.66072506,0.43396977,-0.97140288,-0.25798362,0.62726617,-0.39308938,-0.15448499,-1.36428225,0.15247358,0.34908792
0.81669378,-3.03771973,0.85972184,0.77861798,1.48925555,0.93121946,-0.10436336,0.19845912,-0.79093468,-1.06868637,-2.82851577,0.91664433,1.44620705,-0.68337381,0.35067609,0.77974200,-0.24994628,-0.83319843,0.88990319,0.35789609,0.54013550,0.77431262,-0.89760160,2.48133206,-1.62534976,-1.37004185,0.28421134,1.56165624,0.92260283,2.41881990,0.37550479,0.09905633,0.07295650,-0.16824941,-1.13105690,0.45120025,-0.87660527,-0.07543594,-0.76143146,1.46076822,1.34764111,-1.33653414,0.05046463,-2.68342137,-1.99022579,1.17398190,1.45764959,0.62360287,1.29694510,-1.47901618,-1.00287831,-1.36113179,-0.99220568,1.06178391,-0.60402632,-0.02971312,0.64546955,1.21199214,0.40165061,-1.57882583,-0.50389814,-1.14169621,0.60326427,1.20092070,1.29445803,0.76878262,0.63849521,-0.65715003,-0.09812728,-0.26051450,-0.66957903,0.22306991,-0.75475132,-0.29826888,0.58247733,0.33188695,0.71566373,-1.29995418,-0.07746924,-0.09375860,-1.21079016,0.28245670,1.38306391,-1.69250441,0.58793956,-2.14228320,0.58007377,-0.76911032,0.42689303,2.25006795,-0.98545790,-0.22812156,1.45252883,1.60114527,0.48999599,0.99113077,-1.11277127,0.51535100,0.43336049,0.46045843,-0.80149746,-0.25744092,-0.84395778,-0.39973104,0.49342531,-0.25347158,-0.66722864,-0.12185736,-0.97937787,-0.47040951,0.48713079,-1.08147323,0.37614599,-0.68530631,-1.24619520,1.40787041,-0.38842285,-0.59083521,-0.12908161,-0.65071988,-0.23051174,-0.42800391,-1.06080842,0.57153964,0.69379056,-0.13902189,-0.26985118,-0.19343790
-0.77713919,1.53060532,-2.73685122,0.56258339,-0.15702644,-0.63279861,-0.53836465,-0.59736210,0.48376736,0.86430919,-1.10628128,0.74171245,1.14873350,1.93663430,1.28000832,-0.14945351,-0.20433690,0.08044130,-1.11042535,1.04426241,1.26725817,-0.54141164,2.27820516,0.91426778,-0.47113165,1.57660520,-0.75916773,-1.33804560,0.35407162,1.08347440,0.26949012,-1.34888792,-2.08859968,0.72771084,-0.65288466,0.84831858,0.17957325,0.14243232,0.98260999,-0.09259158,-0.33159849,-1.03132951,-0.41902477,0.00973545,-2.28702879,0.80220437,0.91696829,-0.04959150,1.26817572,1.24599385,-0.48702264,1.66423857,0.73785180,0.68048418,-1.12189531,0.52550077,-0.72867262,-0.16870451,-0.62943995,-0.91401124,0.16251341,-0.63116288,-0.66250676,-0.88825887,0.80762184,-0.12966663,-0.99262810,-1.71783257,-0.33855373,1.04733348,0.42072728,-1.09796512,-0.55903715,-0.10029116,0.20400265,1.26103318,-0.33593231,-1.04472172,0.55120587,1.22642887,-0.95586622,-1.63049257,-1.30987370,-0.67332196,1.64083374,-1.18843937,0.43567759,0.14549410,1.20853639,1.39031374,0.17684978,-1.23376191,1.73631787,-0.01049275,0.16103071,-0.98343688,-1.12972689,0.38007498,-1.66558599,0.58084041,1.00525820,1.48391080,0.00963992,-0.22765356,0.04061675,-1.65523958,0.15499938,-1.15925312,-0.27533546,0.87183237,0.09576855,-0.98704082,-0.49760151,0.66117978,-0.09230664,0.43049425,1.69263875,-0.63770491,0.99582589,-0.39090121,-0.14170912,0.31496191,1.71347761,2.10373402,-0.48001334,-0.62307495,-0.45406646,1.00172365
0.16387147,-0.67691904,-0.57461357,-0.40726924,-0.84811401,0.09278044,-1.13260829,-1.77596951,0.15269628,-0.37146103,-0.28200454,0.04179931,0.31365162,0.41022405,0.14361992,0.19667657,0.50839239,-1.58046603,-0.06346199,1.84357369,1.07067192,0.14038649,0.47237524,-0.05116192,-1.38851202,1.11034787,-1.33773565,-1.74929261,1.01316810,0.47822306,0.91157162,-0.77005363,-0.63252413,-1.18321526,-0.01907025,0.89949596,-0.06745672,0.78017420,1.87581706,-0.67277437,1.35838234,-1.84467530,-0.38494372,-0.09731933,-0.29910854,0.42278799,0.68224621,-0.35888380,2.16263294,0.68609333,-0.44249463,-0.50820023,-0.46925986,1.02836895,-0.99700308,2.89494467,-0.96985018,-0.63015556,0.72233611,0.03758758,-0.56855416,1.84000647,0.14630643,-1.62490773,0.84232235,0.03983209,0.52845490,-0.82704985,-1.63343596,0.39578333,-0.96730304,-0.26495165,0.70166993,-0.24115345,0.15118688,0.76801252,-0.86729956,-1.71464145,-1.03722203,0.73707062,-2.03737473,-0.93264216,1.14154243,0.80524111,-1.79350507,-1.04359138,-0.22047444,-0.23785374,0.38903141,1.47615874,-0.26942292,-0.08913416,-0.50550783,1.52113962,-0.07341855,-0.08841296,-0.76024979,-0.58235651,0.13669278,1.64419103,1.55826151,0.36195958,-0.15643165,0.73156106,0.65424931,-1.25934017,-0.25034884,-0.15687861,-0.45171380,0.62974262,1.12041092,-0.48420215,0.28768322,-1.11187196,-0.25221655,3.16940141,2.13006353,-1.94513953,-1.03378558,-0.77166617,0.01876369,0.76759899,-0.62309325,0.61842430,0.18035734,-1.48651493,-0.42706549,1.08363736
-1.06526685,0.45303416,-2.34583402,-1.00887525,-0.43105975,0.97319746,-1.08727014,0.69448406,0.63660991,0.11029717,-0.74210113,0.42261446,1.76257753,0.48864067,-0.65514874,0.48853898,1.09667480,-0.01867016,2.01841712,1.36579239,-0.04917929,-1.45808661,0.83829200,-1.45617843,0.05865312,-0.09888427,0.94991326,-0.20635279,-1.18575609,-0.28844693,-0.08975416,1.18830431,0.31728405,0.01398190,1.42737377,0.34026635,-0.62870622,1.83003044,0.50899833,0.04191974,0.67664969,-2.84348392,-1.06991839,0.30234849,1.86401820,0.99037349,1.84599555,1.42604136,0.46915358,-1.05455148,1.01443946,2.51604676,-1.40999365,-0.64036441,-0.32898736,0.28069946,-0.15502828,-1.68567562,-0.63100886,-0.58748114,-0.71950400,2.41656113,0.06145124,-0.16870958,0.51970363,-0.77463567,1.02936971,-0.56750506,-0.07820596,-1.50313675,0.64363909,-0.50218749,-0.27569872,0.54112887,-0.08539259,-0.30943602,-0.96200943,-1.36507773,1.06231201,-0.92395777,-1.06726515,0.09981801,0.73497164,-0.03696109,-0.45942867,-0.84518790,0.15425478,-2.19806337,0.82278001,-0.40220797,0.03564472,-1.10919571,-1.52085125,-1.10512233,0.01907807,0.11858535,0.22035046,-0.18199541,-0.26818770,0.28311723,1.91771030,0.74745071,0.34666631,-0.56817859,0.21845043,-0.39712113,-0.27215153,0.22060925,-2.23999262,0.47966796,0.92533201,0.34011301,-0.13026607,0.03607723,-1.68986201,-0.32991609,0.35847652,-0.99542981,0.02390012,-0.66991490,-0.40968451,1.12261319,0.32677892,0.80645812,-0.13688639,-1.42365503,0.31649083,0.69748592
-0.00104643,1.39004707,-0.16405822,-0.15148413,-1.39647675,0.00380972,-0.77762389,-0.59333122,1.84107709,-0.20789605,1.50427747,-0.35795406,1.39539087,0.55718696,-0.06540772,-0.07963403,-0.01156408,-2.06874609,-0.63115990,0.57443106,0.50195181,1.45975769,0.87050521,-1.01252246,-1.84750271,0.90741169,-0.05340698,-1.05356658,-1.45392132,-0.67081141,0.95205021,-0.00385264,0.06470039,-0.79519022,-0.58390731,0.82982248,-0.38468999,1.34990561,0.59252524,-1.32554674,-0.39220253,-1.28804910,-1.26305926,-0.61994672,-0.04263420,0.45261967,1.56583560,-0.08219351,0.99084485,0.29399636,0.78439975,0.28947598,0.05526328,1.75120127,-0.03433484,0.91022909,1.35477996,0.55188525,0.40571126,-0.24718662,0.11472097,3.09209251,0.48714051,-1.43182898,0.91098708,0.74360812,1.25390661,-2.17825675,0.42392695,1.10720003,1.10815978,0.34394696,-1.40907478,0.03611401,-0.07534914,-1.47745371,-1.15663266,-1.01649058,0.35621241,-0.16521366,-1.62691867,0.08548169,0.15917814,1.90458786,0.29674110,0.53841877,-0.59619105,-0.78036118,1.02170277,1.18036580,-0.99977160,-0.68767941,0.47310647,0.22285372,-2.22632360,1.73336148,0.52437854,0.04139577,-1.61188936,0.19620112,0.48786217,0.37076175,0.31786677,-0.00726043,1.23633969,-0.71598905,0.76377183,0.01277380,-1.30616379,1.04414809,0.80671567,-0.32748002,1.06504059,-0.94708228,-1.44474852,0.38666299,2.80616832,-1.75252438,0.89642930,-0.70882267,-1.41101897,0.28390765,-1.07294750,-0.10453832,0.67456913,-1.03629565,-0.45663786,1.51841593
-1.43193924,1.83948421,-0.93502784,0.83384567,1.49116647,-2.20543194,-0.64497381,-1.14680362,1.25400615,-2.02057981,0.15586883,-0.56391203,-1.29963362,-0.54843467,0.58517540,0.74762326,-0.76349980,-0.94127834,-0.35776278,0.95078367,0.51662594,0.28272340,0.25031576,-0.63937068,-0.85942304,-0.23887798,-0.22507292,0.43602130,-0.15070117,0.03007989,0.03836784,-0.11712657,0.44847041,2.32200217,-0.95103461,-0.86422998,0.28602317,1.21706891,-0.24735641,-0.55806446,0.13065378,-1.89195251,-1.12702394,-0.83501929,-1.69828928,2.59685707,0.25445902,0.92417324,-1.15352035,0.41023734,0.33052725,0.09003751,0.82285112,0.64468062,1.26727164,1.46735966,-0.50419641,0.09519774,-1.11531341,0.85051751,-0.59805202,2.96289539,-0.71269351,-0.46027261,0.55461717,-0.35973266,-0.57108653,0.12542373,0.65554065,-0.65601414,0.32195577,0.14092715,0.05152443,0.95694458,1.60306776,0.02775449,-0.92425251,-0.86617786,0.66458607,-1.17153728,-1.45679665,-1.40603435,0.27125728,-0.08821246,-1.35436451,-0.01222855,-1.27989185,-1.81199729,0.03371510,-0.16425018,0.93845212,0.47832316,0.57563126,-0.04456119,-0.39310622,0.18964483,-1.75632596,0.20605062,-2.31563687,-1.28592765,-1.90415144,1.30301344,-1.47934735,1.00824475,0.68772179,-0.80142224,-1.04039443,-0.32537007,-0.39962447,0.32015786,1.80160761,-0.46197039,0.14943126,0.33133832,0.28432971,1.90694022,0.13824609,-1.01777482,0.93698394,-0.01382203,0.84373081,0.45998263,-0.57025737,-0.05674519,0.34032625,-1.56695008,-1.08566976,2.01580358
-1.45708060,0.33666193,-1.91253209,-0.85301626,0.61145806,-1.04284537,0.64552414,0.44143158,0.19750507,-1.56084776,-1.07050419,-0.16378051,-1.48293245,0.15266070,0.22660741,-0.26096919,-0.27984065,-0.32039228,1.63410413,0.02075110,-0.07983121,-0.09479563,0.63467550,-1.21799016,-0.72623336,-0.83005518,1.17506099,1.41888356,0.91897231,-0.36729160,-0.35997128,0.70655346,-0.77954054,0.24104799,0.73087329,-0.97411019,0.26935786,2.13814712,0.10156905,0.65602601,1.07102036,-0.58174586,-0.27310157,0.79357976,-0.69334871,2.65786386,0.45299998,-0.42038774,-0.31592682,-1.99909127,1.54194880,0.75935334,0.26036739,-0.64065945,0.57719040,-0.87300503,-0.30709827,-0.94766223,0.28668934,0.15621302,0.39539245,2.62280583,-1.62925911,0.31961137,1.13646102,-0.98048472,0.01225093,-0.46393895,-0.77723640,-0.96151161,0.00592263,1.72423279,-0.13677645,-1.10307515,1.51806593,-0.23182243,-0.15306263,-0.47198400,-0.16784698,-0.44975775,-0.27027476,-0.75019443,-0.26621488,-0.45077077,-0.55214667,-0.99771750,-0.01840699,-1.19100690,0.42689016,0.46967155,0.62884712,-1.34554648,-0.87872493,0.38779467,0.90706027,-1.33487558,0.38160741,-0.14742698,0.47929659,-0.02893322,1.18458724,0.26358730,-0.97840530,0.69739139,1.50175691,-1.04064584,-0.19297737,-0.15508612,-0.76239848,0.19344532,0.94222099,0.58427900,-0.59201527,-1.15615499,-1.63091314,0.25017443,1.87718141,0.92332804,0.10806963,-1.05526614,0.28753635,0.14565362,0.11261839,-0.46814978,-0.10491374,-2.01003551,-0.12644565,0.72578567
0.95514095,0.02106605,-0.73436296,1.26208353,1.64027977,0.22371420,0.58321357,-0.18606931,2.12825203,-0.03173348,0.63036084,0.19056791,-0.58858979,-0.62444741,0.55060816,0.58090520,1.43444252,-0.43055382,1.66023123,1.28143120,1.14083099,-1.13881671,-0.09840582,-0.04010314,-0.09082910,-0.18857275,3.00544238,-0.87686265,-0.26009750,-0.42965618,0.75872481,0.17834201,0.71469414,-1.39823449,1.22426569,0.41573128,0.08232971,1.48569906,-1.48825538,-0.54945815,1.61823797,0.35389575,-0.33127213,0.26007336,0.90212297,2.30525970,1.86475110,0.71810430,-0.93702328,0.09847379,-0.03555648,1.71626854,0.49146980,-1.96621335,-0.64320481,-0.19545227,0.87613785,-0.22310194,-0.47029468,-0.45226398,2.38460946,2.36322641,0.61315167,0.20333888,1.38039994,-0.61274874,-0.98569691,1.46622467,0.73707074,-0.40759772,-0.20024340,1.00857687,-0.37873119,0.36082715,-1.06115842,-0.78279161,-1.02105010,-1.22615159,1.61399281,-0.64036787,-1.39540899,-0.33588076,1.05973518,-0.51579976,0.51004392,0.10676935,0.40419847,-1.85387039,1.68686199,0.74428600,-1.42643285,-0.61627805,-1.35013163,-0.35638770,-0.91901118,-0.04121501,-1.77375877,-1.23314655,0.72887886,-0.28370064,1.18799114,-0.91542310,1.11603391,-0.13845792,-0.25654790,-0.79691285,-0.73305112,-1.11184967,-0.39926282,-0.02573815,1.74202871,0.34861973,-0.64658642,-0.81814432,-0.70335931,0.46041444,0.73585188,-1.18112993,0.64966029,-0.29255563,-1.04759598,0.84032148,-1.23794544,-0.19251090,0.41093442,-1.76389039,-0.26973990,1.01803946
0.04149242,0.73805857,-0.33858621,0.50194007,-1.24630022,-0.81407464,0.80303395,-1.45994258,2.09141088,0.08995378,0.98948103,-0.37881783,-0.83556855,0.28854537,0.10339665,-1.33330333,-0.17945243,-1.06900787,1.45311701,1.17766619,1.45403564,0.35932145,1.50601137,-1.04665089,-1.61287880,0.54640782,0.43714768,-1.43847024,0.95760173,0.46357405,1.38725746,0.17927921,0.58256555,-0.74452394,0.64278704,0.10017905,0.30820686,0.19138172,-0.59240854,0.02355385,0.99580479,-0.42795381,0.78854251,0.25985545,-0.94457841,-0.16556452,1.48550212,-0.89129156,1.46726978,0.88441479,0.51537073,0.20563170,-0.35576934,1.21552777,0.78280425,0.65099156,0.50337321,-0.88622588,0.57148898,-0.06436624,0.54358441,1.40279186,0.90417349,-1.86720753,-0.54777527,1.10521293,-0.32529813,-0.77448046,-1.44430161,0.99773252,0.63081789,1.25673878,0.51458991,-1.62438166,0.24838594,0.47245070,-0.76116109,0.35827589,0.11520305,0.95465946,-0.51457781,-1.19815826,0.47948608,0.45448732,0.74269634,0.07799080,-0.27081710,-1.79133105,2.56919003,0.84635562,0.58240569,0.59024894,-0.57319021,1.25380135,-0.78304011,0.78198570,-1.37234020,-0.17949970,-0.66856718,-0.70798469,1.12423277,0.72055620,1.21020961,0.64667702,0.90359104,0.28797084,-0.23557448,-0.75980371,-0.12045619,0.92683703,0.94939655,0.77329367,0.64399183,-0.54141372,-1.80009460,0.94408143,3.23361135,-1.27881825,1.37627339,-0.37801582,-0.03735116,2.79672408,0.15257177,0.42143705,0.30498561,-1.11981964,-0.71980309,1.14247859
0.06363516,-2.86094832,-0.01339000,0.05481062,2.14351296,0.61193442,1.76865709,-0.74649602,-0.42958030,0.60037923,-2.36086869,0.73448730,0.14366771,-2.13710284,-0.37548527,-0.28458375,-0.12992109,0.37277496,2.15299726,0.81771803,2.10006237,-1.19393420,0.05375670,1.10197401,-0.77539456,-0.61559725,-0.14349392,1.94698584,0.81908745,0.49198347,0.62552285,0.98400140,1.15842140,-0.91316235,-0.24145938,-0.85515004,1.27461755,0.55148757,-1.68174708,0.18284324,0.30978853,-2.52401924,-0.70436054,-2.31971169,-1.87722933,-0.34942114,1.35009420,-1.66082335,1.47909653,-1.04007101,0.71604741,0.12106111,-1.17101121,2.02216029,-0.64309359,-0.58014262,0.89933741,1.21210122,-0.50863183,0.07543578,-0.40366936,0.56631005,1.53766131,-0.11760141,1.52937436,1.15677130,-0.82620525,-0.26959968,-0.31653672,0.56389904,-0.67125785,1.78960049,-0.36573529,-0.83322728,0.47627231,-0.64820117,0.70266253,-0.49933103,-0.19551000,-0.17444561,-0.51363856,0.10770090,0.20423347,-0.73660505,-0.21704404,-0.68658018,-0.49042928,-1.43550408,1.45834851,0.99120212,-1.84610415,-0.47621894,0.17163941,1.26410949,-0.91330910,0.61352974,-1.30245376,0.56143314,0.59192157,-0.74216866,-0.66299665,0.81365043,0.17659786,0.80958343,0.23219457,-0.28166848,-1.30156958,0.45187384,-0.41545391,0.70901835,1.06623518,-0.71289647,-0.67334771,0.76203668,-0.99947387,0.92120636,1.09441841,-0.51789749,-0.71413422,0.30635959,-0.85224378,-0.31997645,-0.68608296,-0.65056777,-0.12468958,-0.32860729,-0.45352101,0.76610392
0.91047251,0.64611155,-0.89997065,-0.55258155,-0.88501751,-0.41925961,0.89073116,-1.72305226,3.34171200,0.54167712,2.14282012,0.21658142,-1.77799547,-0.21685416,1.11366427,-0.66187549,0.08542119,0.30104756,0.91718280,1.78591883,0.08908711,-0.08531594,0.85986447,0.71788239,-0.21289596,0.37697649,-1.04026866,-1.15390813,0.67430347,-0.61414814,0.18609226,-0.16200158,0.38279429,-1.06249881,-0.47331589,0.75137103,0.38524866,1.10269189,0.10117251,-0.51927340,-0.41792214,-1.58890927,-0.23813373,-1.12813544,0.12940335,-0.39234954,0.65770400,-1.13037395,1.88510597,2.53728247,-0.03256680,-0.59713644,-0.82919210,1.04161453,-0.50212681,0.58720636,0.27387440,-0.90103167,0.09843882,0.90738559,-0.33580261,2.12109661,0.43277997,-1.70208323,0.54020619,0.42928401,-0.27183613,-0.04737490,0.76186991,-0.49505359,0.35182661,0.99432606,-0.76333094,-0.79523671,0.41637680,-1.16963339,-0.16839351,-0.09736249,0.88879699,-0.04681711,0.01797430,0.82854766,0.60025024,-0.91292846,0.51611483,-0.29658625,0.20880236,-0.84473765,1.30244637,1.57045460,-1.00240171,1.22879088,0.19776475,-1.46773255,-0.97256863,1.45887971,-0.70060635,-0.42339724,-1.48985088,-1.04671216,-0.30575189,1.97122979,1.86403060,0.37327889,1.67091548,0.16336764,-1.12431812,0.83155328,-0.73603684,-0.01824938,0.15618697,-0.65992254,-2.17998624,0.47994027,-2.72415781,0.55626547,3.40076423,-1.16708195,1.24844885,-0.60587192,-2.15286469,0.25000674,-0.06068480,-0.45126075,0.26024032,-0.74946576,-0.38347793,3.09425545
0.08388481,1.74700403,-0.36779276,0.05053533,-1.29031944,-0.65075743,-2.29746342,-1.35283899,0.58070099,1.30809450,-0.66964948,-0.60852706,-1.13711643,1.62047005,-0.48514733,-1.04981291,0.67590988,0.61855400,-1.23313427,-0.63386118,-1.00619686,-0.69289243,0.75179303,-0.42330152,-0.27302513,-0.95147687,-1.77070045,0.93475443,-0.23744810,-0.77457964,0.50838035,0.68532693,-0.32887778,-0.00783622,-0.38503081,1.10171008,0.34833491,1.16860235,-2.13523960,-0.23447406,-0.93101287,-3.23837304,1.92389679,0.28288305,1.14793086,0.07074268,0.39892247,-3.76411128,1.12414277,0.48142847,-0.05226894,-1.56103921,0.85368770,0.45238575,-0.77838105,-0.44261801,1.97811460,-0.56027412,-1.11718190,0.50761867,-0.28227353,1.84450233,0.34271383,-1.13371289,0.50902814,0.30171081,-0.93177569,0.02636814,-0.29398710,-0.02126554,1.09998465,0.62189722,0.22295439,0.01597407,0.58213520,-0.34742713,0.37217456,-0.84530854,0.30159533,-0.07784988,0.21997516,0.76315773,-0.76347947,-0.88644302,-0.87838238,-0.43473917,-0.21049659,-1.01963305,0.38796467,0.60226947,0.18652353,0.22412816,-0.27790973,-0.81646818,0.80730033,0.59239739,-0.40033996,-0.57305926,-0.63778341,-1.26865804,0.52027518,1.25166583,0.62830418,0.43466383,1.81761873,-0.55574393,-0.45599011,0.54783410,0.52474338,1.16617751,-0.06197619,-1.01185954,-0.06397057,0.97631097,-1.22801936,-0.02313986,1.13456714,0.34533679,0.33886191,0.52794385,-1.40745759,-0.19388793,-0.70729351,-1.21350193,-0.12635893,-1.75545442,0.07089745,0.64215988
