-0.06831537,0.52656716,0.36781731,-0.64588773,-0.03663596,-0.09016150,0.52091634,-0.33777699,-0.12732641,0.27491426,0.32232568,0.22360131,-0.08634353,-0.61778730,0.71752739,0.48217592,-0.39170671,0.45273709,0.55128855,-0.19272992,-0.45388526,-0.95010430,0.19114992,-0.58232152,0.23655745,-0.17743044,-0.82643580,-0.50906932,-0.49817777,0.35801813,-0.73701936,0.50733042,-0.26139146,-0.46084905,0.22971095,-0.90587288,0.95536172,-0.08830894,-1.26270998,-0.08030303,0.02865718,0.26848879,0.60407716,0.62303436,1.33691180,0.03264140,-0.30725393,-0.70108956,0.10576641,1.66440415,1.01677656,0.67508703,1.01237035,0.40378436,0.78397810,-0.31552508,0.04311743,0.49764520,-0.73361981,-0.26945156,0.51058590,-0.14977029,-0.82709664,0.25446415,0.09944563,0.87916720,0.81233108,-3.36551881,-0.05649178,-0.68812025,0.99090183,-2.53475738,1.19600976,2.61180186,2.19395328,1.19706941,1.07082140,1.60642564,1.46592939,-2.15897393,0.68768269,-1.60132563,-0.96435285,-1.17817640,0.22923906,-2.23827434,-0.73347074,-1.10874259,0.70765996,1.54621911,0.42456067,-1.12804079,-0.95472813,-2.35268879,0.16334763,-0.94523978,-0.56444019,-0.54965907,0.14768624,3.23905063,1.88812649,-1.58285415,1.23601532,0.52354980,0.66836834,1.72895741,1.27502167,-0.26768637,1.09915912,1.99974597,1.26534271,-1.03703821,-0.08334549,0.35916233,-0.13155496,-0.98830193,2.85847950,-1.03124368,-0.71103823,-1.40187240,-1.17134023,-0.76653105,1.12785470,-1.95027792,-0.50515777,-0.14915761,1.37386465,-2.58991194
-1.87978959,-2.13014102,-0.00272301,-1.71912873,1.32574391,0.11080471,0.82033765,-2.68231535,1.36648810,0.27677006,0.79778433,2.19538713,-0.77159137,-0.54973370,0.70796472,0.16809168,-1.09383750,0.18618223,-1.74758399,0.26132238,1.33426476,-0.00859486,0.32926375,-1.15041876,0.23782539,1.78366292,-0.49779806,-1.90339684,-1.80433273,0.17543586,0.61136824,-0.56596297,0.80181730,0.06838022,0.35715479,-2.05942297,2.13074732,0.07789762,-1.16580904,-0.64641887,0.58520025,0.32196733,-0.50849175,0.12263792,1.26113677,-0.66582078,-1.55190086,-1.88809228,0.12908117,-0.21947810,1.28808153,-2.40349960,0.40947580,0.34834898,1.15702021,-0.64532399,-0.97576797,-3.33591938,-0.32645378,-0.54028815,1.64633691,-1.18514347,-1.17160439,-0.26948544,2.21416903,2.69635916,-0.91515344,-1.70138669,2.00074124,1.05311108,0.46718976,0.90281814,2.25680923,2.55128551,0.87953413,4.16262341,0.42811877,-2.19998097,-0.62105167,-0.09565160,0.09334751,-1.16725194,0.37464812,1.67901945,3.14101529,-1.76249063,0.21998236,1.03135765,3.21037555,-2.81365848,-1.99418759,2.17228723,0.81094891,-3.24005890,0.25412717,2.63185549,-0.53732049,2.70743370,0.74333608,0.84761983,-1.08939815,0.89644295,1.34834409,0.16296507,0.06334835,-0.39339530,1.26531208,-2.24195218,0.32998207,-2.14842796,-0.41692948,0.25669181,1.64409745,-0.51927549,-0.44450495,1.70862567,0.70798618,0.03484408,-0.03243474,0.60007125,-1.04476833,-0.63780218,0.47443256,-0.99579364,0.05827655,1.35810769,1.83079231,2.19749761
-0.75731605,-0.06748667,-1.54417491,-0.31920484,-0.14583179,0.50029039,-0.71960425,0.26118052,1.99895811,-0.46225366,-0.37613326,0.47154739,-1.49341488,-1.87955189,1.20906782,0.93118823,-0.53264266,0.45389891,-0.85886127,-1.60150361,-0.42280269,0.39775753,3.21008873,-2.40435433,0.40344995,0.75573808,-0.81708455,-0.61761123,0.46285540,0.97195947,-0.45028579,-1.67757022,2.50796890,1.62559783,1.24653137,-0.94580013,0.35644439,-0.31062454,-0.84560072,-0.53195578,0.65141094,1.85343027,-2.05555344,-1.90690744,-0.47674787,1.59171295,-0.39690435,-2.10833001,1.23087847,-1.00844002,-0.06494640,-0.96517396,1.67545414,0.83129609,1.06878066,0.31319484,-0.05879828,-0.83231366,0.61079049,-0.41821882,0.67893940,0.62569970,-0.60469240,1.02367485,-2.75423551,0.58544654,3.19089293,-2.83068252,-0.88738585,1.61511576,-0.47277462,0.19750087,1.12591338,1.59799218,0.77159733,-2.69554734,-0.05822920,5.91344595,-0.31052768,1.95462632,-4.01887417,-0.75059402,0.25129199,0.46272913,-2.58244181,1.09904480,-4.43148518,0.48192489,0.42117724,0.29564726,2.83048606,2.78169084,-0.07575250,1.09298062,-1.91488433,0.69492292,0.10687733,-2.18385053,0.89875799,-1.45108724,0.89087170,0.53195888,0.21981546,-0.25288492,0.33655736,-2.46447825,1.00698388,-2.62063146,0.59050763,-0.57303095,0.33214971,-1.15996742,-0.93265688,-0.56293446,0.79411978,-1.60335541,-0.57285684,-5.20480776,-3.42849493,1.02921450,1.09619272,-1.11871219,-0.56498533,-2.87912178,2.01475811,-1.97226584,-2.41215849,-0.95193732
-0.73118299,-0.42195973,-1.20506513,-0.57989132,-0.88080275,-0.69227111,0.83404005,-0.97088122,0.57733977,0.53735441,0.78910130,0.92910695,0.09334037,-2.32304549,2.18856263,0.89038217,-0.28055289,0.00307246,-0.05985378,-2.89906001,0.06785335,-0.65170205,2.86885929,-2.43870521,0.11085615,1.70681179,-1.79415905,0.22098374,-1.41309273,2.16649604,0.33444899,-0.79933804,1.39873838,0.38571894,1.15466619,-1.60451770,1.25078130,1.10342693,-2.28829002,-0.88778090,0.64480758,0.76756567,-0.59860265,-2.44288731,1.11208308,-0.72970080,-0.50155085,-1.29824376,-0.07800739,-0.57707530,0.72843325,-1.78981948,1.75565219,1.77824008,1.52910829,-0.45734462,-1.42978716,-1.28771293,0.68356729,-0.73333132,0.84617513,1.01581943,-1.74176228,0.73161328,-1.82432413,3.88861036,1.00237226,-2.15516496,-0.99801683,1.42497849,0.19983262,1.72727191,-0.18714675,2.56752706,-1.89915979,-0.18511523,-0.17768139,-0.95032954,-2.46498513,0.11052629,-1.82202268,2.63018036,0.44721264,1.73517442,-0.10983457,-0.07383931,1.50406706,-1.49287689,0.06456704,-0.75564593,-1.48230731,2.83281708,-0.90989518,0.29002711,0.19246179,0.80939275,-0.49094310,-1.44383180,2.49488807,1.62286139,-0.64092469,1.82691205,-0.06458052,3.84865665,-2.00456953,-0.01854877,0.59831941,0.73242128,-1.47986233,0.31382453,-0.81162161,-2.58344150,2.78055429,-1.31396604,-1.12608480,0.27249509,-0.88118422,-1.12897003,-0.54246730,1.25107598,0.89940292,-1.83625805,-0.43592829,-0.90285343,1.50195456,1.00844657,2.22311211,1.42296219
-0.96271008,-0.89547330,-1.17253661,-1.03283286,-0.16142827,-0.46321937,-1.42611992,0.11043626,-0.25143766,0.42997220,-0.99228281,-0.38689888,-1.18481386,-2.76245737,-0.10254379,2.26854897,-1.47549951,1.13064969,-0.68215525,-0.66470957,-0.16203448,1.19782519,0.54991436,-2.05550981,0.67870092,1.92203367,-1.20313287,0.71511674,-0.62418646,0.52119291,-0.06893579,-2.18717623,0.04596032,0.90253699,1.63637722,-1.18708301,0.67208600,0.88755733,-0.99749225,-0.13556848,1.41539121,0.88617259,-0.80546284,0.19528522,0.54845285,1.34088624,0.75329983,-2.32992435,1.01582456,-0.25704539,-0.69752425,-0.34576902,2.02356482,0.31718877,0.68444604,0.06763516,-1.20422411,-1.29784048,1.43510151,-1.67155612,-0.46895069,0.16661121,-1.08255970,-1.38257492,-2.93932176,2.70637298,1.98372447,-3.69639039,1.86504328,-0.52477789,-1.38290489,-0.25261346,-0.36289823,-3.69391251,-0.55328423,-0.34695408,-1.07864118,-0.35261193,3.43860483,-0.47516748,-0.66450232,1.22528064,0.30613887,0.01554971,-0.20265815,0.20078158,1.39535558,-0.14494401,2.06946373,0.13820995,-0.61812031,-1.42222309,-0.56189483,-4.14850044,-0.74718064,-2.49297404,1.18001175,0.16941914,1.06711018,-0.14192083,0.50684458,2.52183008,-1.35022795,-0.82814807,3.40722704,-2.42504811,0.43516135,2.38417220,-0.66607827,-1.80471075,-0.69045579,-1.23704159,-0.82768762,1.26366794,-0.52588862,-0.53440326,2.85570550,-0.42506212,-0.56209123,1.30889773,0.87490463,-0.58475387,-1.72547734,-1.01235306,1.04831159,-1.43879271,0.17231961,-0.72256845
0.66823190,1.09257960,-2.30357885,0.75739861,-2.35336995,-0.56815422,-2.90785241,-0.47210044,1.17476976,-0.62353581,1.82689118,-0.64536047,-0.09202954,-2.40945935,3.81966496,2.42690492,0.82016575,-0.82994944,-1.61755967,-1.88935447,3.01368761,0.24812958,1.18951380,-1.56156349,0.97933626,-0.57289219,-1.66326809,-1.23531306,-0.49835420,2.37731314,-1.43764019,-1.80967522,-0.52331537,-0.12938134,-0.71034348,-1.20996118,2.99283934,0.61089361,-1.94459021,-1.30883002,-1.21213245,-0.76529199,0.29543474,-0.76674056,-0.25466055,0.51898098,0.63445920,-3.10572124,-0.16173929,-1.52210093,1.70474565,-1.40804887,1.44726586,2.97166181,-0.29476634,-1.95761347,0.30561715,-1.17351568,0.52102154,1.32334518,2.17548752,2.34587741,-2.31046009,2.63346314,-2.58588052,0.98874146,0.07786883,-3.08459258,-1.23128116,0.30422515,-2.81121945,-0.58157629,-0.24809857,0.72004849,-1.32008505,0.17012538,-0.18541974,-0.67864043,-0.46107891,0.99732292,-0.82631975,1.38724983,1.21948433,1.38212752,-0.35151777,1.35481799,0.84681708,-0.29316616,0.52405298,1.23416567,-0.70074499,1.68204093,0.37143904,0.19378912,0.69601089,0.11769162,-0.58558792,-1.96135557,1.61101770,1.09624588,2.35640335,0.84644628,0.49366117,1.16495550,0.20106651,0.90228426,-0.04405781,0.78630799,0.04042411,-0.33947796,0.36980981,-0.70536578,3.10477090,-2.44072342,2.99143171,1.45878041,0.51868278,-0.93379551,-1.19080198,0.18693581,1.38093936,-2.22868419,2.71889782,0.29198143,-0.16652706,-0.19748521,0.89440340,-0.83347422
-0.02086581,-1.91133869,-0.76901585,-0.82056046,-0.05496499,-0.14398667,-0.40403131,-0.98955375,1.26756990,0.58957803,0.43805149,1.40689945,-1.38643920,-1.86839712,0.27947602,1.01678824,0.54970509,0.81618416,-0.12102515,-1.11752999,-0.03207903,0.41128656,0.61528242,-1.07193732,-0.05861938,1.36854589,-1.33215332,1.32563031,-1.79552770,0.45684189,-0.00614908,-1.07115877,0.96620584,1.73323119,0.71171784,0.03519519,0.55138636,-0.17424949,-2.05699968,-1.13497543,0.76249588,0.88572943,-1.00162530,0.89267886,1.23561871,1.25577307,-0.33110049,-2.00688720,0.72716594,-0.49674243,-0.63975406,0.29389095,1.67391682,1.18885005,-1.05434144,0.94574785,-0.24387075,-1.36361969,-0.59469283,-0.61568534,-0.01293107,-0.14519846,-1.87595987,-1.07172549,-0.69082701,-1.07213151,-0.07591540,-1.95414519,0.36364150,-2.49632597,0.14701316,0.06334040,-1.93284845,-4.56915855,-0.09372208,2.00884414,0.81741059,-0.27490902,1.82949400,0.25427195,-2.22422886,-3.38460732,0.06434555,-0.26436904,-1.39128554,1.64906144,1.42370844,-3.19871473,2.03639722,-1.75834250,-3.21223903,-0.48886889,-0.43072787,-3.97770882,2.64522958,-1.06129098,2.08564138,-0.02185953,0.73411793,1.31297982,1.30617702,-0.20503594,-0.22713849,-0.56310076,-0.62573987,0.17884016,-1.90355647,0.92363513,-2.35820031,1.47567892,-1.85453367,-0.66274750,-0.57727224,-0.01088759,-0.61115170,-2.46567798,-2.76820064,0.40508416,-1.77509630,-3.24644065,3.07064486,0.55097026,0.77173394,-2.74029994,-0.07146399,5.28799295,-0.55718535,1.54380763
-1.42669153,-1.59263372,-1.97179961,-1.75108421,0.94715559,-0.53885186,-0.95931053,-1.69158757,1.38998759,0.74023157,2.04733610,0.84487879,-1.33530700,-1.93995392,2.29083276,1.60390377,-0.96944565,0.44574043,-2.52389240,0.60417008,0.63942921,0.38515642,0.94779551,-1.86612940,0.34074980,1.20242321,-1.84851801,0.27024943,-1.40794754,1.95763481,-0.09673973,-0.25483513,1.25692582,2.28408790,1.05007720,-1.21468163,1.19988346,-0.23147474,-1.87586129,-2.44704175,0.05879558,1.42433023,-0.83225852,1.02890992,1.39372599,-0.33492330,-1.23111796,-1.17907214,0.50025403,-2.09118795,2.16774750,-1.46113598,0.54274422,2.07496595,1.81646740,-1.37529171,-0.09421483,-4.07954311,-0.81057477,-0.36634639,2.68847299,-0.79139918,-0.63666958,-0.41455036,1.86220312,0.34135643,-0.78817028,-2.32758284,-2.14156508,-1.14102650,-0.84259522,1.14943504,1.99726605,0.17895697,1.80273354,5.02506924,1.59428477,1.38698912,-3.02822018,2.85540748,2.04510808,-1.64173114,1.82497740,-0.33480340,0.68397653,0.35103384,2.05611396,-0.40197748,0.69274980,-0.82325661,-2.48193312,2.63091469,2.17908120,-1.90746188,1.80766773,1.46920681,-0.70560265,4.40996981,-0.61871362,1.20392466,-0.13279207,1.49684858,-0.69830775,-1.31193936,-1.02832425,0.33473143,-0.49896169,-2.60387015,1.69113815,-1.31537497,-1.11661029,1.04775810,3.44753599,-1.52517307,1.54368579,-0.10823320,-1.09177160,-2.27644491,-1.33312416,-0.47480243,-3.80419660,-0.56634200,-0.70110834,-0.59738404,0.27408409,1.37038815,3.14360666,1.75634563
-0.88399428,-0.58732569,0.19460475,0.03704309,0.00034729,-0.18228135,-0.60451567,0.15741782,0.42486718,0.34396848,1.32998824,0.75955355,-0.11091677,-0.84464461,0.23922098,0.84074044,0.37261134,-0.72802955,-0.63362741,-0.13603240,1.75112009,-0.70232463,-0.09466770,0.47321415,0.18421811,-0.27962011,-0.96076334,-0.91246551,-0.79163158,0.28194392,-2.17982030,0.38025838,-1.41643453,-0.72960216,-0.89825213,-1.31808293,1.33865011,0.52998751,-0.85132653,0.04867132,-1.12880611,0.06065528,-1.03487051,1.42335248,0.87336910,-0.21942423,0.61698610,-0.38821745,-0.40735951,-0.38151330,1.35716498,0.47996575,-0.11758091,0.66299480,0.30914336,-0.69799364,0.47045350,-0.52659547,-0.42581931,0.50226504,0.39466488,0.93092424,0.09635903,0.56375140,-1.02812648,1.25919175,0.40213200,-1.44997764,0.53171438,1.24648345,1.27690947,-0.14361602,-0.10028437,1.96901882,2.85757852,1.71666002,0.07105944,-1.04995048,2.50224233,-0.02904476,0.29762754,-0.64641029,-0.35383120,0.61955142,1.18575954,1.55727816,-0.67936647,-0.03120397,-0.74181008,-0.90439379,-1.83643341,-0.48291573,-0.48015714,-0.46880803,-0.87299538,0.68566912,-2.32856750,1.47687554,1.65223587,-0.27901137,-0.58114821,-1.98015404,0.45250750,-1.53023911,-1.29079378,0.24312055,0.03560459,-1.05191231,-0.98908550,0.61995214,-1.56180966,-0.82093829,-0.97771555,-1.91853964,-1.21706104,0.72515410,-1.44434822,0.67176366,-1.58191276,0.07350534,0.04510639,1.83157003,0.92578810,-0.76539767,2.71608162,-0.63144696,-0.68778253,1.77161407
0.77939045,-1.64479291,-0.65990371,-0.27721477,-0.81147045,0.64679933,-0.55250597,-1.98310781,1.45440924,0.05074160,-0.01704712,1.40018904,-1.59036553,-1.75668800,-0.14541245,1.22754407,-0.14527667,1.06058621,-0.21136230,-0.88850492,-0.32906553,-0.59537458,-0.11258689,-1.14783907,0.81780827,1.30933702,-1.33929646,1.41825593,-1.49807715,0.73250407,-0.05985091,-0.29286882,0.93039697,1.74587846,1.24681044,-0.03298052,-0.07371657,0.47932017,-1.40764940,0.12606591,0.81872380,1.10533082,-0.78068942,1.12342179,1.97247386,1.04533899,-0.06865653,-1.92672479,0.58620870,-0.34426397,-0.07176857,-0.31228432,0.24614596,0.88995296,-0.02684822,0.72065842,-0.44529176,-0.44477093,-0.68824375,-0.40592203,1.12550795,-0.21258214,-1.54847550,-0.80292255,0.19243142,-2.23042965,0.20252600,-1.84280670,-2.36468267,-1.81449449,0.45518219,0.91741711,-1.71429420,-0.97953314,1.49482226,1.93695676,0.62923956,-1.65133369,1.56318712,0.83477217,-1.94234896,-3.51210618,-0.47515154,-0.66837710,-0.92754853,-1.03577328,2.16170549,-3.47330904,0.88118297,-4.04580402,-1.69123769,-1.90772450,-2.01052141,-2.56906128,3.10018563,1.05972898,1.88873076,-0.13170815,0.88609952,-0.57369018,1.99791980,0.89526403,-0.67520869,1.39125526,0.20881569,0.10100316,-2.42314863,2.39324141,-3.13714027,0.89410990,-0.35541463,0.31985292,-1.09925771,1.43389320,1.73574126,-0.14127280,-2.92938590,1.28905225,-1.30558860,-0.58887285,1.62063766,0.22014597,-1.47062886,-2.39526272,-0.79675412,4.65496826,1.74842405,1.49368036
-0.54336071,0.41519108,-1.41538882,-0.04565442,-0.25834799,0.30356336,-0.68845904,0.40556818,1.64059436,-0.50566834,-0.45417058,0.38071361,-1.35689723,-1.76444995,1.15314353,0.77303207,-0.32800364,0.33874011,-0.55288661,-1.37360620,-0.21449065,0.55605179,2.69632173,-2.11112356,0.49518856,0.47299641,-0.71818757,-0.56991744,0.65355408,0.58128422,-0.34329250,-1.33585787,2.48801780,1.51142132,1.13176739,-0.36702025,-0.22534600,-0.30506083,-0.64968157,-0.27861452,0.72067976,1.82143736,-1.99654973,-1.61374366,-0.37722129,1.54858208,-0.25414175,-2.15653801,1.41897178,-0.63775206,-0.17595701,-0.84560412,1.54979205,0.80655885,1.01610720,0.51793081,-0.16278628,-0.68008190,0.59855920,-0.09864926,0.61173195,0.68109322,-0.43929458,1.04571235,-3.28768253,0.42068425,3.37158275,-2.50370383,-0.75606233,1.17656481,-1.03290772,0.47984350,1.17804658,1.08173525,0.48348093,-2.87752652,0.43723774,5.79653025,-0.29419705,1.93461633,-3.66845894,-0.44856828,0.55310094,0.47452939,-2.53140926,0.74270898,-4.73017120,0.33792818,0.40905946,0.26527098,2.37052226,2.79527020,-0.33854982,1.56623244,-1.89146769,0.42431593,0.15951198,-2.23853874,1.32116115,-1.57061839,0.66432756,0.30081198,0.24895385,-0.27667969,0.50873011,-2.15916204,0.52093470,-2.56670284,0.58891892,0.10298187,1.46713626,-0.97122157,-0.87266517,0.04864771,0.44814897,-1.62443161,-0.61474502,-5.06495523,-2.83338356,0.92944747,0.92173529,-1.38271034,-0.55425656,-3.13472939,1.71862566,-2.05519295,-2.22353721,-0.85558015
-0.35480198,0.27716264,-0.67814249,-0.14451729,-1.21980238,-1.09845591,1.08322787,-0.67366630,0.03561531,0.30927348,0.69907904,1.11284137,0.41902870,-1.96824682,1.97265565,0.58570731,-0.06729286,-0.22942948,0.46162146,-2.40995288,0.11498544,-0.76947975,2.37271976,-1.73218417,-0.12376642,0.97620696,-1.33542490,0.07875775,-0.78746289,1.55313027,0.40677437,-0.33934912,1.33037734,0.18469742,0.83024514,-0.79735070,0.50972629,0.78488696,-1.99252307,-0.25410396,0.72854495,0.51376468,-0.36892158,-2.11349058,1.32867301,-0.82008028,-0.27714854,-1.08186102,-0.04222822,-0.04912132,0.66724807,-1.52761817,1.63965058,1.82689762,1.25521183,-0.20604768,-1.31043124,-0.65485787,0.46358454,-0.28197083,0.49171442,0.92351204,-1.51125300,0.80725378,-2.20948172,3.71044993,1.20553136,-1.48932612,-1.11706591,0.92685395,-0.22337972,2.22087455,0.02440120,2.21436501,-1.95991659,-0.49545488,-0.14150724,-0.61603445,-2.56958246,-0.09245639,-1.54608178,2.90436625,0.38509002,1.89429235,-0.00231416,-0.60890311,0.89333081,-1.53513861,0.03457390,-0.89215207,-1.72042108,2.68949795,-1.08631992,1.10856605,-0.06766330,0.89554417,-0.48120114,-1.72332859,2.94043612,1.16172051,-0.88205123,1.30341256,-0.33562052,3.94507313,-1.46719062,0.45268536,0.16474280,0.85600644,-1.52901375,0.71424425,0.41226679,-2.37735081,2.50589871,-0.69040400,-1.70989406,0.53100008,-1.05236125,-1.08014882,-0.27343804,1.32360625,0.58499908,-2.14992976,-0.31737906,-1.01597893,1.26801193,0.92409211,1.92984152,1.32026184
-0.47727448,0.34719965,-0.39099085,-0.39676461,-0.57865191,-1.06206834,-1.13224638,0.91773564,-1.05330181,-0.15681863,-1.08426750,-0.28993553,-0.53742236,-1.91921520,-0.37510386,1.62228310,-0.93990928,0.74681532,0.14832211,0.06726084,0.00468235,0.83428800,-0.18171924,-0.88893974,0.16804177,0.82287633,-0.53531539,0.46244067,0.28971577,-0.39285091,-0.12701526,-1.33311951,-0.20944238,0.18701528,0.92861515,-0.14955531,-0.16369145,0.50199896,-0.34996358,0.60880804,1.09904695,0.15761229,-0.38031349,0.73652804,0.75025898,0.98481822,1.06151688,-1.80504799,0.75666857,0.52972186,-0.66404766,0.10743039,1.60019064,0.45263645,0.24819048,0.30332571,-0.76350462,-0.47160193,1.13358760,-1.17588401,-0.89974266,0.24265666,-0.54772806,-1.00260711,-3.37539935,2.41682339,1.81035352,-2.64035892,1.58543992,-0.94940281,-1.69059229,0.27229860,0.03881882,-3.89078474,-0.75822091,-0.56420290,-0.95267266,-0.05281617,3.09252667,-0.84143651,-0.50102741,1.56425917,0.17586359,0.13554853,-0.08144102,-0.18726194,0.57066697,0.02730329,2.12686324,-0.01649852,-1.06864500,-1.56026709,-0.46951729,-3.15138817,-1.11584187,-2.52666068,1.10094738,-0.24215692,1.47669995,-0.40193221,0.23498538,1.66383660,-1.35936880,-0.62167203,3.77768993,-1.73949957,0.31526420,2.04426932,-0.75700325,-1.60970294,0.92779201,-1.27624238,-1.06633484,1.86989176,-1.23378623,-0.22529361,3.36561036,-0.34568280,0.04078030,1.52885830,0.35644326,-0.84449041,-1.41399312,-0.98544234,1.02145612,-1.51017022,-0.12036087,-0.68287879
0.70156455,1.69712567,-1.35374749,0.33877897,-1.34118986,-0.33151299,-1.48994088,0.15482377,1.11672616,-1.39217877,2.58204150,0.31154096,0.64419717,-1.11303306,3.05178928,1.22312272,1.17446721,-1.46571195,-1.47314167,-2.13700747,2.93828535,-0.17218879,0.04466280,0.32793510,1.52108169,-1.07494414,-1.47961140,-1.88112092,-0.10721761,1.74300337,-1.73606730,0.09553085,-1.33083677,-0.77022290,-0.87878537,0.13352165,1.48048317,0.81072438,-0.26619995,-0.78511947,-1.18817711,-1.59198761,0.57555658,0.69594622,1.47446966,-1.30985487,1.30021203,-1.80701315,-0.88784635,-1.11214828,2.45925665,-0.85328048,0.51708245,2.03150511,-0.44308114,-1.91781902,0.99085397,0.24540171,-0.38889387,0.23618305,1.47838736,1.71971428,-1.13422656,1.99860895,0.19737309,0.35220829,-1.57638526,-0.24236119,0.42181912,0.98860723,-3.07189345,1.12917101,-0.86754727,0.43920091,-2.00762916,1.53764474,-0.16979325,-2.31355119,1.36481988,1.23646963,1.80600309,0.09593046,-0.11475827,-0.26264167,0.61532247,-0.41159993,0.80074179,1.17155707,-0.32852569,0.41217080,-2.31790709,0.87740004,0.60860544,0.95156020,0.82660490,-1.32989979,-2.01039743,-1.32856441,1.94879866,-0.10416435,1.64004326,-0.59367210,-0.36779231,0.13025177,-0.14888054,-0.88870341,1.58597255,-1.29695046,-0.79052067,1.21940649,2.50276089,0.06180526,2.34197164,-2.73665595,1.05365574,3.10660410,0.46536618,-0.53585786,-0.45205721,0.39953524,-0.64031756,0.08062609,2.48462272,1.02530193,0.12122248,0.37202892,1.33506513,0.19820024
-1.11992276,0.82232285,0.68904620,-0.34544969,0.13409570,0.02994593,0.76508653,1.10330009,-0.24645180,-0.42894718,0.78789264,1.95360959,0.82967508,0.06495926,-0.00189562,-0.32798338,0.25512081,0.38831693,0.96801579,-0.73420310,1.35710573,-0.39815623,1.62078726,-0.54853821,0.06933234,0.36322999,0.21010083,-0.12465273,-0.79656434,-0.14032169,0.66025800,-0.62887013,0.72029769,0.21648872,-0.24174589,0.04343764,0.49002936,-0.08784190,-1.16971231,-0.17360891,1.14028394,1.04426754,-0.31099388,2.17417049,-0.16738571,0.20462309,0.20509273,-0.37370911,1.25967312,0.31961474,-0.31057721,-0.62884814,-0.51162493,-0.58189809,1.07265592,-0.25215092,0.07147630,-1.23942065,0.55771327,-0.48317695,0.68962073,-0.25712061,-0.52051526,-0.18652636,-0.13734013,2.23978615,-1.80165982,-1.39045739,1.23659766,-0.88857728,1.53674269,2.23185420,-0.06340645,0.27430040,0.79350901,0.63979191,1.46080637,-0.37955263,0.22573407,0.22706673,0.06519644,2.71860790,0.63920176,0.89993882,1.37754261,1.12157083,-0.89427012,-0.06458471,0.75947601,-1.16391397,0.04199340,-1.21940887,-0.36389703,1.70763755,-2.43297315,0.79278117,-0.54042226,-0.47950777,-0.26424378,1.69196355,1.70087743,-0.12723902,-2.66928744,0.06324057,0.78785497,1.28854024,1.41918349,-0.93868381,-2.25290465,2.75679350,2.28000641,-0.25051573,1.40835571,-0.54273784,-3.01429248,1.86826611,-0.57835913,-1.46135688,-0.01019638,2.60404873,1.23597658,-0.97610635,-1.06666362,1.31603551,0.83739829,0.01818490,-0.64584255,1.33905149
-0.39349830,1.86679852,0.60548723,-0.81412560,0.29354730,-0.97772217,0.02263485,0.32068911,-0.76421809,-0.76195961,-0.28245544,0.67589396,-0.40595078,-0.28172007,-0.65409541,0.64891851,0.47056872,0.55244821,0.64485562,0.97725636,0.25366595,0.14971325,0.02502425,-0.79246825,-0.40823874,-1.00161934,0.07470591,0.60607135,0.07607322,0.21442981,-0.24129847,-0.56279647,0.37238050,-0.02710301,0.17166269,-0.23399751,0.21271431,1.36343229,-0.40981144,-0.78946364,0.20701417,0.62402225,-0.64508706,1.65559125,0.19455756,0.53407943,1.23626709,-0.09270836,0.84819400,0.30417809,-0.88119715,1.38987732,0.65302551,-0.43167409,0.02441809,0.67164236,-0.57258010,-1.86771119,1.18793857,0.08943702,0.00103346,-0.62415057,-1.35845971,0.78256154,-3.98516726,1.67555773,1.13749123,-2.73795724,1.71014082,-1.16939914,-0.36012831,2.79764748,1.19094336,-2.80057573,-0.26423046,0.38850951,-1.47184038,-0.21047698,-0.04184598,0.89810663,-1.19962597,2.50625920,-0.37646386,1.70230770,1.37782586,3.05937815,-0.48880330,-1.27796197,-0.49898067,-0.67421246,-0.22218658,-3.06266546,-1.35993469,0.81741625,-1.00290298,-2.40129018,0.37711671,-1.72442567,-1.87414908,0.71782386,-0.47983655,-0.42939541,-1.50027311,-2.08114123,0.73943168,1.07956624,2.59317875,-0.14156902,-1.77055550,-0.23158520,-0.49575230,-1.56673706,-2.72361064,0.59027946,-0.72615224,0.38232720,0.04211244,-0.90484095,-0.79094887,0.81576300,1.77809143,-3.93402815,-0.94341570,2.64685297,0.57957000,-0.99783957,-1.92109895,0.33597878
-0.15782821,1.58591521,-0.03914885,-0.09708114,-0.46384808,0.15573964,-1.16462624,0.60185343,-0.27389151,-0.03548601,-1.18672800,0.46842161,-0.04381183,-0.65243721,0.12127218,-0.19362909,-1.01197779,0.51131922,-0.08980165,0.89314204,-1.23889720,-0.57692200,-0.80121541,-0.53153193,0.30507016,0.61189634,-0.54676640,1.23536992,-0.97783047,-0.10935299,-0.55689585,-0.18665396,-0.50807804,0.55618536,0.37869513,0.18038841,-0.63953328,0.48744193,-0.79890347,0.56738895,0.07056939,-0.12880643,-0.76187164,0.49589285,1.39995492,0.47146294,1.15641999,-1.84694290,0.15685353,-0.31671101,1.19003046,0.76096356,2.22641945,0.77214748,0.14654242,0.77375650,-0.66143948,-1.59251845,0.39514798,-0.26122478,0.45735651,0.07649121,0.14158750,-0.26002055,-2.93333530,0.51028413,-1.23760581,-1.87147069,-0.52783030,-0.09200509,-0.37566867,0.05340546,-0.33606213,-3.87246466,0.52011943,-0.90666276,-0.76752436,1.31477487,-0.10754629,-1.18449688,0.41749743,1.04506671,1.70574248,1.25982368,1.27076221,-0.96524328,-0.45947954,0.86176378,-0.22191803,-0.02508065,-1.88517261,-2.82687902,-1.75752318,-3.30500269,1.62158751,-1.40208852,-2.08609605,1.90659583,-0.22188009,-0.20820230,1.19851816,1.95621681,-0.66789782,-2.43098211,1.14941800,-0.33382145,-1.71736133,1.00838363,-3.65110731,-0.42087659,1.23827636,-0.82312304,-3.11349702,1.40247083,1.30537891,-1.18540478,0.76615220,1.32641983,0.49777028,-0.16012585,-2.31010509,-2.51056528,-0.83990806,-0.10316750,-1.19574094,-1.57859516,1.96247602,0.32749510
1.11157107,2.49617958,-1.48865545,1.42278397,-2.77750063,-1.32032442,-2.59557605,0.25986004,0.29883364,-1.38270032,1.57352281,-0.83501637,0.61053836,-1.29381323,3.53852153,1.56300747,1.37849247,-1.13563132,-0.70826417,-1.04873276,3.07531309,-0.24767405,0.28354862,-0.10487573,0.21958554,-1.77909350,-1.03132296,-1.48307204,0.47203010,1.21465456,-1.62107074,-0.71864653,-0.99390203,-0.99489737,-1.68406904,0.00616273,2.13373351,0.15246931,-1.03128791,-0.50613654,-1.81073177,-1.78293824,0.91340798,0.03189024,0.00077918,0.01597337,0.99885672,-2.37108278,-0.62545228,-0.65895802,1.88662434,-0.55666804,0.98485428,3.14622879,-0.83671796,-1.65279281,0.83315158,-0.12462484,0.00092810,1.88604820,1.75460446,2.51910138,-1.45848382,3.28108597,-3.21657968,0.65476865,-0.35587975,-1.25534987,-1.35862672,-0.35741797,-2.63206601,0.30583173,0.50018543,0.25964096,-1.42682505,-0.27370232,-0.05196004,-0.15181427,-1.23383856,0.93214309,-0.35938659,1.51963961,0.65286976,1.32416332,-0.30594432,1.30433190,0.07867029,0.15884753,0.50185704,0.83976495,-1.47111762,1.17647791,0.31249717,1.07172608,0.39922217,-0.14957705,-1.09004688,-2.45842934,1.91164982,0.91553950,1.87782729,-0.22128555,0.62316138,1.49419248,0.99657601,1.73685217,-0.04653069,0.59673417,-0.24563417,-0.37986711,1.94838822,-0.84643114,2.63163209,-1.44786191,2.50282955,1.86825919,1.55203152,-0.46857512,-0.69992608,0.27091843,0.43075892,-2.40410161,3.21118188,0.41748494,-0.23069794,0.18911447,0.73183030,-0.29519081
0.34133264,-0.44263661,0.06204282,0.04090813,-0.54591364,-0.93711579,-0.25529656,-0.20213284,0.50292110,-0.21911508,0.25441143,1.07597196,-0.66674167,-0.71912181,0.04181819,0.05072595,1.09974933,0.58705223,0.77360916,-0.21253100,0.05231246,-0.12507218,-0.29651147,0.37547714,-0.90285182,0.14952080,-0.67251706,1.13162065,-0.76357675,-0.69826299,-0.23167270,0.03601565,0.49594381,0.80131841,-0.28166506,1.20743477,-0.23184392,-0.56368625,-1.11539483,-0.35394895,0.00022413,-0.11834379,-0.40895313,1.65566790,1.52667749,0.80346870,0.03802233,-1.23606038,0.24003962,0.32507583,-0.38938501,1.25526750,1.07222342,1.34701586,-1.41174710,1.28195095,0.30093807,-0.38970000,-1.11704624,-0.18063682,-0.51247442,0.16468097,-0.94255161,-0.30101570,-1.49524271,-1.35043013,-0.35363233,0.14261532,0.23216061,-3.07596540,0.47324437,0.80825073,-1.13508523,-4.93423986,-0.31732053,1.43307948,0.74609458,0.34683231,1.06243849,0.25103337,-1.94035578,-3.39899921,-0.53806961,-0.04337012,-1.20542812,1.79606903,0.59651166,-2.66589665,1.62894118,-2.08647418,-3.91420102,-1.13927925,-0.43179679,-3.10104799,2.35696030,-1.38013709,1.72718346,-0.58560157,1.02827358,1.26505625,0.90219367,-1.27713966,-0.05819834,-0.39133719,0.06903529,0.81979769,-1.94100201,0.58754116,-2.66568470,1.22849321,-0.54354769,-1.08706081,-1.11129630,0.99971402,-0.97666758,-2.15952611,-1.37513614,0.99504793,-1.49544430,-2.88912654,2.16615462,0.31357068,1.22931957,-2.55681348,-0.20585267,5.71693373,-0.81902832,2.11818194
-1.24044204,-0.96294051,-0.39975470,0.14277530,-1.77081430,-2.62811494,-0.35862377,-0.82043910,0.96029735,-1.46675098,3.01692009,1.22010481,-0.26922756,-0.26941833,2.53356647,0.04462519,-0.75847000,0.53350580,-2.70708585,-0.91779667,2.96992111,-0.27939731,-0.84145749,0.36452234,0.71854520,-1.75278747,-2.42643905,-1.60909784,-1.72115302,1.83284354,-1.99118888,1.32374883,-2.28662276,-1.04128981,-0.50347841,-0.55467749,2.39915395,0.78999567,-0.33834377,-2.01896644,-1.75144660,-1.84083891,-0.84786451,3.44001913,0.92801601,-1.18049479,0.43397504,0.56623328,-1.18441308,-3.01836276,2.85848546,0.48097342,-0.74245346,3.24204397,-0.60927045,-2.28892040,0.64179069,-3.51819420,-1.65781379,0.52709317,3.50592089,0.14768259,1.14548385,0.74500829,0.60461932,2.87263894,0.91711462,-2.34356689,0.03420814,0.34232333,-0.54785824,2.22994590,-0.50568080,1.98498213,-1.44028199,3.56532669,-0.78422749,-0.61068213,0.33847153,0.84610528,3.25701976,-1.18150055,-3.10199594,0.74143642,4.43221664,2.59294915,-0.52037251,0.80599189,-0.85826254,-2.90651298,-1.88095605,1.06435430,1.70407462,-0.39325884,1.82477593,-1.34455526,-3.54308391,3.29858899,-0.75428134,1.35318863,-1.03151512,-0.71368086,0.73761320,-1.40460134,-0.70495427,-1.14231694,0.47537714,0.50433379,-1.10233879,0.59608209,-0.39386621,-1.83662403,1.96921074,-2.10141230,-0.01916676,3.27574778,0.74782705,-1.02546740,0.15855548,-1.15602744,-6.23316336,2.65370750,4.40541983,2.17878842,-0.48711985,3.98428130,3.72798944,5.52191877
-0.51143539,0.51433545,1.06235075,0.73145151,-0.38732862,-0.85199201,-0.44460812,0.79447943,-0.23757574,-0.17786762,1.10267556,0.42563471,0.51437473,0.23941395,-0.00401691,0.02269641,0.86968845,-0.98285019,0.15301225,0.58851939,1.79632747,-1.08740592,-0.81572258,1.71614265,-0.55376363,-1.27472734,-0.41626534,-1.08659983,0.03628044,-0.64952284,-2.37347627,1.32762361,-1.83948338,-1.49886799,-1.80620027,-0.29387856,0.74422765,0.05774143,-0.10158014,0.67084616,-1.77644861,-0.86066633,-0.36452994,2.04461527,1.13677096,-0.65956485,0.84159422,0.32944667,-0.84212685,0.38711441,1.43734944,1.28642881,-0.53843474,0.82257074,-0.15376134,-0.31787130,0.83389038,0.28878626,-0.79523933,0.79586565,0.07462378,1.15203345,0.76371658,1.20504189,-1.13611305,0.98607904,-0.04873293,0.56001902,0.36545974,0.69699830,1.75123072,0.42811644,0.29755712,1.55630481,2.57661843,0.94455576,-0.07954375,-0.51262808,1.68567562,0.22750580,0.44604057,-0.65773052,-0.91212571,0.73330188,1.01206982,1.96944606,-0.99144477,0.59593964,-1.14257288,-1.23018384,-2.45117545,-1.20235121,-0.43762338,0.02726115,-0.96894467,0.48771030,-2.60458541,0.96860313,1.72307396,-0.11069003,-0.75376958,-2.72346139,0.49724925,-1.23319936,-0.63192248,0.65388668,0.04706591,-1.21999669,-0.90890211,0.18250000,-0.93064243,-1.29103780,-1.36095405,-0.89324534,-1.23922467,0.97264194,-0.21279459,1.20777214,-1.39480615,0.25212693,-0.68448395,1.52784789,1.49670553,-0.54479814,2.38593197,-0.01579119,-0.95913661,2.43861914
