-1.17482758,0.16271648,0.19061798,-0.86224478,1.06537890,-1.98638320,-0.40713051,0.38444674,0.52702850,-0.34723020,1.81788325,-0.53819978,-0.15132572,2.14590287,0.15873536,0.40644589,0.45304900,-2.16005230,0.18718405,0.91760302,-0.05707974,-0.18191542,0.80285263,1.00622380,-0.10291895,-0.78912675,-1.01058602,0.59320039,-0.78712177,0.82695955,0.71323967,-0.55148083,1.18490624,-0.34054169,-1.67612863,-0.74584973,-0.54254806,-0.81311512,-0.05848604,0.57348430,1.87721503,1.76092041,1.48772407,2.28161287,-0.75237656,0.25687617,1.16803002,-0.21264313,-1.01626468,0.63216513,-0.69893485,-0.51069021,-0.82511294,0.23857298,-1.00433242,-1.28757536,1.09035373,-0.69129270,0.10358405,-2.96603060,0.95719147,-0.45910111,-2.23886847,0.32863304,0.12663469,-0.46060342,-2.00115085,0.12824255,1.82969999,-0.91618270,-0.52928883,0.58965409,-0.44609851,1.14679468,0.46605244,0.32131121,-2.53280687,-1.71955919,0.21545574,-0.09194961,-0.28462723,0.84531683,-0.39899051,1.41446757,1.47644877,1.56088150,0.29323819,1.57109177,-0.45236462,2.08762836,3.08068800,-0.19712889,0.03238273,0.53820491,-0.03838009,-0.32699734,2.23640466,0.88840801,0.63137269,1.11157441,-0.83183378,0.34931406,-1.04704642,1.05688596,-0.46021506,-3.49626589,-0.74159402,0.68361354,-0.90034688,-0.53067029,1.57337964,-1.87570667,-0.90159220,0.94791979,-0.96633863,0.38706091,0.01795983,1.28614521,-0.38752472,-2.38594556,-0.45043603,-0.84079754,-0.08732580,2.50978947,-1.99269557,0.23244400,-2.50926828,-0.43570131
-0.57030731,1.26743352,-0.60066557,-0.57509786,-0.83448446,-0.26327315,-0.84219295,0.48558140,-0.70280510,0.11640583,1.49517119,-0.03804570,0.03805080,-0.18310907,0.37525085,-0.15261173,0.33948755,-0.02897972,-0.91890424,0.98833787,-0.23613936,0.43712398,0.70356297,-0.33963349,-0.24670288,0.01683974,0.36010468,0.23635238,-0.85212433,0.30081555,-0.68887639,-0.28481707,0.63589799,-0.90039754,-0.16452765,-1.10059714,-0.05328658,-0.77463448,0.38373822,-0.50941980,2.29341722,-0.25518379,0.69956118,0.55891460,-0.71085465,0.30341035,0.16719814,-0.17275721,-0.09664840,0.11342363,-0.05163485,-0.61591506,-0.06984180,0.03655541,0.37006423,-0.67690140,0.62653846,-0.11723829,-0.41524625,-0.76342583,1.17539084,-0.50105476,-0.42675975,1.64529705,-0.52954614,-0.18936545,-0.69972056,0.47505593,0.97852683,-0.31031334,-0.57673669,0.41108155,-0.59059441,0.83409464,-0.11652136,1.10287082,-0.65935493,-0.82638657,-0.28927460,-1.23443413,-0.48675498,0.81086391,0.19533217,0.70595413,0.62916863,0.20937288,0.66701460,0.34759402,0.08879861,-0.33785734,-0.23170684,0.77486372,0.44396400,0.36625624,-0.15136564,0.48027784,1.75215197,-0.16917714,0.51387954,-0.25036585,-0.77944726,-0.39828992,-0.38134682,0.10537612,0.54436320,-1.57051826,-0.82098764,-0.17661577,-0.87792265,0.09519145,0.24130361,0.46778163,-0.39592057,0.99998641,-0.41713566,0.39810792,0.21620154,-0.13725716,0.99272835,-0.78861749,-0.71137774,-0.09705061,-0.20311953,0.50270277,-0.79639530,0.31131816,-0.55606925,-0.21922269
-0.58484083,1.19957256,-0.64576244,-0.30365920,-0.59131122,-0.25809345,-0.64094985,0.75178790,-0.72930712,0.45572114,1.21384943,-0.30316210,-0.30754745,-0.39228389,0.48690858,-0.13538405,0.45277458,-0.06080812,-1.09363055,0.80076098,-0.07440247,0.34528658,0.40519184,0.21729483,-0.57517600,-0.10440022,0.40147936,0.05155784,-0.54260933,0.36322340,-0.74048245,-0.21348882,0.35620487,-1.09755039,0.51469523,-1.39496076,-0.03614420,-0.88726687,0.10665251,-0.53664386,2.22788143,0.13586070,0.07037029,0.37439317,-0.78886473,0.30336499,-0.15330492,-0.26205829,0.14387470,0.31877285,-0.01707757,-0.37740797,-0.21305037,0.02385029,0.61785948,-0.41224301,0.47554222,-0.21829516,-0.11838263,-0.42667228,1.06055462,-0.18978557,-0.51537979,1.61713541,-0.30559620,-0.26178414,-0.51460266,0.46602106,0.95668328,-0.18322127,-0.56984389,0.37265110,-0.81699342,0.36911362,-0.30896723,1.13300896,-0.52035344,-0.78850186,-0.36318269,-0.94114786,-0.31533614,0.62317193,0.04073307,0.54711300,0.71829581,0.10773762,0.94825661,0.28538477,-0.03002179,-0.50686121,-0.15010077,0.53350610,0.47422874,0.36514449,-0.32419610,0.27156782,1.72113419,-0.25330180,0.54343116,-0.47508955,-0.60646445,-0.34342158,-0.34448886,-0.17905667,0.40069041,-1.52862692,-0.88436782,0.02606499,-0.52439117,0.53646642,0.13756074,0.28692055,-0.50709552,0.62761146,-0.18491232,0.29408816,0.19590119,0.09991360,1.11887288,-0.55275863,-0.81307387,0.14209318,0.00865982,0.53007549,0.01706493,0.13563518,-0.89022613,-0.09362397
-0.45831293,1.09473753,-0.67304766,-0.41123673,-0.89197898,-0.18437806,-0.63989174,0.56244457,-0.71345013,0.45877570,1.35359454,-0.25468397,-0.11983882,-0.36924651,0.54276431,-0.24400637,0.42390269,-0.06626862,-1.09742081,0.97606915,-0.06818155,0.44752935,0.55707753,0.12696446,-0.44495976,0.11656177,0.56439829,0.11327940,-0.76062441,0.21115157,-0.83902359,-0.24249351,0.52091604,-0.98778570,0.18063404,-1.23798072,-0.19571754,-0.73413694,0.14113070,-0.66863108,2.00499725,-0.08029564,0.26655978,0.62767214,-0.72353256,0.39645198,-0.02722661,-0.30199122,-0.05369413,0.29680574,-0.12002385,-0.18045089,-0.23881507,0.15331301,0.56376594,-0.58145005,0.56800056,-0.05367976,-0.30262539,-0.54913592,1.02929807,-0.38105103,-0.69095039,1.52924263,-0.42483926,-0.28287262,-0.52941144,0.51355982,1.05913377,-0.25064123,-0.52455789,0.37679195,-0.84459233,-0.06496377,-0.06385928,1.06353033,-0.58299255,-0.61832082,-0.41580045,-1.04719901,-0.34314916,0.84413052,0.16595730,0.45957369,0.89104235,0.27753830,0.88475037,0.25293168,0.02100578,-0.50153577,-0.16489661,0.63824528,0.42730004,0.44726992,-0.24614459,0.38483864,1.72278404,-0.26723045,0.32738993,-0.37692887,-0.67617947,-0.30016726,-0.56791961,-0.06650203,0.34604621,-1.50038314,-0.83908153,0.06589603,-0.71780354,0.20536326,0.18082164,0.53973430,-0.47069991,0.86483526,-0.27026016,0.24117836,0.33252019,-0.12114763,1.09276104,-0.71690124,-0.72223973,-0.10136116,0.00613840,0.52693993,-0.14442587,0.08396672,-0.59272635,-0.18319097
0.28718212,0.58586061,-0.39345890,-0.14742194,-0.14197591,-0.47262999,-0.62756735,0.63511300,-1.06013513,-0.08562158,1.23541534,-0.76133752,-0.38496321,-0.16255331,0.25412616,0.35111889,0.08803853,-0.08282757,-0.79388356,0.83173448,-0.29052386,0.53052533,0.47314376,-0.25685641,-0.17329729,0.18930697,0.13722780,0.54951650,-0.71283948,0.48329419,-0.99632263,-0.16256085,0.16737473,-0.86356783,-0.08701883,-0.31111434,-0.21403491,-1.03774428,0.28097832,-0.11938655,1.94967520,-0.05953874,0.00777240,0.76525080,-0.89001536,0.55057716,0.11763777,-0.19075111,0.07612461,0.57231259,0.00444549,-0.39159542,-0.02318794,-0.56195456,0.72451103,-0.68665409,0.14277676,-0.47472277,0.10660911,-1.44081402,1.33524096,-0.38916036,-0.02744403,2.06818151,-0.24618757,-0.58029145,-1.25728452,0.76959240,0.20932689,-0.47413397,-0.76439202,0.45594537,-0.34886235,0.82349890,-0.38769495,1.48004031,-0.12144071,-1.01423371,-0.38211781,-1.26892710,-0.89238870,0.56995362,-0.32302794,0.63033742,0.85176289,0.28586543,0.95141888,0.69591409,0.26167721,-0.38477689,-0.82086909,0.52334982,0.47208118,0.56094635,0.34565553,0.64395720,1.66338563,-0.11704160,0.63833892,-0.46595508,-0.34678000,-0.43086523,-0.47143185,0.32560965,0.47327632,-1.92143059,-1.16821146,-0.26220542,-0.48014864,0.13821048,0.32497054,0.09184057,-0.55823845,0.20406069,-0.21309623,-0.32272440,-0.09765464,0.18249398,0.65193141,0.29388213,-0.68227208,0.28842324,-0.05695102,0.63114560,-0.50997186,0.25183296,-0.22374576,-0.44404793
-0.29252571,0.72910964,-0.55821615,-0.15727045,-0.71558332,-0.30926159,-0.53088522,0.61636245,-0.75830984,0.53767544,1.22368526,-0.59906626,-0.13820322,-0.17975140,0.72217214,-0.26001161,0.33741474,-0.27122885,-1.12741709,0.87865192,-0.05562738,0.53732038,0.51703548,0.34998173,-0.44420090,0.24373573,0.59893239,0.28574210,-0.83289683,0.11745751,-0.62881970,-0.20902139,0.48842767,-1.16312790,0.17907672,-0.93708241,-0.30263519,-0.60189784,0.13036677,-0.52856630,1.84628308,0.12682714,-0.26866686,0.89669538,-0.68254745,0.64238667,-0.04015420,-0.31565920,0.04406434,0.44275439,-0.26138392,0.19625685,-0.47118765,0.19143596,0.59329885,-0.60674506,0.30323476,-0.12384421,-0.03808679,-0.69530374,1.02156615,-0.57037342,-0.97600377,1.37392402,-0.35285646,-0.54651445,-0.66659135,0.57554066,1.08559394,-0.37406325,-0.32058319,0.32710642,-0.96958369,-0.55559593,0.04585767,1.06355298,-0.63949466,-0.74453139,-0.58469808,-1.08694792,-0.29176930,0.79395539,0.05158493,0.42597455,1.14393079,0.24579352,1.11355448,0.17099316,-0.01326072,-0.43274891,-0.10385871,0.75932884,0.47785032,0.56802070,-0.31341797,0.34005022,1.85307884,-0.19578293,0.12987807,-0.41470978,-0.66348773,-0.28092033,-0.59303558,0.02652109,0.01528360,-1.60933113,-0.93146110,0.23599076,-0.49676630,0.14506622,0.13455729,0.64577192,-0.38731897,0.79718190,-0.14703622,0.07713592,0.36359024,-0.11728430,0.91383898,-0.53763545,-0.86543405,-0.14509216,0.18281268,0.81206238,-0.15750778,-0.11309692,-0.76141393,-0.34798807
-0.22973549,0.12176004,-0.30028659,0.08858610,-0.09492534,-0.80787492,-0.56575537,0.40761876,-0.99243283,-0.02036306,0.97353244,-0.84093499,0.14556170,0.77726710,1.07646668,-0.10663085,-0.21171047,-1.04612207,-0.65252310,0.46888301,-0.47080463,0.65866196,0.68232840,-0.33853507,-0.04744466,0.19814110,-0.15007335,1.01612735,-1.04132724,-0.14306366,0.87756562,-0.11884215,0.81604958,-1.38518715,-0.87629217,0.11322051,0.00450331,-0.69016337,0.75732112,0.15612370,2.31752372,0.04684741,-0.61800915,1.31356931,-0.53751135,1.22732556,0.23922382,0.08978042,0.02336064,0.32569593,-0.50855291,-0.04040331,-0.64506972,-0.01142639,0.14356738,-1.40823972,0.00425634,-0.32330975,0.44979224,-2.04188347,1.68293691,-1.16415548,-1.15610504,0.98424673,-0.03236243,-0.80880529,-1.56033170,0.62951773,1.17192233,-0.91133040,0.05623981,0.06549531,-0.91430348,0.19384438,0.19128865,1.05046153,-1.08814931,-1.80056715,-0.39816076,-1.58758593,-0.48726919,1.11079335,-0.09822862,1.08424997,1.37087679,-0.28395912,1.42725885,0.39257196,0.31829453,0.21679160,0.01745006,1.17381752,0.75378370,0.93830717,-0.44651330,0.28585124,2.31305218,0.42345357,0.28310615,-0.17667130,-1.22407365,-0.20141381,0.24301493,0.35343280,-0.64261025,-2.01556277,-1.11778140,0.16228437,-0.15201031,-0.46307129,0.51918459,0.53062791,-0.17940865,0.94899857,-0.38062841,0.01757795,0.19332591,-0.07330650,0.24708289,-0.19881740,-1.46538281,-0.10695866,0.23592456,1.48167551,-1.43274951,-0.20015949,-1.22690511,-1.28827393
0.34767109,-0.27905923,-0.32154340,0.25855008,-0.33310556,-0.33297142,-0.32937157,0.93611085,-0.85632050,0.38982114,0.93985248,-0.70574158,0.01355791,0.41150302,0.94310462,-0.65857011,0.54276603,0.15690088,-1.28649211,0.80750805,-0.34736535,1.20282793,0.92367685,-0.74329996,0.40134335,0.27209944,0.64998847,0.79675657,-0.85143828,0.19885156,-0.18399674,-0.07561006,0.94063330,-0.47353563,-0.08246851,0.11925659,0.44372287,-0.59757221,1.02756059,0.23007885,1.71713901,-0.50424320,-0.99023151,0.30763367,-0.15775990,0.59837192,-0.40177178,0.73780638,-0.65539545,-0.16847929,-0.45274737,-0.43371236,-0.93959916,0.40420160,0.27337778,-0.30066401,-0.60667992,-0.81509483,0.40247968,-0.95411479,1.66319561,-1.19007361,-1.52121139,1.74129570,-0.29295760,-1.12385702,-0.74523067,0.93958628,0.73096538,-0.85494417,-0.10847701,0.54261279,-1.07601178,1.83912361,0.32923210,0.68982780,-0.95137691,-1.91020513,-1.44134986,-0.18009719,-0.83136284,-0.02426927,-0.08750795,0.74939543,1.07962358,-0.71039045,1.16724896,0.40373504,0.31458664,-0.76266348,-0.37842786,1.66974998,0.69221306,0.88873732,-0.06295359,0.29931235,2.30085683,-0.25312126,1.58640957,-0.75492907,-1.35463572,-0.77515811,0.13365859,-0.17537910,-0.08126039,-1.57870805,-0.48337996,-0.11921579,0.23938805,0.44065577,-0.40987343,0.62673509,0.17159571,1.67766511,0.26047707,-0.70801091,-0.06661248,-1.00310636,0.32668167,0.40035528,-1.26315594,-0.34953785,1.04248345,0.36744255,-0.79982710,-0.02502302,-1.51234365,-1.16894686
-0.17005086,-0.04752761,-0.92753458,0.30833310,0.08998100,0.15734428,-0.59008956,1.14788663,-0.56326413,-0.40747213,1.36947775,-1.08551276,0.40683618,0.52026707,1.36330569,-0.40508977,0.29410362,-0.75428408,-1.07123125,0.70913517,-1.03918111,0.45977780,1.43815362,-1.28998625,0.37085754,-0.12509108,-0.00760972,0.85647756,-0.61972940,0.73455745,-0.10738516,-0.28748024,1.02069962,0.40879822,-1.12325263,0.81460309,0.59713763,-1.44365275,1.35800815,-0.29140604,2.35761666,-1.10208893,-0.21009356,0.51511455,-0.35121560,0.80285960,-0.51012099,0.85825223,-1.36557269,-0.99205899,-0.39191666,-0.99329913,-0.78534102,0.30806658,-0.69958675,-0.62719059,-0.71347874,-0.42210862,0.64662337,-2.28773546,2.33507156,-1.43446445,0.74264765,2.68102622,-0.54885113,-1.17545819,-0.87129027,1.21089423,0.81907547,-1.18674040,-0.64629841,0.69175315,-0.21586913,1.96806002,0.27044278,1.31272197,-1.39772606,-1.46547508,-0.69802964,-0.01359078,-1.27722192,-0.26089483,0.36421201,1.05086493,0.52807426,-1.15450299,1.82550585,1.36573541,0.44132799,-0.56483084,-1.09562421,2.31742787,0.34518665,0.88337934,0.72759283,0.22165294,2.13886738,-0.27980968,1.92290020,-0.44413117,-1.52831316,-0.86943322,1.07654786,0.27857438,-0.13208528,-2.34588742,0.19735646,-0.36307770,-0.37606993,-1.20209301,-0.85907805,0.24291500,0.09567797,2.07125020,-0.00491932,0.48433295,-0.47292292,-1.79878306,0.35338116,1.53107285,-1.42721570,-0.80900705,-0.13972884,0.08857699,-1.11077237,0.23612972,-1.63950586,-1.21017241
-1.07387066,0.73474658,-0.50676423,0.43883815,-0.16409028,0.06209049,-0.54230911,0.43527615,-0.37566981,-0.25333232,0.73701268,-0.64632088,-0.05367781,-0.52536976,0.97099841,-0.29792961,-0.28740776,-0.29291272,-1.13396466,0.80540061,-0.53958356,0.48400548,1.29310131,-1.07021606,-0.46347916,0.01466680,0.12232322,0.79282612,-1.08635867,0.39753655,-1.07793748,0.41063812,0.87085271,-1.16814184,-0.15742114,-0.36421409,0.04530117,-1.44754601,0.27674755,-0.59854460,2.65488935,-1.02071822,0.06823239,0.41080958,-0.38037765,1.00457668,-0.03584486,0.11343792,-0.34433627,0.28117436,-0.03656936,-0.44659889,0.09896150,0.01354262,-0.74146950,0.56766790,-0.12565312,0.09108782,0.15127265,-0.77038783,1.96711707,-0.33063063,0.92499983,1.66430819,-1.83613896,-0.91239792,-1.07695937,0.34327549,0.89002025,-0.30721521,-0.26419213,1.41922641,0.01094091,1.14633322,0.37320870,1.28281295,-0.52793688,-1.11672974,-0.27286595,-0.90119511,-0.93998682,-0.06033440,0.56252372,0.99263304,0.38954863,-1.18332195,1.18750811,-0.43567282,0.22096390,-0.24660847,-1.28657579,1.22822571,0.59096730,0.52600718,-0.22624338,0.18447579,1.94458413,-0.90218979,0.30742902,-0.89232361,-0.84766191,-0.55025572,0.34196803,0.49708608,0.19821073,-1.21975338,-0.67256743,-0.21703398,-1.00466585,-0.87896240,-1.34348667,1.47358739,0.42254251,1.11466467,-0.71924734,0.79420340,-0.41178793,-0.32056206,1.30313993,0.24813288,-1.10689843,0.10824041,-0.74447423,0.47064424,0.00362515,0.31825590,-0.47374129,-0.38714612
-0.31990802,0.38561985,-0.42229220,0.06791937,-0.68095881,-0.16324583,-0.41888988,1.06155086,-0.60595697,0.60181946,0.96102512,-0.50476271,-0.10447375,-0.45447901,0.73495305,-0.40281060,0.52719218,0.12458095,-1.40313768,1.00076985,0.26697236,0.67760909,0.67065406,0.19885032,-0.41721204,0.29952663,0.76983333,0.20701903,-0.69937181,0.10238832,-1.01706934,-0.10512340,0.63016796,-0.90822035,0.49546546,-0.98377144,-0.24184525,-0.81988180,-0.00078192,-0.44660747,1.83919990,-0.14574328,-0.48823845,0.29921940,-0.53810716,0.45715213,-0.29993647,-0.00571465,0.08908632,0.37808877,-0.18546873,-0.06384403,-0.49588603,0.22685650,0.28095505,0.07195290,-0.00174970,-0.19462478,0.06331614,-0.07015687,1.02434266,-0.44824615,-0.87918091,1.47623932,-0.54017615,-0.74640387,-0.57756180,0.56024557,0.77765131,-0.19801922,-0.35465562,0.72891378,-0.89919549,-0.04552220,0.17302001,0.83335894,-0.29994753,-0.97552836,-0.91070980,-0.27241570,-0.43531600,0.20965724,0.08350730,0.20378757,1.06401241,-0.12176434,0.88423681,0.03133084,-0.07567838,-0.77300143,-0.68986386,0.82089251,0.51325166,0.72313893,-0.33627617,0.33195049,1.85949636,-0.67175460,0.42742154,-0.64302504,-0.63541418,-0.56518477,-0.46158659,-0.25699013,0.25505808,-1.15901411,-0.77699363,0.10424542,-0.28146088,0.50281805,-0.51942986,0.87341189,-0.09399860,1.03712070,0.01022449,-0.13339457,0.14025617,-0.40731865,1.20941663,-0.37874156,-0.90268552,0.04264611,0.56453371,0.45217097,0.33430183,0.07969101,-0.81486952,-0.49650544
-0.38666785,0.90543187,-0.68431258,-0.27183145,-1.04562485,-0.08791903,-0.43094590,0.67093670,-0.70966607,0.81855804,1.19361842,-0.25166452,-0.27337736,-0.52541482,0.65238285,-0.37716916,0.57147568,0.12519708,-1.32710874,1.01378727,0.22491884,0.53934264,0.45590061,0.38546234,-0.50378662,0.25826788,0.90334344,-0.00161296,-0.77500224,0.08202186,-1.09877443,-0.24921328,0.46031222,-1.01603281,0.55224395,-1.42807913,-0.27694839,-0.60980725,-0.04626352,-0.72546780,1.76664734,-0.08071491,-0.08335915,0.49756444,-0.67377222,0.46119040,-0.11468604,-0.39345440,-0.04937273,0.44310695,-0.18523496,0.14854538,-0.41766077,0.34769282,0.67232424,-0.31553891,0.41541716,-0.00050188,-0.27527109,-0.18414018,0.89773428,-0.40143546,-0.93230331,1.37220800,-0.44313771,-0.41283756,-0.29860544,0.50412035,1.11054242,-0.10241695,-0.41178769,0.46471620,-1.04844797,-0.59242529,0.08200860,0.91769826,-0.45910928,-0.51661050,-0.61009258,-0.72500426,-0.25613585,0.65642279,0.20192671,0.17546070,1.01321554,0.14245427,0.95642531,-0.00258411,-0.03393343,-0.77212191,-0.24213351,0.58910090,0.38286519,0.48091078,-0.38649184,0.32827187,1.66764998,-0.51807386,0.12068260,-0.52642834,-0.57305652,-0.32506025,-0.75088346,-0.26850066,0.31779933,-1.21232498,-0.80521500,0.20824397,-0.48940784,0.38359523,0.00875388,0.77488089,-0.30209821,0.79578936,-0.02722291,0.09876755,0.46242893,-0.17308706,1.28343797,-0.74533528,-0.68405330,-0.07945856,0.25241739,0.44803709,0.27176225,-0.02912758,-0.57357216,-0.19940248
-0.42398459,0.99543297,-0.75975758,-0.30400884,-1.07775509,-0.09877613,-0.40094125,0.67743754,-0.72037286,0.92503405,1.21591902,-0.18650383,-0.34323722,-0.48906741,0.68451500,-0.39021674,0.65729916,0.04671079,-1.35484290,0.93117708,0.21336289,0.47596470,0.40330857,0.45700431,-0.45880988,0.18294954,0.91838127,-0.07630044,-0.77825379,0.18979430,-1.07674551,-0.30880812,0.43582428,-0.99835896,0.58349490,-1.60421443,-0.21475711,-0.56499684,-0.04014702,-0.73679471,1.77671516,-0.02273265,-0.04867688,0.50873327,-0.70570958,0.39839789,-0.05007562,-0.38122261,-0.01937860,0.34313303,-0.18821096,0.16083264,-0.41837513,0.38496557,0.66505581,-0.34706590,0.41798845,0.02814465,-0.23748727,-0.22854969,0.86408114,-0.40262255,-0.90972221,1.36686313,-0.34323099,-0.38842112,-0.22673957,0.51447207,1.11089110,-0.01515187,-0.45637780,0.38852632,-1.06277180,-0.48540348,0.03075361,0.89547873,-0.45541570,-0.40892494,-0.55986226,-0.69522738,-0.21890804,0.60692877,0.15813646,0.13522691,0.95289469,0.20860213,1.00126195,0.01511125,-0.03838059,-0.77929622,-0.20349681,0.57007116,0.38808709,0.41708899,-0.37009233,0.24496730,1.61032820,-0.51152253,0.12695989,-0.46346655,-0.52885705,-0.30135101,-0.76301658,-0.31244558,0.34043139,-1.17037368,-0.79778111,0.21802890,-0.49548849,0.36638021,0.11374058,0.74145937,-0.31339115,0.73391789,-0.00897290,0.18524262,0.50263673,-0.19409126,1.31369138,-0.79243183,-0.66350889,-0.08397576,0.20317800,0.42160130,0.22670138,-0.01063325,-0.64037108,-0.15827656
-0.48935705,0.82821023,-0.64669782,-0.31445679,-0.91219783,-0.28888503,-0.36978847,0.66159499,-0.60907197,0.88630074,1.15908098,-0.20344254,-0.39364034,-0.30116040,0.74535358,-0.38910267,0.60008788,-0.18909931,-1.25026131,0.83390111,0.25890040,0.37793657,0.34391254,0.58814335,-0.45340398,0.10753071,0.91117221,-0.01896322,-0.85719192,0.22709820,-0.90529943,-0.32900465,0.45655262,-0.99295068,0.51982510,-1.58970690,-0.25990227,-0.48203382,-0.06000315,-0.60239983,1.75642872,0.25253642,-0.00246751,0.73928815,-0.67221034,0.40703368,0.05870159,-0.42445049,-0.00461227,0.43036503,-0.27385899,0.24640352,-0.45495909,0.39917174,0.52755696,-0.30734387,0.43267301,-0.03834944,-0.16661504,-0.49272126,0.78688717,-0.39503267,-1.02405798,1.20534539,-0.41307056,-0.44095474,-0.34631038,0.44608939,1.20696819,-0.04436971,-0.44232571,0.37158859,-1.05098557,-0.42841801,0.06285530,0.80488610,-0.52382350,-0.50839961,-0.50782102,-0.54521430,-0.18561414,0.50376850,0.08449435,0.24339652,1.07918358,0.39499614,0.94156408,-0.00076769,-0.09952804,-0.54630035,0.08926526,0.47327727,0.33442420,0.45104098,-0.38587797,0.15439276,1.63788056,-0.45381251,0.03897680,-0.37171555,-0.49015528,-0.24895209,-0.83636141,-0.13924448,0.30451685,-1.31772447,-0.76444936,0.31799328,-0.51930338,0.40334010,0.26058322,0.54040974,-0.30529425,0.69509357,-0.03204170,0.26712891,0.48120436,-0.00720310,1.17562461,-0.95641601,-0.67410660,-0.12505287,0.10282253,0.64187235,0.18161404,-0.05867635,-0.85416186,-0.12690341
-0.61272067,-0.05201885,-0.66251487,-0.26704940,0.22994998,-1.10429859,-0.14244860,0.57677746,0.19537342,0.30794322,1.10723841,-0.45845503,-0.86828268,0.20769937,1.08401346,-0.42462596,0.49347305,-1.16621518,-1.32166243,0.34935507,0.25729865,0.17570415,-0.08502167,0.86007369,-0.51261628,-0.61897308,0.36903161,0.35888368,-0.61202252,0.38168579,-0.31495449,-0.17277154,0.46122539,-1.16709805,-0.09193078,-1.09014416,-0.48118082,-0.70408475,-0.24420035,-0.18327209,1.95746696,1.13754857,0.26171890,1.81156278,-0.49284279,0.29076767,0.57672775,-0.48111460,-0.22463864,1.15244913,-0.49391598,0.80515778,-1.02506077,0.32449505,0.18041527,-0.44321370,0.50214338,-0.30291781,0.25884297,-1.61553168,0.56786335,-0.41129246,-1.09438276,0.86062098,-0.56530833,-0.83084375,-1.14540732,0.14370105,1.37928271,-0.20727231,-0.79131436,0.72550476,-0.77642500,0.14833480,0.12142396,0.72758758,-0.89739418,-0.95412123,-0.04062413,0.23806851,-0.02367944,0.45426548,-0.06789839,0.39915258,1.38611722,1.18629920,1.05335617,0.67775583,-0.19112949,0.36898553,0.87150562,0.24882829,0.11106426,0.31857920,-0.26279807,-0.10730691,1.71195030,-0.01631644,0.04496796,-0.00393453,-0.23540848,0.07599682,-1.04362261,0.59981561,0.18714227,-2.03731990,-0.72864759,0.57633734,-0.55395883,0.25664738,0.57601762,-0.22837505,-0.42546803,0.49054405,-0.42742747,0.55534887,0.30666798,0.79736543,0.15099099,-1.34483695,-0.74949419,-0.11151746,-0.23759912,1.62261617,0.08731914,-0.29048100,-1.70577717,-0.05973002
-2.39226031,0.26939341,-2.34137249,0.77119279,2.65804148,-2.06748414,1.36268663,1.13004768,1.44212794,-0.81232643,1.70577037,-2.08848524,-1.28935480,1.07416511,0.61123216,0.70985645,1.89543486,-1.33143973,-2.16383386,1.06545925,-0.76789272,1.46310925,0.04593275,2.44411612,1.06240845,-1.99723637,-2.76113343,-0.27920520,-0.28111389,2.12454176,-2.66707730,1.12037349,-0.15606695,-0.70254648,-0.70496237,-0.55412346,0.40056294,-1.14283800,0.05660148,1.26380062,2.38157582,1.68813932,-0.12429258,2.32389736,-0.24828911,-0.16460347,1.48599446,0.40341687,-1.13205695,1.44409895,1.03264296,0.01066802,-0.78004813,-1.46232700,0.07867208,-0.06250344,-1.08122158,-0.57612622,1.79202056,-1.15946662,1.04679573,0.13597929,-2.34757829,1.06160438,1.57640350,-0.17626160,-2.15374303,-0.08738898,0.80229616,0.33761069,-1.53370023,1.89362025,0.29490805,2.35828257,-0.54938555,1.10895777,-1.70827425,-2.01013613,-0.20751271,0.51833016,-0.46027395,-0.31617445,-0.54527283,0.42761701,-0.80162680,0.52994668,-0.12297285,1.84254730,-0.31187546,1.88109195,0.81752002,-1.58814454,-1.39647877,-1.44857812,0.33031645,-2.08712125,0.68835700,-0.36457771,0.29925340,0.50495005,0.71764368,-0.36945474,-1.58526754,1.17780685,-1.47078431,-1.76911271,-0.31482220,0.54370701,0.26045048,-0.74421835,-0.98539281,-0.77888775,0.15212066,-0.69817805,-2.52098751,-0.61257148,-0.74449539,0.87308466,0.95476073,-0.15366952,1.56934726,0.13780090,0.64470100,1.69567776,0.50843531,1.69410861,-2.53973651,-0.68040001
-1.05012679,0.39701113,-0.75951272,0.29923791,0.13264447,-0.48881975,-0.00438160,0.59893930,-0.40903899,0.84726655,1.14429986,-1.09274280,-0.31999987,0.43023473,0.25106940,-0.06429588,0.72117633,-0.16604775,-0.83997589,0.98506731,0.40371662,0.87524998,0.60806823,1.21062863,-0.00758736,0.32219768,0.08753818,0.26952392,-0.99956322,0.47754264,-1.43771899,-0.04093997,0.30186811,-1.08499432,0.36406946,-1.26473880,-0.35042384,-0.22635612,0.12055324,0.10451740,1.36492753,0.28092197,-0.67568839,0.61646736,-0.65749407,0.93063408,0.59778434,-0.15964572,-0.48269564,0.36971420,-0.14015228,0.11773059,-0.32421410,-0.22159614,0.41718104,0.06583613,-0.48777261,-0.24225351,0.45885524,-0.39030784,1.08444393,-0.50584459,-1.55338490,1.13632703,-0.11506301,-0.94692665,-0.57133657,0.58124745,1.08546245,-0.01841436,-0.08445355,1.04155660,-0.57195890,-0.42698056,0.34739047,0.74695045,-0.95991606,-0.86543274,-0.62723327,-0.94967836,-0.50114036,0.09181231,-0.25942558,0.29245740,0.75604475,-0.24677327,0.84875619,0.05874465,-0.00503877,-0.11088891,0.40187195,0.48975492,-0.20334637,-0.00307345,-0.40566534,-0.29085875,1.56180453,-0.53898507,0.25424185,-0.31989112,-0.38485724,-0.53742117,-0.97712052,0.08875787,-0.59032536,-1.34856427,-1.16098356,0.33655560,0.19761276,0.02271421,-0.37635070,0.49451894,0.10902628,0.13620158,-0.05923480,-0.36306667,0.12482610,0.07009143,1.51664376,-0.49754238,-0.23811755,0.18329100,0.59016007,0.67272043,-0.26444197,0.18521462,-0.93157959,-0.43546289
-0.45029050,0.93183351,-0.76464653,-0.22879303,-1.03711104,-0.07176527,-0.42840618,0.68824065,-0.62217247,0.90454274,1.31218290,-0.39626741,-0.30327266,-0.40338328,0.73358691,-0.43196169,0.74964750,0.03743893,-1.40077770,0.97507453,0.16647777,0.57570362,0.46094525,0.55467391,-0.41630432,0.24473661,0.88024789,-0.08867669,-0.78211963,0.15285198,-1.12231863,-0.23993668,0.46671748,-1.05312800,0.48141962,-1.42644942,-0.30961463,-0.49164292,-0.05585072,-0.68729538,1.72228265,-0.04366812,-0.18811131,0.60193032,-0.68926311,0.48092622,-0.09390035,-0.40067747,-0.10326618,0.41844559,-0.21829909,0.25723082,-0.49141347,0.45516488,0.68284941,-0.40854755,0.30762383,0.02116486,-0.18727386,-0.19155777,0.86047065,-0.49610963,-1.06163180,1.37823820,-0.30248898,-0.50762922,-0.22784035,0.51164037,1.13473499,-0.11124118,-0.38688415,0.41854227,-1.08450711,-0.63046753,0.02851945,0.95854336,-0.61338532,-0.47237968,-0.68822354,-0.71222335,-0.22651771,0.68662059,0.16898292,0.13376027,0.96809840,0.23815435,1.07880628,0.11639445,-0.10954997,-0.72052473,-0.07909071,0.70560241,0.40465486,0.40123892,-0.37018687,0.22578330,1.71324062,-0.47389936,0.18438813,-0.48989427,-0.59148687,-0.29067749,-0.79579961,-0.25550681,0.17805766,-1.29407120,-0.74707448,0.29203105,-0.45328394,0.27907938,0.02384226,0.68792331,-0.27269989,0.76398528,-0.04196622,0.14277294,0.52287954,-0.24576885,1.19138861,-0.69753218,-0.75366938,-0.13262320,0.31287035,0.59512419,0.18514228,-0.01659011,-0.71796930,-0.20285335
-0.44121879,0.95942736,-0.79050589,-0.28252152,-1.05722940,-0.08275047,-0.42207992,0.61651969,-0.71717143,0.97736251,1.31163633,-0.23277399,-0.35444546,-0.43860373,0.78538537,-0.45070258,0.71830344,0.09634429,-1.34175754,0.95129704,0.19132043,0.57728720,0.44994521,0.39420187,-0.40250212,0.22772169,0.89173722,-0.03024465,-0.79060745,0.06303775,-0.98848271,-0.30243719,0.52035928,-1.08762503,0.44377989,-1.45532954,-0.24404046,-0.49920484,-0.00997797,-0.71130228,1.77091360,-0.16738248,-0.09949866,0.50408608,-0.68895543,0.52408940,-0.06157352,-0.38992524,-0.15132356,0.37197340,-0.24968249,0.21364376,-0.54372382,0.51123631,0.69203353,-0.44321111,0.35714623,0.03187118,-0.30170941,-0.30304772,0.87507915,-0.56836450,-1.01968324,1.29878676,-0.35220614,-0.43959302,-0.15521745,0.52464205,1.16242552,-0.09506436,-0.36819044,0.41889954,-1.10905135,-0.44106615,0.12162685,0.89013779,-0.60779500,-0.49393606,-0.59655863,-0.70398372,-0.26446947,0.72177416,0.22990784,0.12245333,0.93862212,0.05853052,1.13931048,0.14427628,-0.01285928,-0.77043211,-0.13002899,0.73272169,0.44772577,0.41579306,-0.38756454,0.25359690,1.68480635,-0.44991630,0.15927300,-0.38589704,-0.67397147,-0.24358827,-0.73010623,-0.34058389,0.30866578,-1.26096249,-0.79749846,0.26275980,-0.41871169,0.27347523,0.10044698,0.71440744,-0.23848762,0.73751038,0.01291161,0.19246873,0.55506480,-0.28620845,1.24358439,-0.78138959,-0.77163267,-0.10726887,0.29655150,0.53125322,0.09922707,-0.00075023,-0.69685626,-0.32292062
-0.47223288,0.87092757,-0.68023294,-0.33693504,-1.07218373,-0.16407910,-0.45465660,0.71331787,-0.61415744,0.94547862,1.30208576,-0.19021282,-0.33646053,-0.49418244,0.69305968,-0.51735395,0.75770766,0.19204110,-1.42202652,0.95511770,0.30858541,0.52829933,0.41435957,0.42815322,-0.45213434,0.19335419,1.11601377,-0.06133729,-0.77888155,0.06389976,-0.97594225,-0.32584754,0.51979780,-0.96346807,0.59682935,-1.54233551,-0.22283971,-0.54783809,-0.02892831,-0.67716694,1.77527630,-0.12177284,-0.07478817,0.45356375,-0.57838929,0.50786066,-0.18312947,-0.41367984,-0.17051035,0.34387672,-0.23504978,0.19268122,-0.58494127,0.60095906,0.70319486,-0.36606264,0.45108062,-0.04182509,-0.34615016,-0.15028530,0.81069136,-0.48623136,-1.12313306,1.36277807,-0.36464003,-0.42598349,-0.12991036,0.50407261,1.27214360,-0.14925109,-0.37984011,0.45280838,-1.12074351,-0.39622757,0.16808569,0.86150068,-0.62622464,-0.50818527,-0.71850514,-0.47219485,-0.21575359,0.65599042,0.23764297,0.11249447,1.02310276,0.01085121,1.01169658,0.06913649,0.03964418,-0.80791491,-0.04868644,0.69882298,0.38634336,0.49896777,-0.42562115,0.24407251,1.73368740,-0.50328344,0.20273808,-0.50019801,-0.75041324,-0.30356842,-0.72989142,-0.34165928,0.35978213,-1.26551306,-0.69999653,0.20325696,-0.44517145,0.42037702,0.07212748,0.74316907,-0.23229520,0.88855922,0.03743073,0.11251709,0.54827082,-0.28571671,1.25347400,-0.83629507,-0.77121246,-0.19906723,0.35046461,0.45535588,0.22482169,-0.06080507,-0.74919808,-0.24866357
-1.33370376,0.36584297,-0.71966153,-0.87045014,-0.36131734,-0.72621584,-0.45574790,0.38014209,-0.19515842,1.20274210,1.84547794,1.20292151,-1.05797398,1.71387458,0.86828864,-1.14614534,1.15373683,-0.35160154,-1.62138140,0.84002244,0.45490834,-0.10632858,0.84040934,-1.49140608,0.94698513,-0.56026119,0.87783933,0.73422438,-0.96699393,0.11755952,1.11108124,-1.50049329,1.92971349,0.23268872,-1.81836748,-1.62240911,0.59694695,-1.24319279,0.42817041,0.47729823,2.36070657,-1.80399358,1.62865722,0.72443032,0.12654644,1.63509130,-0.00007452,0.17546624,-1.98586702,-0.38794565,-1.32854438,-0.74882615,-1.68948400,2.22076774,-0.44161856,-0.88446915,0.49508113,-0.27511993,-0.17280763,-3.02397060,0.96333635,-2.41591191,-0.58895612,0.40831158,-0.05146530,-1.03393888,-0.33237839,0.38357979,2.01693511,-0.74416089,-0.72111464,1.10030091,-0.60362661,4.25145388,1.33146977,0.10539758,-1.70123422,-1.25442505,-0.11579969,1.27613997,-1.41273081,-0.04867052,0.34894100,0.24426407,0.86845911,-2.39368367,1.83211553,1.16153586,1.72688985,-0.19446349,0.45587787,1.39896226,0.62732351,1.38034642,-0.12725210,-0.47124141,2.47124338,0.03627063,1.10796654,0.23506519,-2.16172957,0.14577848,0.64908308,0.12081924,0.79643995,-1.77143633,0.35184747,-0.36910218,-0.11152386,-1.49873972,1.44123805,0.29382837,0.64546424,1.58978760,0.33156466,0.77209091,0.88416564,-1.29009509,0.77011251,-1.44297528,-1.29014409,-1.14613235,0.26709455,1.08395278,-2.75189853,0.52307606,-1.61878872,-1.94164515
