1.05898809,0.61180735,-9.95148659,-0.38554654,0.15921140,-0.49790102,-0.51425207,1.63606405,0.46633345,-0.85378587,0.02906615,0.67868423,-0.46140045,1.64486361,0.16588616,1.13503456,0.93407035,0.04988393,1.65563822,0.61810452,-0.95325923,-0.27814922,4.28011274,0.35190678,-2.02718186,-0.86838472,-0.36153492,-0.70981991,-1.47176313,0.65139836,0.49130404,0.48557132,-5.48593950,-1.07675338,-0.35189331,0.16000164,0.12025911,-0.06197548,-0.02796629,-0.72767675,1.48355484,-0.71068227,1.91278470,1.37523556,-1.49557734,0.48385814,0.17854616,-1.34746766,-1.22767806,0.78279376,0.46780419,-1.19604492,-0.24455458,0.09813464,0.36446309,0.16205975,0.36372229,0.30689552,0.19395128,-0.63803566,0.45044053,-0.13015741,-0.29504216,1.44534039,1.44921374,-0.04591101,0.05225566,0.84462190,0.81413949,-0.61314154,-0.75011230,0.43730551,0.51631165,-1.09634185,1.60542524,-0.28584263,0.30983567,0.28950977,-1.22524416,0.21026176,-0.02776282,0.47706199,1.15453601,1.17000532,-0.22207811,1.17447853,0.62634027,0.09024135,0.02602354,-0.32097727,-0.62638718,-0.67134708,0.05556026,0.06970608,0.41869748,-1.00137174,0.13081317,1.14899325,-0.12458362,0.78333378,-0.11673760,-0.18547952,0.69390374,1.56648898,0.30956215,0.42058814,1.60212946,-1.08622754,-0.41550148,-0.32477707,1.10577393,0.16524704,-1.01108325,0.75656670,-0.75940311,0.02532223,-0.16756247,0.43935043,0.39612284,0.21725015,-1.18802214,-1.67389357,0.31122315,1.73287582,-0.62137806,1.24213862,-1.09489012,-1.11483955
-2.68888617,1.05653536,-1.25170660,0.08311099,-2.66412044,-1.16458201,-2.56975389,1.32855964,0.52394807,-5.95113277,0.67894113,-0.13462135,0.78638136,-0.46572918,-0.61288321,-0.74155200,-0.47905922,0.85536128,3.93430376,3.08834553,-3.72293377,-1.22159076,2.33854508,-1.79597008,-0.92900038,-1.09672451,0.57800448,0.02309549,-0.44571289,1.15356970,-0.98067838,0.42137992,-1.74636543,-0.45261258,-1.15605998,1.49408305,1.63645053,0.70204353,-1.48402107,-1.80741608,4.42458916,0.27090442,-0.56303060,2.76735115,-0.97568482,0.70393443,-0.90537679,1.97272265,-0.85063082,2.74716616,1.10764360,-1.27625561,0.88591278,-2.22791004,1.19482064,2.57969236,4.45277882,-0.09889981,-2.18401289,0.95532608,0.85192752,-0.14980337,-2.39789867,2.92474937,1.39596176,-0.94514704,0.57302868,2.57943797,1.30316651,-0.56665409,0.65610480,1.03651190,1.14424324,-2.65960813,0.03138298,2.67148542,-1.05253077,-0.75273001,0.75314367,-0.07838279,0.61274421,0.29562992,0.30870575,2.05544996,-2.23213840,-0.39455652,-0.90840828,0.27551270,-1.23570991,-1.79335535,-0.34246746,0.77025229,-1.82194531,2.03390360,-0.22549617,1.14965022,0.18013780,-1.32581091,0.54822433,3.73428392,0.56476313,-2.00034761,1.05071080,1.38942564,0.84180069,-0.63699913,-1.09994698,-2.01822495,-2.85476160,-3.67944193,-1.23116887,0.90027088,1.44006598,-0.11072454,-3.12283301,-0.50438714,1.77114296,-0.30643699,1.16108894,4.21069145,-2.82387209,0.91548836,-1.92914355,-1.34822500,0.25402370,1.88501835,0.39813876,-3.21151376
-3.87941599,0.52392626,0.02489741,0.04186580,-2.56022787,-2.34270191,-1.44802046,2.58791447,2.10866928,-3.87988472,1.99717033,0.26732892,-0.46175081,1.42341554,0.53105372,-1.81612742,-0.13600355,-0.25150573,2.12438345,0.17222686,0.67886436,-2.28182411,-1.05100930,0.53715247,-1.93532324,-1.01422572,1.42682219,-2.43980551,-0.06489909,0.46860170,3.00807214,-5.93320847,-2.46720076,-0.00524163,-1.73189461,0.70386750,1.15286148,-2.58772230,1.76799178,-2.60017061,2.40673614,1.28356040,-0.74293315,1.89922762,-0.53969181,0.77349746,0.42074400,-0.59469014,-0.66297263,2.15107965,3.16611099,-0.87033153,1.13633704,-0.40327466,-0.43611693,-0.22704472,4.64147377,-1.69055855,1.97887802,-1.30301702,2.17736292,1.74405229,0.29127908,3.26880121,4.48475075,-0.53173912,-0.63353848,0.49296305,1.30865395,-0.65984184,0.19123870,-0.85436827,2.27606583,-4.04088211,-2.80155802,2.64579272,-0.91230327,-1.20291913,0.13413766,0.66242063,2.33012009,-0.40119472,0.29197213,1.78361869,-0.42663014,0.73341143,-0.83107060,1.68929601,0.86034012,-2.27037549,1.04955900,0.04115292,-1.93874288,2.98745894,1.28241467,-1.53749847,0.64473283,-0.35496616,1.08520949,3.25592256,-0.85549188,-0.84172440,3.16040564,1.87622130,0.56328404,-2.36166644,-1.03023648,-1.76109707,-0.85932624,-3.13299227,0.39966914,0.76679474,-0.08126165,-0.95379138,-2.55926013,1.65463948,2.62569261,0.18836442,-0.04078412,1.31123614,-1.89103067,-0.67246997,0.94522959,-2.34192085,-0.87014139,-0.79910803,-0.67693746,-2.71599078
-1.52010369,1.59885728,-1.23590755,-0.29647571,2.15742660,0.11856237,-0.07137088,0.50091100,0.02495199,-2.23087358,-1.13850689,-0.02636984,-2.42536163,0.73991334,2.42411828,-0.52346224,-0.43418157,-0.74846399,2.35704136,3.20198154,-2.42867899,-0.51625299,0.64414555,0.74771178,-1.79124236,-0.47965676,-0.56607962,-0.59708118,1.10696721,2.57326341,-1.55888951,0.86028659,0.08382320,-0.62105262,-0.62691873,-0.24654186,1.36526787,-0.82639760,-2.87921405,-3.97281170,1.15811884,-0.79167718,0.66078556,1.44734669,-0.52314633,-0.55025840,1.72333348,2.03756571,-1.03039539,1.29814696,3.41261029,-1.35059786,0.15126154,-2.48326993,-0.48722857,0.41039681,1.42753696,-1.53939331,-0.29557502,-0.94161236,-0.57027251,2.65420747,-1.78672636,1.52704537,1.86604905,1.32968044,0.56424987,0.25233209,-0.74833304,-0.15997192,-0.65315449,2.53121758,1.95490146,-5.45717525,-1.85727251,-1.30484068,-0.87233907,-0.99058431,0.11037157,-0.10649014,-3.03844023,-1.16226935,1.09849298,0.67971098,1.27604544,2.04245567,-1.37291205,0.10540187,-0.82673478,0.06839365,1.30971503,-1.32298648,-0.64913744,1.36670983,0.59845972,-0.62600386,4.49888563,0.75275600,1.84604764,2.34414959,0.39191949,-0.08548957,0.68218547,1.44807446,3.14504790,-0.85287952,-1.64439821,-0.82485974,0.07317743,-0.87624437,-0.25147444,0.69456112,0.66036141,-2.85164714,-2.66308069,-0.03926795,-0.95626342,1.25910223,1.06067979,0.08913380,-2.12354970,-0.38339409,1.07139659,-0.33924329,0.65106320,-0.72794867,-2.23052526,-0.56526506
-0.44320393,-0.29479381,-1.79638696,0.88580525,0.33214167,-0.04181772,1.58630657,1.59373963,0.61304796,-2.83781195,2.37585640,1.87301302,-2.36240649,0.94623625,0.16978714,0.77222574,1.27588177,0.78402865,1.87365127,2.14545774,-3.05222654,-1.72849202,-0.13481987,0.68374109,-2.46811700,2.09201074,-1.04602802,-0.94133151,0.39172107,0.99282682,0.05852956,-0.56890500,1.02140415,-0.45056558,-0.99121207,0.41026220,-0.79146528,-2.50349140,-0.54613453,-2.64739752,3.22911215,-1.83204186,-1.77188206,2.64140320,-1.15545022,0.75707752,-0.48079002,-0.80399549,0.30256307,-0.18745470,-1.99673736,-1.48425472,2.13623857,-3.24536800,-2.12527633,-0.89302850,2.31539965,0.00476778,1.34894526,0.28603125,0.87629062,0.91175359,-0.99410355,3.78501654,2.18766475,0.57464260,-1.11181438,0.71362782,0.51324552,-0.65720469,-2.28786993,-0.42274868,-0.32592118,-1.74894428,-1.53037977,2.59043837,-1.15202403,0.23089835,-2.50774384,1.61262274,-1.31548619,-0.64744180,0.40806431,0.14124480,1.57866073,0.61521429,-0.11208797,1.19923401,2.66817856,1.90860295,0.33908093,1.29809284,-0.51812690,0.24426353,1.40179205,-2.03651571,-0.93436366,1.22241223,-0.17830163,3.18454075,-1.19842565,0.45329753,0.79987037,1.50954628,3.54513741,-4.57205963,-0.59148264,1.47486448,1.49542499,-0.99278301,-2.52926397,0.29905981,-1.07479489,1.77229917,-2.07226491,-1.35307980,0.03653380,1.51800203,-2.08156419,-1.23247433,0.44868815,-0.60947198,2.07145166,2.67645931,-0.96481401,-1.09295392,-2.42483330,1.05531764
-1.30287409,0.96633720,-0.39864323,-3.73298645,0.08221643,-0.30606675,0.27359635,2.96251059,-1.01027226,-2.34161329,2.12556314,0.82119805,1.01827157,2.05390501,-0.22803143,3.38326979,-0.02069116,-0.03365071,3.54476333,1.14829946,-2.75839067,-0.90807158,1.03679633,1.14447987,-1.63403845,-1.60631943,-1.66237402,-0.24972907,0.17552558,3.22968531,-1.52603281,-4.46589899,-0.32125986,-0.98168039,-1.37893200,-1.72451913,-1.06790876,-1.40568209,-0.85168481,-0.62440717,2.18146849,0.01049048,-0.37193191,2.16403389,-1.55960178,2.07083130,-0.18090358,1.67798340,2.57143903,0.30993676,-0.11401811,-1.12043333,1.06165338,-2.32517791,0.94850099,0.63936955,1.82086754,-0.47019783,0.39453501,-1.04634523,0.91373134,2.35759211,-1.27015233,1.50979924,1.41920233,-1.98380566,-0.91889387,-0.18711221,-0.19544977,0.04356939,-0.43488988,-0.89712369,0.83077741,-4.53710461,-0.99251693,-0.02714497,0.06061250,-1.09091043,0.71984422,-1.25321674,-1.16967511,-0.99639046,0.10065195,1.84740925,-0.45581660,2.23888159,-1.44587815,0.86291105,-0.22192886,1.24584913,1.36457014,-0.36199385,-1.19753027,1.52637005,2.10893321,-0.60971558,2.18735719,0.33287728,-0.93093371,0.48063228,2.79159355,-0.02187282,1.78246117,1.42428565,1.10324359,-1.86755013,0.72390032,0.15199563,0.97326362,-2.65894723,-0.60947871,2.01980972,-1.13579905,-0.34514523,0.74644566,-0.68543428,0.39281315,-0.04766022,-1.54281998,0.25986135,0.51695305,-0.90150654,1.69989944,0.97834647,0.58313245,-1.67696524,-1.41690874,-2.76679587
1.70911014,0.78852606,-1.99022770,0.34588504,1.40079975,-0.34704229,0.07557958,1.02124834,-2.37339211,-0.96358740,0.94308132,0.83989877,0.94110769,1.04596543,2.43297672,0.89741397,-1.50435400,0.07134336,1.71090627,-0.43572390,-2.86172390,0.09212399,1.09795213,0.68057734,-3.05816698,-0.74309540,-2.06355071,-0.09935689,-0.02135210,1.61090696,0.02164013,0.37173206,-0.26990673,-1.87190068,-4.33656788,1.38719440,0.66212338,-2.45110512,1.04910457,-0.43907267,1.57129216,-3.04438663,-0.83297986,4.76594496,-0.61179239,3.98090982,-0.02761286,1.61527324,-2.66801715,1.33534491,-0.86057097,-1.44763470,1.15632999,-3.65249252,-0.78969705,-0.10977146,0.50958383,0.76981598,-0.33309248,-1.69995308,1.77184892,1.13441038,-0.51892281,0.86746949,2.64599800,0.00589550,-1.86687636,1.35608363,-0.03522518,0.51338303,-3.18215775,2.20867872,-0.92772514,-2.45225596,1.41315389,-0.48795262,-1.02740455,-1.21692705,1.10489118,1.40662169,2.04779339,-3.09776735,-0.29177153,1.61696339,1.33987975,0.47737944,-0.58566827,0.96570790,-0.28429067,-0.62132663,-0.51695496,-0.87788898,-0.53487259,0.05310035,1.48313212,0.18709257,-0.18292788,1.34701908,2.24957657,2.30246592,1.42464566,0.98227012,2.38038039,0.89240497,0.49971116,-0.84682393,0.78013957,1.23972261,0.95253962,-0.86013526,-1.81243730,1.66802561,0.95688730,-0.25532177,-1.73859715,-0.18254948,-2.58277941,-0.20361811,-0.15913796,-2.02718449,-1.30766082,0.28696021,0.53349799,1.09783101,0.54246807,-2.28637052,-1.17561102,-2.40722132
0.34390938,0.71802503,0.10065788,-0.64871240,-0.27729559,0.48675406,-0.76408345,0.60511410,-1.60881519,-2.63296366,2.07958078,-1.16662478,3.26784801,2.47807837,0.48126835,0.19660942,-1.49357736,0.78142416,4.13696432,1.47519004,-1.83759212,-0.01346529,2.74837780,-1.42421401,-2.63655138,-1.99208879,0.91450125,1.31735170,-1.74392140,0.99704176,0.35686004,-1.63918841,-1.28237927,0.29059350,-0.67169595,1.55289841,-0.63335669,-1.64242482,-1.32536435,0.06918991,2.41079903,0.74603021,-0.13845849,1.16924083,-1.76039469,4.40256071,-1.92448163,2.39605927,-0.58507955,2.19635510,-0.31962311,-3.71755123,0.71055818,-2.84575844,0.41724443,-1.00135696,1.89587069,-1.07683575,-0.66545689,-0.75900650,0.88387698,0.14539647,-0.74197781,1.28396237,2.85272026,-0.26390085,1.52809477,1.25229764,1.36401498,-1.80245280,-0.75630903,2.32863116,0.01088095,-2.65169382,2.31694722,-0.30928206,-0.59269357,-2.79993224,0.91450137,1.88248014,-1.50028324,-0.98897415,1.54299843,1.78876376,0.30924636,-0.63415551,-2.20518994,-1.49082804,1.80272722,-2.54920435,1.90600646,0.45095098,-0.68724686,1.90053451,0.74095768,-0.03680938,1.74107265,-0.70049876,-0.00807077,3.57541466,-0.06003964,-0.39081210,1.53952408,0.49013126,1.99135232,-2.51683378,0.66090703,0.14666778,0.44538331,-0.41309369,-1.21553874,1.46623003,-0.57139939,0.11903590,-0.90377784,-0.76834518,-0.08996844,-1.04704356,-0.50316381,-0.08995008,-3.00217772,-1.24509156,-1.29800224,-1.82199836,-0.54340655,-1.24537241,0.38256252,-2.50611496
-1.49119055,0.64298701,-1.01300728,-1.43387914,-0.91063428,1.91394329,0.34373713,1.19883966,-0.58130497,-2.54969954,0.31560692,-2.03091311,-1.67431951,0.44540009,2.30872226,-1.16575241,-0.48529851,0.44620645,2.13818741,3.03455019,-1.64779580,-0.67827082,0.92930901,1.43539882,-2.19793653,-1.21106148,-0.20865516,0.54110998,0.64033687,3.13505769,0.20084707,2.78689098,0.26243395,-1.37437510,-1.08299649,-0.45486909,-0.09635920,-0.77283132,0.34374818,-0.97760832,2.75184107,-0.95057899,1.05297470,2.45390987,-0.95494044,0.57263792,-0.97533041,-0.85063332,-1.14769769,-1.11394703,-0.97942871,-2.05587053,0.69365716,-0.68008006,-0.60337096,0.94588357,1.61776185,1.24562550,-0.53674841,1.42499793,0.91791195,-1.08479738,-0.66630924,1.63979244,1.74024057,-2.27774286,1.06866050,-1.03755164,1.23618710,-0.08370224,-0.61652386,1.45402658,1.69544780,-2.47349787,1.49212265,-2.16554523,0.04874046,-3.26668882,-2.08360863,1.52247488,-0.06403595,-2.45012617,0.08293667,1.29855478,1.00414014,-1.07217550,-0.79594147,-0.10716327,-0.41731268,-0.12029833,0.46732834,-1.44915104,-1.96626484,0.67108840,2.92007184,-0.55368263,-0.18066067,1.58912265,0.47721237,3.98932624,-2.49904990,-0.38483575,0.92020226,1.49942887,0.24854434,-0.13773894,1.56855333,-0.49893883,0.56125444,-0.84875798,-0.20458987,1.76232004,-0.09817719,1.19806051,2.36710405,1.09372461,-0.05402847,0.13009617,-0.00854342,1.74377418,-1.26001632,-2.45818233,-0.80830830,-2.06477928,-1.06650710,-0.17983261,-1.67657971,-1.15661526
-0.13109237,0.14808065,-1.56255031,0.04985270,1.25298452,0.24776989,1.66959524,1.32594478,-2.36976719,-0.66023821,-0.07874939,0.78101313,2.12591791,0.30905151,2.35820436,-0.05899003,-0.92772645,-0.95925611,1.85388315,1.18790126,-2.78813791,0.27347863,2.66746569,0.73013508,-2.97596979,-1.77479672,0.41889095,-1.27017283,-0.59207714,1.79513764,0.42388728,1.95928419,-0.04255084,-2.34876084,-2.22119474,0.54063761,1.36334264,-0.33280528,-0.44233930,-1.14448571,1.64245272,-2.29847765,-1.08699536,3.45851898,0.67233050,2.02979946,-0.17433441,0.61993110,-1.65320683,-0.20997722,-1.22700024,-1.85077286,1.53893924,-0.61905366,-0.53700817,-1.13150597,0.38082248,0.73547256,0.86361384,-1.15770960,2.69018531,-0.23625228,1.36599970,0.89790708,1.90088618,0.89530528,-1.09072447,0.86881441,-1.47883224,-0.10839283,-1.73054969,1.59225821,0.35595000,-1.27594781,-0.34106368,-1.03378177,-0.85033178,-1.69835985,0.89850783,2.56490970,0.78964376,-1.41457176,-1.91955423,1.02813196,0.40993813,-0.03223759,-0.70729041,0.99002802,0.36581910,-0.96065015,1.17193460,-3.57086134,-1.37330604,-0.18398426,2.82109928,-1.22475863,-0.26604518,1.02169788,-0.78792512,2.97254372,0.80607533,1.41650522,1.44826090,1.74445951,2.05640459,-0.55399293,0.01568449,0.75465733,0.44214895,0.04575592,0.09174559,0.43738347,0.84346491,1.88933289,-2.66039443,-0.08245584,-2.54939032,-0.05261028,1.12129354,-2.28548622,-1.17765284,-1.38237572,0.67880976,0.47216037,-0.52022320,-3.91562653,-1.10699654,-1.10375881
-1.52179933,1.13649178,0.38093039,-0.16651100,-0.78072977,-1.20176220,-1.26420069,2.29544306,1.20137382,-3.81752348,2.14010382,1.02940273,1.41970468,-0.09732139,1.09743524,-1.70869088,-0.60555780,-0.57040697,1.48264682,-0.70100498,0.67301095,-2.92423725,-0.86788666,1.29332054,-0.64218682,-1.49763834,1.10753512,-2.61746454,-1.74912262,1.14788508,2.56243277,-5.74393463,-2.55273533,-0.18663776,-2.00153875,0.40541527,0.59182429,-1.65408683,1.21082425,-2.17499876,3.08471322,0.71043175,-0.10162604,2.25902653,-1.29413700,-0.46302989,-0.20032227,-0.51122320,-1.13701844,0.11653265,3.42436004,-0.70405686,0.76447850,-0.68674469,-0.55554187,-0.92471451,3.07969952,0.38336945,3.10013342,-1.07766593,3.19720602,0.99850452,2.07747507,2.44332862,3.70088196,-2.17959142,-0.28610271,1.38426614,1.46899557,-0.53249794,0.28126720,-0.25055349,2.22633767,-3.69683838,-1.71232104,0.80414772,-0.27442300,-1.86991394,-0.04469526,0.83025712,2.39880657,0.73758858,-1.44751525,1.22402215,0.89621150,-0.45234066,-2.27718520,1.83204365,1.29901290,-1.63118577,3.68521714,-2.38660765,-0.95459998,1.81771016,2.14346790,-1.23769200,0.42081654,0.11990455,-0.83764553,1.44898450,-1.22495592,-0.58226180,2.42184615,1.85857153,0.36439827,-2.37220097,-0.10568115,-0.91088623,0.78874350,-1.27113247,-0.27819419,1.26470661,-1.27250242,-1.54356050,-1.56579757,1.26305211,2.97246885,0.59299505,-0.23407930,0.08900326,-1.70309234,-1.50269485,2.56533575,-0.84166974,-1.96505272,-0.33042425,-1.44404197,-1.97045219
0.30991226,1.69142830,-0.54017603,-0.36083990,4.01556683,-0.39699227,-0.34587467,0.00140718,-1.02642727,-1.80879128,-0.28554946,1.51063514,-0.28582901,-1.12690556,2.58302331,-0.79156214,-0.51129317,-0.60277051,1.96691990,1.02350831,-1.62128973,-1.58443797,0.77641404,2.27834940,0.38473174,-1.84820127,-1.65000844,-0.62477171,-1.30888057,3.14958000,-2.56079149,0.79506826,-0.61174935,0.45882881,-0.64909041,-0.62954623,0.95248473,0.17628232,-2.77016068,-2.79470730,3.03750610,-1.45193267,1.30061376,1.84193802,-2.11385107,-2.44876432,1.23646033,2.23029399,-1.49240506,0.66675806,3.13225842,-1.13887680,1.19679248,-1.94863784,0.16890451,0.47782359,0.54707921,0.62647426,0.47357959,-0.00521547,0.40550452,1.13405204,0.52689260,0.68104851,1.08099973,-0.60154867,0.47474748,1.88332129,0.04100491,-0.13683408,-0.10020794,3.90905905,1.38454151,-5.37910080,-0.70609397,-1.87220716,0.90491575,-1.43433380,-0.32793716,-0.23527865,-1.75191164,-0.57209468,-0.28205308,0.96289736,1.76221585,0.76897943,-1.66148949,0.75775301,-0.48547512,-0.10583872,2.91255140,-2.87094736,0.36026925,0.55076075,1.63205850,-1.10063410,3.69722438,0.04324698,-0.70380950,-0.54852057,0.57859063,0.49145758,-0.72782135,1.01893818,1.52142596,-0.54557323,0.10813601,-0.35898930,0.27555466,-0.03977001,-0.59288013,0.21324253,-0.23011544,-4.23407078,-0.40720868,-0.95461947,-0.59913653,0.76253879,0.10456999,-0.91430390,-2.45311952,-0.56484485,1.55794966,0.63319474,0.02205250,-0.10233754,-2.84766722,-0.18342181
1.18284643,-0.06744909,-1.29428828,0.38389179,0.89943153,-1.75695920,-0.46266949,0.41899446,-0.02797350,-2.38635206,1.78973889,2.80557632,-1.53552818,-0.48347655,0.50815094,-0.09090069,0.52701533,-0.20168608,1.01710629,0.76119459,-1.90267515,-2.54402685,-0.10639906,2.63364482,-0.18906844,0.60244715,-2.44303989,-0.92362112,-1.90149164,0.52389216,-1.15764856,-0.31873018,0.20442036,0.27792126,0.65310121,0.25149620,-1.64063215,-0.70937240,-0.08475056,-1.72361588,5.50510406,-2.55508900,-1.17646039,2.31864166,-2.04863811,-3.34896111,-0.54886371,-1.27095008,-0.26963294,0.32199717,-1.70276272,-1.37747502,4.23448563,-2.07872295,-0.84660828,-1.55333102,2.45430160,1.55245674,1.82661831,2.03692937,2.18540120,-1.60274994,1.08104801,2.15779233,1.95375037,0.92241693,-0.53268003,2.79145885,1.20095468,-0.39847910,-1.96691132,0.80511004,-0.72348416,0.06087804,-0.96020311,2.55927515,0.64846724,0.35022962,-3.42433214,1.17982972,0.45706916,0.21442409,-0.10970920,-0.23178774,3.03609514,-0.09134284,0.33764130,1.95596468,2.88334751,0.78996611,1.66502035,0.30335593,-0.55876386,-0.47404176,2.16244984,-3.35795307,-2.28359556,1.01055181,-1.78478646,1.71436131,-0.48451549,1.44761884,-0.39242208,0.68467718,1.98462296,-3.77119589,0.46235964,1.10048985,0.65343994,-0.72092956,-1.77451777,-1.64223909,-1.89076900,1.30790114,0.27686268,-2.00395465,0.37672612,1.43968213,-1.57362831,-2.57620907,1.34727228,-0.26948360,1.32070255,3.13090563,-2.53120589,0.20756698,-3.85145164,1.76110625
1.76994073,-0.27132815,0.27113193,-3.16218472,-0.94836092,-2.56159306,0.70530474,1.56064248,-2.41214728,-2.22837543,0.91466761,0.83230352,2.68746638,0.66611338,0.69872451,-1.95923841,-0.58280623,0.07201743,1.47471666,1.36491334,-1.12918639,-1.03962398,1.19075143,4.39544582,-0.38554317,-1.45520055,-2.07179785,-1.24111819,-0.96714520,1.71248937,-1.34658349,-1.40888870,-0.12217961,-1.37021959,1.25824702,1.27730894,-2.22417140,0.17479348,-0.59845686,-1.77770519,2.24954557,-2.24390602,0.00212204,1.25314689,-0.71140718,-1.02708852,0.54227102,1.17852259,-1.39778662,1.72165132,0.68650210,-1.35404778,3.31786537,1.59760284,0.62920463,-0.03053164,1.12507772,0.07076252,0.49100417,1.40399122,3.03802490,-1.70867908,-0.37813565,-0.65933836,0.64229220,-0.89738816,1.12668824,1.67657268,1.08117056,-0.30005798,-0.55205178,3.64735651,-0.09446436,-3.88490200,0.35335529,-0.10826799,0.02003029,-1.19119287,-2.92244482,1.98725045,-0.19856749,1.04640365,1.12779641,1.09274626,3.63615608,2.06969380,0.22897375,2.07239676,-1.50325644,-1.40488839,1.12507927,-1.15636206,-1.19405007,1.09515858,2.51216269,-2.91877747,0.61915785,-0.73646134,0.48289061,2.47282982,2.25284958,0.00005269,-1.66793954,-0.61873204,0.63563824,-0.39403605,0.57905507,0.28859007,-0.66094893,-3.07645011,0.43241155,-1.52629650,-1.31325626,0.02634323,1.72302270,-0.75643361,-0.46248382,-1.41673124,-2.76279354,-0.28886449,0.13126098,-0.21736360,1.88694322,0.71749979,-1.31025672,-0.58466810,-1.65286982,-0.98987925
0.67222095,-1.61700404,0.92112952,0.41546336,-1.01590669,-2.83686090,-0.41738153,-0.29634342,0.74134845,0.31248289,-1.68867612,-2.58805895,-1.43556285,0.62451279,1.77110112,-0.23741180,0.56450796,0.39903021,2.05459023,0.95268852,1.75394166,-2.04441786,0.65169984,1.69851220,0.39030570,-1.18775988,-0.15045556,-0.90308022,-0.46193573,2.00004077,-1.21943045,-1.46572030,-1.18335140,-0.48558334,1.70505738,1.15419173,-0.82862681,0.40449694,-0.32150686,-0.63719028,4.38405704,-1.43367815,-0.13180304,-1.77929926,0.69017428,-3.73968434,3.48823261,0.36633593,-2.27061939,0.06472046,-0.52778757,-2.85296082,2.74718237,-1.35003805,0.26353848,-0.39134848,-2.68663478,-0.78438699,0.04428713,0.64759946,0.24404812,0.81157595,1.82658350,1.41823840,-0.91703916,-1.39753544,0.95205361,3.64907360,-0.61762893,-0.16754384,-1.43945193,4.23241711,0.95024568,-2.44002485,2.65293550,-2.62198377,1.03056872,-1.55384421,-1.42621160,2.86906242,0.79335564,0.77118850,0.95778596,0.13242888,4.10459137,3.39610100,-0.72993219,0.71662539,0.56531376,0.59711331,0.75373369,0.04126680,-1.59430575,0.38703799,2.22142482,-2.07362056,0.43717220,-0.02645543,1.05331993,-0.01198117,0.46655357,-0.58177733,-2.47498083,4.84405994,0.32730129,2.02021122,-0.83174711,-2.52344036,-2.14486670,-4.04792881,2.40296006,0.41204387,-1.55368435,0.25006109,0.14670479,-1.92601383,2.15711021,2.51232982,0.18504786,-1.22142065,-1.74775827,1.75406194,-2.06225443,0.20514166,-1.61552060,-3.38420248,-2.79746008,-0.90382910
-2.16808105,-3.05847049,-1.22729325,-0.07010059,2.01431036,-1.76436794,0.26935193,1.06988966,1.34688723,0.71461159,0.39382803,-2.42610765,-0.99251831,0.95208549,1.55044103,-0.37426159,2.26907778,0.06693316,2.32341075,1.57315683,0.97982323,-1.09448457,0.01387042,1.66382313,0.14621256,-0.98763269,-0.50851470,-1.26816475,-1.02657390,1.89951682,-1.80223060,-0.54381096,1.73376107,0.59474003,0.21897575,-0.11128132,1.52493739,-2.35853648,1.21318460,0.15247869,2.12703705,-1.60874963,0.24024978,1.41080618,0.34664428,-1.83358526,2.13096905,-1.33459163,-0.89940041,1.43855572,-0.66034424,-2.62396002,1.81955981,-2.08840752,0.05990019,0.60622680,-1.95107245,0.76895469,-0.00911218,1.05326605,-0.13805526,0.06893039,-0.02449017,-0.26544142,2.59525776,0.39985818,-0.80354166,1.83427095,0.34308511,0.00257772,-0.14697137,1.37394238,-0.81800032,-0.76974082,-0.95057529,0.52071989,-0.24762413,-1.63158000,-1.26652730,2.62035990,1.49797726,-0.76855892,0.72933519,2.43231201,1.27981472,2.31517315,-1.03519487,0.83263248,0.68053842,0.40617445,2.13941860,-1.61013913,-1.53478646,-2.80207205,3.68373942,-3.55685592,-0.97644383,-0.41841406,-0.33676910,-1.11734200,2.60491109,-1.99188590,-1.13188469,1.70800102,0.10318583,-0.68726188,0.42957133,-1.42094576,0.38892838,-4.95577812,1.47738397,-0.67735296,-0.27531475,1.34469461,-2.35243392,-1.45502663,-0.39732611,1.24591970,2.25650048,-2.29823852,1.98196387,-1.85864425,0.17886829,-0.63321650,-0.88677704,0.56367016,-2.15500164,-0.32423946
-0.20779285,-1.67226338,-0.74809074,0.23664147,4.55308867,-1.41595519,-0.42445230,1.20411301,-1.32606816,-1.42380714,0.21053463,1.41031384,-0.33191639,0.60566455,-1.27326000,-1.88055575,0.43739814,-0.41107631,1.06360841,0.80203074,-1.71019638,-0.67782593,1.21239173,0.79544115,-3.07576632,1.21546221,-0.23086858,-0.21730679,-0.93421400,-0.11700916,-0.49911144,-0.57134438,0.14917818,-1.36273968,0.48588747,-0.65626562,-0.66458374,-0.16605172,-0.78280771,-1.32992220,5.67832851,-2.22277451,0.11213809,0.57476526,1.09977186,-0.94094211,0.27777785,-2.06208229,0.35837975,0.95668566,-1.33997869,-1.81340647,1.89479160,-1.13049269,-1.48073173,-0.98625731,-0.02357769,-0.23165071,2.92217731,0.74592257,1.81136119,-1.29440820,0.92378843,1.39509404,2.11376882,-0.46577841,1.81546021,1.12057316,0.17469719,-2.22693777,-1.73360503,1.18591416,1.29907644,-2.13513899,-0.36594683,0.00955296,-3.00757217,-0.23875090,-1.35447645,1.97706485,0.11872964,-1.01885808,0.43419147,0.23508322,3.97757244,3.73410010,1.77526259,2.47661781,0.50369167,-0.83456582,1.98925996,-1.11867559,-0.10945183,-0.05074194,0.16834915,-2.63111758,0.89947200,0.48157418,0.51243627,0.35803074,-0.24495694,-0.35045549,0.14335102,0.47956371,1.28102803,-3.11229849,-2.68913293,-0.29113388,0.56080914,-1.86368787,2.72870326,-0.19122341,-1.00474119,3.66246843,-0.67690504,-0.15423656,-1.56819725,0.86332679,1.10619366,-1.66588140,0.34492415,-1.60404992,1.92987871,0.74323875,-1.26631474,-1.51143813,0.74583787,-0.85388148
-0.79911059,-0.33232903,-0.18109877,-3.98328543,1.40513146,-0.84261233,0.30690363,2.12621641,-1.29864407,-1.45603073,-0.52445376,-0.20668094,0.13086843,0.60989702,-0.23276085,2.07531595,1.43345928,-1.12298429,2.55713463,1.24320221,-1.64628565,-0.92918193,0.90242064,2.10534310,-0.15621328,-0.67450225,-1.22788203,-2.25864792,-0.66509485,2.50728035,-1.47204578,-4.52313042,-0.35364231,-1.55135643,0.63997751,-1.17698383,-0.54599595,-0.44842190,-1.41337895,-0.43124571,4.83986235,-0.13914901,0.24999022,0.85820055,-1.48848593,-1.23427701,0.92026234,0.83380497,3.16904259,0.27274829,0.03987849,-1.26536381,0.26234925,-0.73723364,1.18778253,2.35764456,0.09424588,0.03456825,1.38408554,-0.87745476,1.85228419,0.08342558,-0.11564285,0.41007161,0.20628464,-1.74684906,0.22855991,1.06463969,-0.93149453,-0.12635821,-0.21035266,-0.46738815,1.06719983,-4.12815523,-2.25976896,-0.40770656,-1.13856184,-0.33100641,-0.64943409,-0.75877917,-1.52722967,1.28376579,0.23789954,1.55928123,2.09276652,3.09053993,-1.13771296,1.01754212,-1.01031983,1.00041115,2.78853369,-1.65518391,-1.60098386,-0.71823514,2.84758186,-1.45907521,1.97752047,0.41520557,-0.97906256,-0.72953546,2.90857887,-0.11008775,0.50979865,1.70848501,-0.07252896,-1.61272883,-0.08813959,-1.14258301,1.84353364,-3.92837358,2.61527896,-0.33990887,-0.06841898,1.37401187,0.59623790,0.44948161,-0.78478265,0.60649425,-0.68783748,0.65448874,2.61785173,-1.80675268,2.13789582,0.92316616,0.05207604,-1.12248135,-1.52926946,-2.35911083
0.52483332,0.14970216,-1.36588252,-0.25340688,1.30584979,-2.05114222,0.03507775,0.44638327,-2.87487006,0.24407296,-0.02452064,2.18014145,-0.28561270,-1.77786922,2.50261164,-1.16604376,-0.00531676,-1.06818056,1.14585781,-2.37858343,-1.81304514,0.41233236,0.94059318,2.73103356,-1.87297106,-0.02711098,-1.30163527,-2.68517160,-0.46925145,0.57843655,-0.45811510,-1.14680922,-1.83327913,-2.86114478,-1.81332719,1.57718599,1.41013455,-1.85484052,-0.24052438,-0.36584979,5.68713856,-3.62467313,-0.55343980,3.92921495,-1.81831932,1.27235246,-0.31257921,-0.16407806,-2.01097441,0.59674132,-1.23384106,-0.44479844,0.68053365,-2.74516582,-0.51239085,1.89645636,0.46401346,1.41863227,-0.27247506,-2.23965740,2.88410282,-0.05157155,0.89980495,-0.69686425,1.76282370,-0.36346802,-0.76558542,2.79188681,-0.56594205,-0.28172672,-3.39212060,2.23759961,0.16085887,-0.79673362,-0.47021559,0.95047426,-1.85095906,0.85503083,-0.10270274,1.68272996,2.43622804,-0.40015870,0.91213357,1.73411989,3.07647562,1.80119753,0.49647024,1.32078624,-0.47682935,-0.48211837,1.59921360,-1.54123831,-1.70276117,-2.27727270,1.54353285,-0.90372872,-1.03986466,0.75215578,1.07931447,-0.25874245,1.01389945,-0.18542814,1.74699128,1.21026862,-0.81752014,-2.28002691,0.32280087,0.39724338,1.48313379,-1.69926572,1.66154814,-0.72949380,2.12223887,1.36771309,-1.86846006,1.30754578,-2.86812901,0.62731075,0.62077582,-0.08042669,1.24937105,-0.84645772,2.68354750,2.39265013,-0.95565861,-1.62989151,-0.70344448,-1.47099113
-0.51316112,0.73778820,-0.39996618,-1.51761627,-0.60750389,-2.02778792,0.91158873,0.36777893,-2.30312181,-0.24875948,0.60342598,2.04996300,-0.57699722,-1.11522114,0.78941917,-3.10170913,-0.40354681,0.14614326,3.50518370,-0.17350993,-1.72289813,0.26724854,1.62528348,3.14748192,-0.80553067,-0.38182920,-0.80433041,-0.62835717,0.41423067,1.17622280,-1.80276763,-4.69010973,-2.06309938,0.66234052,-0.34353340,1.26695716,-0.27822527,0.11812329,-1.33166242,1.94969273,5.31621647,-1.69874692,0.47623020,1.61592841,-3.39337206,0.97007573,-2.27690482,1.69062555,-0.57322097,-0.17340219,-1.77453637,0.00372899,1.64021480,-0.54660916,0.36236435,3.34064531,0.72859633,1.10501623,-3.22981501,-0.48818862,1.90397024,-0.36314398,-0.33768746,-1.85818541,0.80827832,-1.55712485,2.13089490,3.07882309,0.76503223,-1.92861676,-0.88636738,3.21054220,1.18325663,-4.27462673,-0.14077720,0.78678626,-0.67736971,0.98109114,-1.77161336,0.80039573,-2.70777273,1.19542861,1.12822950,1.62835395,2.10202241,2.15178967,-1.24810266,2.42271185,1.14742541,-1.37565064,3.70217061,-0.21732563,-0.65886605,0.69545937,1.22077835,-2.52893543,2.28513885,-0.87340981,1.00611544,0.85740030,-0.53462833,-0.60170150,-0.47342122,1.25702691,0.57724005,-2.38943672,-0.51370406,-0.48547006,1.07245445,-3.09977674,0.95752716,-0.58062911,-0.23237294,1.45882201,-0.73019844,-0.20177120,1.15738356,-2.83964133,-1.36298621,2.56595826,1.56578970,-1.58128130,2.04338026,0.84914505,-0.83350450,0.17469192,-1.65895009,-3.46609044
-1.59901381,0.67518622,-0.60360074,-1.70034349,-0.23557243,-0.22374725,-0.64621830,0.78663206,-2.34607816,-0.76726365,-0.16877449,0.34979922,-2.67641664,-0.37983635,2.05522561,-2.11737633,0.01046425,0.17202371,1.86911941,0.16574341,-1.01932788,-0.37238887,0.71495461,2.88373852,-1.62548780,-1.06238556,-1.35235441,-0.10080934,1.17806637,2.73097801,-0.87489182,2.50683308,-0.13172233,0.28815150,0.04588944,0.10011245,-0.05899620,0.07694620,0.98596507,-0.17233360,5.49769306,-0.85416114,1.70166445,1.78321743,-2.47720909,-1.09372592,-1.48107815,-1.66301012,-1.01355433,-0.86437190,-1.26794028,-0.70453072,0.78158247,-0.00268686,-0.63020128,3.43308496,1.30043697,0.84063393,-1.89979303,0.74936903,1.07297897,-0.69218194,-0.81930631,-0.04121953,0.65560788,-2.32609820,0.95785415,0.31112003,1.73402286,-0.68607104,-1.16413558,1.73524773,1.15093362,-1.99092293,0.81659657,-0.30083215,0.46728256,-1.46965396,-3.20047355,1.78189492,0.78879267,-1.22641492,1.85722947,1.21544552,1.91643131,0.39793801,-0.08133528,-0.01386965,-0.30634236,-0.62511647,0.57099169,-0.16163599,-2.75684690,0.48095804,1.54575825,-1.58231366,-0.71018928,0.83562988,1.56573367,1.69496536,-1.21806085,-0.12962759,0.18110204,1.50977981,-2.64785576,-1.04260409,0.96126580,-1.56903946,0.08752052,-2.17452145,0.70449370,0.22316274,0.71942258,2.01189709,3.06646752,0.68822765,-0.28779548,-0.68839395,-1.09083200,3.87466288,0.27826405,-1.70693088,-0.24095690,-0.21635973,-1.84114099,0.90014160,-2.77801299,-1.55429363
