-0.25632274,0.97640139,-6.49082375,-0.07268451,1.21169519,0.44222519,-0.47585768,0.65541315,-0.66164392,0.47088516,-0.30224386,0.46131647,-0.42469928,0.95543307,0.45065263,-0.00457815,0.31065106,0.02951743,-0.07195050,0.75651461,-0.33193728,-0.38478571,2.24537349,0.81871057,0.65250218,0.07503051,0.07623995,0.08049093,-0.00381251,0.21544884,0.25134093,0.49026713,-3.17765284,-0.03793791,0.23729295,0.01366281,0.35880607,0.28297371,-0.08920382,-0.76079845,0.14681008,-0.50399524,0.55750263,-0.40418237,0.22854578,-0.81406498,-0.25775504,0.10286866,-0.11773214,0.14273337,0.25044188,0.45724082,0.46661681,-0.02619979,0.44765854,0.23032083,-0.18987218,0.08328240,-0.01049874,-0.15958284,0.30433297,0.12476597,-0.12756850,-0.41652697,0.03508304,0.36409980,0.47671917,0.03659309,-0.02992588,0.68828613,-0.02359465,-0.64101410,0.72311938,-1.20317912,0.41233808,-0.04458587,0.22361499,0.48638144,0.77492064,-0.04597493,0.88591254,-0.05133940,0.06431465,0.39555943,-0.48804688,-0.16868666,0.39842919,0.58274907,0.38221973,-0.77665478,0.88790512,-0.02357361,-0.06908127,-0.09679160,0.54617310,0.06888737,-0.62264192,0.28289425,0.09024584,0.46203181,0.15829396,-0.02383389,0.35976100,0.88192976,0.35132217,0.39400482,0.37102744,0.19117218,0.60503387,-0.41336399,-0.54470325,1.19380498,-0.53642529,0.07857723,-0.63398534,0.28209913,1.10170555,-0.65221727,0.85633147,0.38527209,-0.33918723,0.28463531,0.00524393,-0.02319150,-0.44965237,-0.53879440,0.04027139,0.49189526
-2.29466295,1.89798450,-0.04366168,-0.34376144,2.83602905,-0.24262822,-0.78742278,-0.16766974,-1.19124389,-0.12707524,-0.28890571,1.15047157,-1.44861126,0.16737357,1.37808609,-1.73911619,-0.28765339,-0.44254929,-0.14771229,2.08081031,-0.97078764,-0.93782771,0.04774281,1.99436402,1.18998325,0.42167869,-0.64852685,0.12235890,1.34243381,2.53030419,-1.41219294,1.14354932,-0.34056062,0.16527286,-0.64195371,-0.61145204,0.65808064,-0.82439291,-2.43898845,-2.67418957,1.02272260,-0.39203024,0.64650744,-0.22411269,0.70824653,-0.85084999,-0.01423469,2.17091680,-0.49440420,1.24137557,3.08349109,0.26068017,1.16772366,-1.39224923,0.67688549,0.80692077,1.09971821,-0.80789042,-0.29696971,-0.08382878,-0.33509248,0.86610776,-1.77977300,-0.35935152,0.00967544,0.66111660,0.77508837,0.08456748,-0.16084181,1.30012059,-0.12264994,1.18776965,0.85133469,-2.61680174,-1.98742771,-0.08157127,0.53235841,-0.29554483,1.15282845,-0.22833861,-0.45601141,-1.64343178,0.46288717,0.30104318,0.58945513,-0.16678202,-0.06914964,0.81493181,-0.36960614,-1.65135479,1.11995351,0.41691902,-0.84836471,0.47821963,0.99327332,-0.00139809,2.29555941,-0.52781552,0.81927997,0.71377665,0.72280097,0.14861217,0.42155641,0.34644869,1.56599700,0.01850209,-0.51607805,1.50229347,0.00824437,-2.16250849,-1.44990158,1.56101131,1.19024527,-1.89174068,-1.22976708,0.05095971,0.08584887,-0.71694058,0.56864828,0.69216740,-1.98478055,0.77773815,-0.62227297,-2.20653749,0.31433767,-2.41361976,-0.11121969,0.15415499
-2.67958164,-0.14091647,0.05143158,-0.30680153,2.06796956,0.53718340,-0.84200513,0.09822264,-1.89131474,-0.60555691,-0.49712858,0.90051788,-1.05057967,0.14350712,0.63389903,-0.78351909,-0.41563493,-1.98389292,-0.89417380,1.95760798,0.13824481,-1.27384818,-0.53750193,2.44905663,1.33013117,1.80353987,1.56193244,0.76794147,1.12624967,1.35371673,-0.29956254,-0.43448526,-0.93434376,-0.59484756,-1.26204646,1.19699836,0.89944792,-0.91515398,-0.43988135,-0.15825450,0.56579494,-1.20988274,-0.48695645,-0.57295299,1.18774998,-0.46211004,-0.05208359,-0.04935395,1.19093633,0.27896228,0.90547776,-1.23590171,1.67426145,0.06416377,-0.62193680,-0.60619342,2.41766429,-1.52753115,0.49016270,0.93464237,0.38522580,0.18388268,-2.06448984,-1.86407280,0.80586731,1.43967617,0.24140605,-0.23693296,-0.13123932,2.25126863,-0.22643673,-0.98272598,1.26736546,-1.29318535,-0.14847079,0.77332509,-0.34763896,0.49378094,1.24195719,0.74876761,1.12055159,-1.42513919,1.02236605,0.57405984,-1.17880297,-0.26041141,-1.22620153,-1.05052555,1.12191963,-1.56653726,1.08074498,1.11500335,-2.08632731,-0.66043043,1.81054711,0.62658608,0.43254378,0.18871278,0.78345370,1.31019711,0.92142200,-0.67392921,-0.39407998,-0.33542347,1.99165094,-0.03438208,-2.40880728,1.17695069,1.87365162,-2.39668226,-1.47789299,2.86820340,0.94106984,2.17537808,-0.85583580,-0.25636691,-0.02151126,-1.06825101,0.35248977,0.43261904,-1.47056270,2.42881870,0.00017850,-3.25454378,-1.00420928,-3.65093112,0.64145851,0.87771451
-2.28416920,1.04474235,0.17106059,-0.21788353,1.58923376,-0.68192303,-0.47743785,0.37002113,-0.76511759,-0.12676941,0.45446184,0.56306458,-0.46983305,0.93873900,0.41475523,-1.47902799,-0.38449669,-0.44181517,-0.22862642,0.94717348,0.22677483,-1.73843026,-1.56285012,1.52998555,0.77266276,0.90028602,0.90811819,-1.55579770,1.58455336,1.07034206,1.54021287,-3.45540476,-1.04376721,0.31005690,-1.51178682,-0.29506069,-0.03631434,-1.73379600,0.92916310,-1.27126217,0.54505885,0.58308029,0.37075824,-0.13877285,1.34478652,-0.24573784,0.22840831,-0.32408473,0.38735831,0.72827917,2.33471990,0.87463069,0.64152414,0.24799475,-0.52551323,-0.64779449,0.95451081,-0.76457769,1.31441188,-0.69197237,1.25224352,0.84910691,-1.53402245,0.21374953,0.69583178,0.04983618,0.56642538,0.03755023,0.08312468,1.15671122,0.31275049,-1.85916889,0.85063684,-2.29425883,-2.88437414,-0.15303615,-0.22996810,-0.68288034,1.16246581,0.68476319,1.75677919,-0.38566226,-0.10457900,0.06826450,1.77294111,0.43999290,-1.52390814,1.19355237,0.24332495,-1.58903718,2.77847719,-0.12633914,-1.25868928,1.12678158,0.46716580,0.30501002,0.71878302,-0.12816948,0.92615867,1.30415761,-0.29288623,-0.36425683,1.19611311,1.55517256,0.69669527,-0.94481158,-1.24623048,1.28715742,1.63859010,-2.02091885,-1.40512812,2.64769840,-0.03376495,-0.28992772,-1.78251731,0.62294006,2.54099822,-0.81595087,-0.89635742,-0.02883616,-1.02834702,0.98247987,0.86084139,-2.00963235,-0.47772914,-2.62318778,-0.46422216,-0.31800339
-1.49798369,-0.02301918,0.60594815,-0.20916830,2.61182666,1.19448876,0.39049742,1.27274716,-2.56001377,-0.96387839,0.61268556,0.97480762,-0.45598784,-0.26656982,0.89166671,-1.78200650,-0.73448437,0.72196358,-0.21495579,2.93897390,-0.93963790,-2.31750035,0.16137266,1.16290760,1.64443552,0.75703251,-0.07250255,0.14659160,1.30869412,1.07286847,-0.46599850,-0.33350009,-0.31560445,-0.92861283,-0.90413612,0.68469191,1.31577718,-1.02645314,0.13928808,-0.10374530,-0.11435015,-1.92426598,0.16667552,-1.47663832,-0.04980796,-0.40447801,0.22756582,1.06747198,0.56061500,1.00191665,1.55577731,0.41671300,0.36144924,-1.45438278,-0.23336491,-0.65582526,-0.19052070,0.76108170,-1.25728881,-1.12595057,1.45522606,1.63759208,-1.53309596,-0.05681503,0.14043555,-0.51574230,1.72715724,-0.27243260,-1.75864851,1.65947378,-1.05954826,-1.93500948,-1.31684172,-1.83141756,-1.19663203,0.04598778,-0.17162514,-0.96979672,3.19866157,1.37374485,0.06270236,-1.29944217,-0.09817724,0.75467396,1.03754807,0.17475034,-0.74639845,0.39167434,1.21910465,-1.49652004,2.46073914,-0.33514470,-1.58805704,0.46769845,-0.76468116,2.04961419,0.64455700,-0.13544460,1.27046216,1.18831801,-0.21112174,-1.20903468,0.28164315,0.65510583,1.58844161,0.37752116,-1.65233171,1.04391932,0.16550815,-2.05428100,-2.39906788,2.97779036,-1.15327525,-0.78697252,-1.36564457,-0.90175509,1.94739270,-1.51132822,0.26015407,0.62217498,-0.33862507,0.74485195,1.10248673,-0.46387827,-1.03812671,-2.49512005,1.19269466,1.83142710
-0.49245852,1.14519358,0.13352454,-0.82022089,1.96211421,0.89635825,1.14814949,1.05046391,-1.83086801,0.20965719,1.40747225,2.53996778,0.57962388,0.19894031,0.14911523,-0.85718977,-1.12591207,-0.29023990,-0.46146548,1.01127660,-1.94344807,-1.51260221,-0.81171960,1.62079346,1.82832265,-0.11000451,-1.61383021,0.68829596,1.69025707,0.64137059,-0.53074175,-1.42383289,0.28211695,-0.18069437,-0.27188823,-0.01861811,0.50878274,-1.18203783,-0.34677291,-0.80014402,1.36506820,-0.11272137,-0.34177166,1.11437893,1.17608988,-0.22438829,-0.64306498,0.63477898,0.87636662,0.96467489,0.87599564,-0.83848614,0.48535192,-1.50373840,0.81397504,-0.47844419,0.85453880,-0.82033986,-1.88483632,0.10667683,0.62566584,0.40944743,-3.61153436,-0.19161266,1.24446678,-0.05790009,-0.46097293,0.01791654,-1.88892531,1.86541796,-0.38280159,-0.71009171,0.62120926,-1.87583470,-0.92653126,-0.16992706,0.29419225,-0.43738154,1.35319304,0.41650367,-0.25277185,-0.92710310,0.59109509,0.54737443,1.83801460,0.09798320,-1.78642070,0.61050642,0.32247835,-2.85308862,2.42512894,0.25393033,-1.95495558,-0.72581917,-0.03737816,1.67492115,1.81835735,0.01640949,-0.47420084,0.60426402,0.16189253,-0.50976717,0.91006696,1.28258753,1.60096598,-0.19385752,-0.29037192,1.54525745,1.89775586,-0.55786061,-1.16847312,2.32698202,-0.32721150,-1.07177222,0.44562161,0.24733338,2.73765564,-2.20957255,-2.21421790,0.67799079,-1.90991116,-0.09949751,1.39138842,-1.58044779,-0.62718910,-2.88450933,0.21609399,1.05502176
-1.41283894,2.02772498,0.21329957,-0.42352650,3.50976872,-0.28379095,-0.68908793,-0.25871414,-1.87198055,-0.26214767,0.42246461,1.01270509,-0.31447774,-0.53289396,2.06397891,-1.40004241,-0.54221982,-0.16359518,-0.42338014,1.92213595,-0.98465401,-0.27937186,-0.23682579,1.79840112,1.13242185,-0.32475176,-0.76004261,0.25295019,1.46811450,2.57757163,-2.06681085,0.78976023,-0.37375009,0.09484544,-0.65177780,-0.24853635,0.40594411,-0.99802327,-1.66009021,-2.14975429,0.50082648,-0.77403998,0.74757528,0.58283460,0.43989414,-0.49827975,-0.44219708,2.53581476,-0.62573248,0.75231105,3.23076653,0.05394586,1.72397280,-1.62624979,0.24735653,-0.31562138,0.55381894,-0.44620427,-0.74864072,-0.00142373,0.11365882,1.47356153,-1.60767150,-0.19350043,-0.06719051,0.58972979,0.63022512,-0.04738896,-0.48467004,1.28865516,-0.29547989,0.73181236,1.27736259,-2.53746057,-1.44142163,-0.90575254,0.32512569,-1.18463147,1.17100739,-0.15721381,-0.26241058,-1.53446436,-0.54569227,0.03446334,0.45165792,-0.23029873,-1.03932106,1.21348703,-0.39971358,-1.52990890,2.13593888,-0.03896090,-0.27155402,0.63174772,0.98162824,0.30120742,2.59173751,-0.20927408,0.71313351,0.39785901,0.63730550,0.25627097,0.44360626,-0.00113079,1.51781726,-0.28235030,-0.75386840,1.70780587,0.48052818,-0.82580507,-1.82168436,1.79188347,0.36106494,-2.51517725,-0.78127086,-0.44795364,0.84444040,-0.41217798,-0.24557883,0.46711129,-2.52880621,1.04374349,-0.06734905,-1.38583386,0.10611556,-2.13170004,-0.26403329,0.90370047
-2.67754340,1.32760334,0.58197480,-0.42045569,3.09837675,-0.60563231,-0.30121851,0.17346412,-1.90532136,-0.25976676,0.33197606,0.49053267,0.09308360,0.73762178,1.72629297,-1.61850262,-1.50323737,-0.92583483,-1.50628769,1.60610640,-2.35965133,-1.05878532,1.13482320,1.35748231,1.55161440,1.21506822,0.32680681,1.13024759,0.03043331,0.79051292,-0.00238016,-2.03093243,-0.59388411,0.32349992,-0.42949077,0.00167871,0.06313247,-0.68667483,0.96124202,0.14896916,0.12252077,-1.34923196,-0.06329818,0.17563614,1.85774183,0.16326079,-1.41950560,0.29200283,-0.20834160,0.89509398,-0.24800815,0.52600008,2.80918360,-1.61771607,-0.75168020,-1.40569508,0.56112278,2.06904674,-0.14080527,0.34827951,1.61299539,0.67394561,-0.02699696,0.05116901,0.05996275,0.95131373,0.30415794,0.57386255,-0.88256896,2.58324313,-0.72453070,-0.86714429,0.90890419,-1.22693872,-0.60591841,-1.01904392,0.30477616,-0.83417600,0.73253381,1.02535319,0.83549154,-2.00500011,-0.83255666,-0.11845423,2.11111403,-1.21283913,-0.18016934,0.26476282,0.68036503,-0.93421584,0.97882944,-0.33476514,-0.99067110,0.38003480,0.69091272,0.71439004,1.21110082,0.57159513,-0.29727635,0.47337922,1.30411768,-1.06243932,0.73865968,-0.54228854,1.98323917,-1.29408121,-2.47208142,1.07115698,1.70537710,-1.90970635,-1.83266544,3.51579499,-0.80582279,0.50532889,0.11353861,-0.39839697,1.57619572,-1.49150193,-0.64583206,-2.15825772,-1.17995024,2.77036333,-1.18504405,-0.97017050,-0.97799927,-3.11327910,0.28188294,1.79851389
-1.00261676,0.62787628,0.02796905,-0.66490322,0.14590883,0.33140928,0.46347329,-0.33691823,-1.64676952,0.05134240,0.29306269,-0.26507810,0.40735546,-0.01231562,1.47413421,-2.42099166,-1.24862432,0.08660328,0.69987160,2.96501827,-0.94196188,-0.39120391,0.75029796,1.92692423,1.45743823,0.49661648,0.04974807,0.81112409,0.59730595,0.32881188,-0.98253357,-3.31632710,-0.53793108,-0.42657062,-0.94830453,0.02793220,-0.08155663,-0.40128845,-0.87886477,1.07323050,-0.02847737,-1.08436894,0.58961958,0.05103996,0.40879253,0.85311693,-0.94265068,2.52681208,0.26489446,0.09980163,-0.04600823,-0.04100236,1.99096644,-0.65207279,0.59386873,-0.30710381,0.50028843,0.70807481,-1.44482780,0.95703226,1.28296566,-0.83043206,-1.44425929,-1.45163941,0.43164602,-0.06740370,1.81545746,0.82389146,-0.05913191,0.49753571,0.19781709,0.81457031,1.04109573,-2.41142392,-0.80750591,-1.16271698,-0.28615904,-0.70724082,1.23107481,-0.02179605,-1.53873610,-0.66089350,-1.23384631,0.20725915,1.32675469,-0.78975409,-1.57368326,1.65966356,0.41410261,-1.61945844,3.36937070,-0.13600585,-0.08990043,0.44177049,1.76768732,0.25137609,1.87352908,-0.48959637,0.61107308,2.24077272,-0.64755118,-0.38259977,0.19038886,0.09076589,2.29209161,-0.02577962,-0.36427104,1.88981831,1.23783827,-1.28460813,-1.28548658,2.07357001,-0.60800946,-0.20061420,-0.98704696,0.11761080,2.13816857,-2.20853448,-0.01494128,-0.43188423,-0.71438599,0.20279603,-0.29659456,-1.94660425,-0.27696940,-2.59370327,0.37094209,-0.49413565
-2.05463147,1.33278489,0.00112432,-0.61335552,1.37861335,2.33742285,-0.03493758,-0.09824403,-2.30678606,-0.46654814,0.05329143,-0.77649271,-1.32066751,-0.75178808,2.03949738,-1.94817126,-1.05276740,-0.06215011,-0.13113005,3.35704684,-1.07171237,-0.49013442,0.51046425,2.05877638,0.96478665,0.35332870,0.17426409,0.89335483,1.01232708,1.57957637,-0.62724245,1.96264327,0.34528175,-1.24591327,-0.68778390,-0.91331291,0.91086674,-0.47217587,0.17460200,-0.60667390,1.43259609,-1.14227307,0.62279987,0.48578948,0.74160534,-1.34246719,-1.38145435,0.26434299,0.23855197,-1.17110777,0.09315300,-0.02698121,0.71584332,-0.62076449,-0.17202015,0.37582287,0.33753031,0.68949991,-0.68464148,1.11395693,0.43529180,-1.44104993,-0.82281995,0.00144672,-0.48887920,-1.88936496,1.57337129,0.46305728,-0.15984523,1.57813179,0.61711860,0.24354354,1.28907192,-1.97626567,0.25075287,-1.35364699,-0.28872812,-2.28322506,0.49686033,0.85169923,0.15349540,-1.60373354,-0.95102137,0.73394555,1.31922126,-2.07719541,-1.01896858,0.74115402,-0.60125113,-1.12798667,2.81923413,-1.00868547,-1.52340508,-0.46592802,2.74727440,0.91113186,0.21513933,0.07516801,0.29241091,1.76767671,-2.03192925,-0.43212622,0.40529734,0.77689230,0.91462737,0.09668384,0.17113245,1.11141610,1.41768777,-1.14168477,-1.61575687,3.20172787,0.22996628,0.15972918,0.96705568,1.13028300,1.67877984,-0.95807487,0.49028847,1.28745937,-1.22591805,-0.90336096,-0.61733907,-2.32681823,-0.68347716,-2.01215172,0.18039326,0.90486979
-0.99472600,0.81094235,0.95060414,-0.42094299,2.07903218,0.50136936,-1.27416539,-0.14839879,-2.47451591,0.21629545,0.70619315,1.46975207,-0.05017693,-0.20256844,1.52075684,-1.56703448,-1.31745613,0.67921495,-0.72461396,0.13389489,-0.39196569,-1.80116546,0.40440738,0.15444282,2.36677337,0.26988086,0.48598546,-0.47427380,0.26943389,1.61190605,0.28918499,2.71017170,-0.95268971,-1.09613299,-0.86492676,0.12827319,-0.60061836,-1.62162602,-1.15138865,-1.78487515,0.26970726,0.20006549,0.24604046,-0.03431216,0.01899333,-0.31006628,-0.29521492,1.39216077,-0.66283655,0.33618405,1.60574603,-0.79774457,0.53137559,-1.70028353,0.63213843,-0.09014323,1.17279911,-0.48446569,1.30505168,-0.60830069,0.73931795,1.51121175,0.76018095,-0.22273616,-1.04634404,0.70290947,-0.46436903,0.74665123,-1.11276531,0.07894588,1.95686078,-0.67176640,0.67087626,-2.06281853,0.68973094,-0.97285748,-0.01279415,-0.73161995,0.93159372,-0.08020379,0.20903106,-0.60750163,-2.04661942,1.04155958,2.24084020,-0.89215618,-1.57292962,1.91585672,-0.65752244,-2.29168320,4.45864058,-0.80016494,0.44359377,-0.06056658,1.57986856,0.62185383,1.18170619,-0.21582191,0.15654612,-0.21679702,0.13058315,-0.38792661,-0.66249871,-0.14273518,2.24964356,0.75892806,-1.08425319,2.13419509,2.45736790,-1.77099109,-0.36878935,1.55114102,-0.82472032,-2.44308853,-1.13273895,0.01351263,0.51695722,-0.36022723,-0.70971614,1.24434948,-0.77207959,0.58623219,0.16630471,-2.00287056,0.04384897,-2.71410036,0.13268209,-0.11175209
-1.28476250,0.77972329,0.04722301,-0.18662879,1.68478727,0.95247036,-1.38535058,0.09630142,-2.62278652,-0.66460580,0.40391865,3.38401699,0.41646242,-1.83898532,0.92872351,-0.91292781,-1.94493246,-0.71680707,-0.80038565,0.08338022,0.07620496,-2.14703727,-0.08939599,2.91450834,3.35203004,1.03012717,-0.11858803,0.71610385,0.11750466,2.62041569,0.48336449,0.36592853,-0.58331370,-0.01895839,-1.78356051,1.22894228,0.00341304,0.08900858,-0.34811074,0.26324254,0.51939809,-1.64477086,-0.25039095,0.59424418,0.55490428,-1.39594710,-1.26349235,-0.28814769,1.21462631,0.74056005,0.60157681,-0.81849557,1.15805066,-1.47701490,0.18904597,-1.78990996,0.93794656,0.30366629,-0.06153574,0.30452290,0.13128966,-0.46198961,-0.14661455,-1.59044898,0.06455895,-0.25950307,1.08085191,1.48673940,0.25037536,2.00031257,0.61471868,-0.81826085,1.09590900,-0.93399310,0.49739262,-1.41090477,0.07706919,-0.49055806,-0.01245233,1.55681121,1.86395216,-0.18759558,-1.40433693,-0.26250750,-0.52595389,-1.66479254,-1.12696612,0.93705565,0.73856264,-0.46931368,3.37390113,0.65334344,-0.29208928,-1.44531250,1.57797241,-0.71231830,1.45775282,-0.69124395,-0.81387252,-0.36352673,1.32187104,-0.49061143,-0.24762502,-1.25320256,1.31692195,-1.28647470,-1.14375484,1.58350849,1.71380091,-2.00573635,-1.53645146,3.59463549,-0.02444745,1.78767848,-0.42396808,-0.72517759,-0.09685066,-0.91486877,-0.63435107,-0.25135267,-0.89632165,1.18287790,1.77844000,-2.11521673,-1.28158212,-2.81566238,0.48290911,0.36570299
-0.98704618,1.23949671,0.48687899,-0.22782542,2.18320823,-1.01105118,-1.07758939,-0.22508001,-1.39503789,-0.16871135,0.72533345,0.94635957,0.28726447,0.30331028,0.42329559,-1.77157474,-1.16848242,-0.48104456,-0.41548985,0.24128208,0.64236665,-1.96065903,-1.21062803,2.37900686,1.95747399,0.10072730,0.03058599,-1.20510674,0.53217137,1.60263824,1.37349749,-2.85114622,-1.33504820,0.80162007,-1.30477786,-0.28315359,-0.38126224,-1.23631358,1.26423705,-0.87281466,1.54895401,0.13325778,0.29711628,0.29280663,0.72823328,-1.67802131,-0.29866922,-0.15035921,0.04343010,0.63616222,2.29296446,0.88785762,1.40875864,0.50079679,0.15976483,-1.15235782,0.59359235,0.14238209,1.54523408,0.08658207,1.65106642,-0.33343393,0.26796255,-0.28268573,0.54824913,-0.65678966,0.59419769,1.03762019,0.66125244,0.89686930,0.87207580,-0.85710108,0.11279824,-2.15927315,-2.19812799,0.03615573,0.46696165,-1.10442305,0.75897777,0.83705175,2.60966325,-0.15827842,-1.13593197,0.09969784,1.98795247,-0.17108037,-1.69772947,1.92828906,0.25355059,-2.29459739,3.30298018,-0.55844098,-0.91443509,1.16983545,1.27520537,-0.43375912,0.57702446,-0.75445092,0.15163989,0.36306310,0.12275234,0.48878220,0.63636011,0.92023551,-0.18354939,-1.05407786,-0.62818027,1.20104229,1.38500547,-1.86350930,-1.60465646,2.28735733,-0.85252649,-0.79580462,-0.59745920,0.41702640,2.60079646,-1.59562421,-0.99268436,-0.52211338,-0.94435334,1.03788376,0.55664939,-1.70185113,-0.76125681,-1.93164325,-0.97312278,-0.75725150
0.28340170,-0.51416916,0.36934757,-0.18729231,2.41671705,-0.03540212,-0.18599510,-0.66419971,-3.08217573,-1.39368451,0.75141710,1.23895562,0.71064442,-2.00834417,0.24798675,-2.04922962,-1.73333538,0.87328523,0.40088651,2.88875890,-0.32845488,-2.26239872,0.22910011,2.61961913,2.74466395,1.26413047,-0.78632313,-0.52216059,0.32293758,2.62226677,-1.21596277,1.11994243,-0.28094202,-0.64273208,-0.09467153,0.44867516,0.45563585,0.13443746,-0.25998387,-0.44453496,1.43612254,-2.68758440,-0.12198018,-0.62473685,-0.03634637,-1.78472543,-0.77941728,-0.69331706,0.46876305,2.14051247,0.91438198,0.58240843,1.84632206,-0.72286439,1.21511805,-0.96255809,-0.18907389,0.80887938,-0.22647169,-0.62942243,1.63720250,-0.17812207,-2.06107044,-0.56365889,0.90639746,0.22776189,1.62016141,1.00264454,-1.40836263,1.39205563,-0.58542347,-0.33150926,-1.19888127,-1.01085281,-0.30460823,1.64043427,-0.55848688,-0.92638499,1.13359177,1.80450535,1.21015716,-1.04900253,-1.33215272,0.79210442,1.62777388,-1.36777592,-0.44453231,1.09280479,0.30731434,-3.43834710,1.77561247,-0.33401281,-0.24859928,1.61296010,1.49324608,0.01579872,0.10442799,0.27077943,0.14339375,0.83041632,0.62801659,0.30800983,-0.68825227,0.37367862,0.93431330,0.33764708,-1.20086002,0.64822936,-1.48504198,-1.80176902,-1.21018803,2.21583152,-1.79304481,0.19923638,-0.74083072,0.40482393,1.84530663,-3.30514765,0.11850991,0.59443194,0.49992329,0.98648894,-0.37434021,-2.06360030,-0.73834342,-1.86192870,-0.76800680,0.60941452
-2.80478072,-0.20523305,-0.01101767,-0.47248155,1.36542320,0.09331692,-0.62178022,-0.33112186,-2.55740786,1.04432023,0.59243858,0.04358526,-0.46834910,0.95139390,0.81028563,-1.73963833,-1.96979988,-0.60305440,-0.78498262,2.77629471,-1.29286265,-0.14479530,0.20975041,1.28579783,2.34912944,-0.17605875,0.05216081,-0.12884244,1.67753851,1.74557018,1.54231870,1.10164928,-1.20658422,0.82211566,-0.36467758,1.49309218,0.93386215,-0.83394897,0.56242758,1.02092135,0.20733058,-1.33761251,-0.22220050,0.09718439,1.05083132,-3.11181831,-1.27244806,0.83032149,0.60232323,2.11129999,0.22455803,-0.40731567,2.58850360,-1.09982395,1.70786464,-0.25149065,-1.14728880,0.78982508,1.02634990,1.79688168,0.58770591,-0.98512638,1.31995225,-1.30753863,0.32863060,-0.60590839,1.38607049,0.93868655,-1.96962595,1.10661566,0.11959022,-0.56163549,-0.88402355,-0.43312621,0.03012121,-0.92907178,0.54658943,-1.92865193,1.64383078,1.36113703,1.73686433,0.18703312,0.24262114,1.40746820,1.16047502,-0.03439547,-0.36841965,0.68628228,-0.13408399,-2.68717289,2.91505361,1.01161838,-0.83413410,-0.52570581,0.39195955,0.63992286,-0.40716666,-0.94323170,-0.02977708,0.43283525,2.03271699,0.60867667,0.42960387,-0.61614299,1.48545349,-1.23260009,-0.62126905,-0.54142582,0.09066086,-3.28731847,-0.66534448,1.83155012,0.11825704,0.43718264,-0.88561451,0.15552241,0.73999232,-2.96598864,1.14395881,-0.75423306,-2.01218057,0.42828476,-0.91072607,-2.96693611,-1.35602260,-3.17915082,1.12650537,0.19568823
-0.99657589,0.17409244,0.16260184,-0.58941776,0.45634747,-0.00699188,0.10222791,-0.69773197,-1.79404759,0.05144884,-0.63230598,-0.36238551,0.01567153,-0.23048335,0.88414454,-2.69423437,-1.11278141,-0.01707266,0.61397141,2.91507053,-0.58752245,-0.40962744,0.76329082,2.35115504,1.92903376,0.88363463,0.00991122,0.20503394,0.65191060,0.06375021,-0.46218669,-3.01444721,-0.59314018,-0.49618214,-0.17141339,0.36363763,0.26770240,-0.26700434,-0.81072438,1.01130116,1.04153895,-1.14677060,0.61502200,-0.46913689,0.14679953,-0.48447931,-0.78127921,2.15299249,0.50267744,0.36449274,0.06308821,-0.03778517,1.87101853,-0.15260673,1.18529141,0.29806545,0.40356618,0.41865113,-1.06506312,0.97020233,1.35860646,-1.68860602,-0.92825592,-1.82435119,-0.16020596,0.15827227,2.03793216,1.30882621,-0.18637854,0.29495171,0.50116289,1.17017734,0.40368411,-2.45995259,-1.21972132,-0.60095966,-0.54117161,-0.00894833,0.71846271,0.01744667,-1.40235233,-0.26408729,-0.66692644,0.35978204,2.19579029,-0.34274942,-1.26227617,2.18958735,0.00774567,-2.14779687,3.20708299,0.27478263,-0.32790908,0.15202041,1.67895079,-0.43128493,1.91409147,-1.08936858,1.05511451,2.04131579,-0.40478972,0.10860992,-0.20109797,0.08084068,1.65510643,-0.34787109,-1.06424141,1.10139775,1.12555635,-2.27238131,-0.18267736,1.05179262,-0.04297090,0.57944131,-1.23042369,0.66648901,1.59808445,-2.68989682,0.53877205,0.01604886,0.12612826,0.15257819,-0.37294650,-2.07890606,-0.40781909,-2.30288744,0.45380542,-1.19324243
-2.33825135,0.71085829,0.03785588,-0.53224343,1.65376067,2.02188015,-0.29891121,-0.28585270,-2.43487501,-0.37917274,-1.04608560,-0.70959765,-1.92879415,-0.75743979,1.39624465,-2.24419403,-0.61098301,-0.10159326,-0.20010100,3.26588511,-0.90409964,-0.35853931,0.42880130,2.39389420,1.18628967,1.03340805,0.06841603,0.15016913,1.36647439,1.10358882,-0.04531687,2.20658398,0.40745550,-1.22539234,0.10950935,-0.55930132,1.39939821,-0.45520395,0.26962551,-0.82947016,2.38140106,-1.14326060,0.72286522,-0.04046133,0.47654858,-2.50936294,-1.12415659,-0.20178959,0.60847449,-0.79660940,0.17159060,0.04555401,0.43044484,-0.10035910,0.34743649,1.26407921,0.32248074,0.09331320,-0.46124801,0.69847709,0.31970966,-1.82354748,-0.76611257,-0.39865834,-1.09832001,-1.54822779,1.74140322,0.67194539,-0.29197204,1.33372378,0.81060290,0.32763860,0.64769495,-1.93407321,-0.36451510,-0.87816501,-0.58206016,-1.37873256,-0.02158278,0.74292964,0.12825699,-1.31470370,0.07950284,0.78002727,2.17139673,-1.33471799,-0.55884278,0.98826426,-1.09707248,-1.57749367,2.40156388,-0.32410955,-1.91102576,-0.80133832,2.33231997,0.42001346,0.29007298,-0.45787174,1.06125546,1.80821836,-1.62489402,-0.00686634,0.07733739,1.05918896,0.28568190,-0.28317845,-0.65190482,0.14304882,1.37507284,-2.32666826,-0.38402772,2.13361883,0.92548203,1.09816277,0.43783569,1.63859093,1.13478720,-1.47849476,1.09721053,1.93006361,-0.23251575,-0.75777817,-0.66109836,-2.35040045,-0.71338934,-1.72653973,0.32113403,0.08225210
