-0.91456753,-0.02591368,-1.49919832,-0.93753576,-1.69277668,-0.03295908,0.80360574,-0.96748996,-0.16596586,-1.44714653,1.78698409,-0.22154957,-2.06870461,0.40904590,-0.85630661,1.00671339,1.96641767,0.62101614,2.39796090,0.74134797,1.50087547,0.77680367,-0.23142752,0.65434045,0.95132774,0.45118076,1.12167990,0.32160142,1.42024326,-2.35131192,-0.16885078,-1.33984089,0.14979437,0.45412719,0.25189120,-0.96621633,-0.42519480,-0.79443955,-0.16828147,-0.67064577,0.09800874,1.43957913,0.21776722,0.97790313,-2.22281122,-3.10417295,1.02035582,1.07950473,1.21974313,-1.18861735,-0.06344382,1.93757641,1.02448499,-0.57046962,-1.20208633,0.98442739,0.15572548,-1.70150876,-1.04899669,-1.10888290,0.38202009,1.65366995,-2.02909565,-3.07623911,-0.39074382,-1.83307421,-0.48362365,-1.90478849,2.12538314,-0.08724806,-0.05952089,0.11353219,0.09518245,-1.32098746,0.89422923,0.26669362,-0.63331842,-0.22403190,-1.19979346,-0.29109484,-2.28344464,1.10510707,0.63036966,0.22444566,-1.32648814,-0.81936306,-1.45762241,-0.44135520,-1.12697268,0.25262389,-2.79455781,-0.68991226,2.45297670,-1.25442457,0.60530663,-0.04658994,2.79981399,0.56450719,0.98477250,0.12500359,-0.93029690,1.16036665,0.15271167,-1.40930808,-0.72843844,1.51515996,1.51069570,-0.11759070,2.38860440,1.22372782,0.91455001,-0.89998269,-0.96927398,-0.89156514,2.16183925,-0.31461358,0.38320109,-2.63409758,0.01513665,-2.03378868,-0.94545656,0.92984354,-1.63717866,3.20291042,-1.84555972,0.64109921,-0.46418834,0.00454996
-1.97004008,-0.74085635,-0.45080352,1.95662689,1.68640018,0.59741300,-0.90285301,-1.79007649,-0.71634609,1.77944076,0.18623556,0.17169419,1.00056946,1.17617536,0.96539706,0.57247645,-2.00145602,0.50225878,-1.35638511,1.43274450,-1.07034326,0.26620084,0.96664786,-0.92274004,-1.26829481,1.28104484,0.18865055,-0.00390522,1.47953951,0.61963469,0.50623691,0.13535935,-1.06676531,-0.07146471,2.24253917,2.17982817,-0.05800103,2.49074960,0.19287346,-0.94908136,0.74827743,-0.55392641,-1.12710047,-1.37343001,-0.81553251,-0.28046355,2.09096837,2.22580576,-0.70988846,2.06830955,-1.20955098,-1.05226862,-1.81451619,0.22517638,-0.86656159,-0.98288685,0.29151171,0.24178594,0.13076100,-0.42121679,0.80992258,-1.57708073,1.42288101,0.67363030,0.06377120,-0.26131186,-0.18498054,-1.14590859,-0.79715782,-1.21159780,2.11856461,0.93174279,-0.68206352,0.19319466,-0.18939576,-0.38977700,-0.53451329,-0.49491939,2.49290705,-2.59977293,2.37435794,-0.13167316,0.37247658,-1.49162781,1.05600798,-0.79651606,0.15124841,1.00109637,-2.19593740,-2.13678670,-0.00520003,0.64234769,-0.61524361,0.77480733,-0.67790246,0.10579465,-0.02655841,-0.18066746,1.82186544,-1.71907985,2.41689372,0.54785389,1.04076433,2.31796670,-1.70478857,0.36888725,0.17249803,1.37576497,-0.80109054,-0.04813602,1.45354939,-1.37887812,-0.04547666,0.82483482,-1.61208785,1.20540631,-1.14275432,0.53006542,-1.32365167,-0.14948802,-1.25975716,-0.83428794,-0.65560317,0.15109652,0.18939847,-1.21411264,-1.30363202,-0.39520440
-1.23035145,0.26160434,0.48379758,1.65726960,0.66314632,1.72824347,-2.46055889,-2.57992768,0.54400438,1.45259583,0.08083028,-0.79048377,0.76968473,0.48236299,0.22063059,0.51124942,-3.44949317,1.68044770,-1.91081202,0.39906257,-2.00959015,-0.93327469,1.33476460,-1.55242574,-2.03290844,0.03347171,0.39112553,0.87556678,3.29794145,0.76282716,-0.64877909,-0.04209162,-2.56055975,0.11788931,0.99740088,2.01607370,1.40017700,0.60941762,1.59407544,-1.10760319,0.10885365,-1.90894127,-1.35072434,-0.01983573,0.47897297,1.22192478,1.65013695,3.24980164,-0.03117058,3.28473902,-1.06309533,-0.84825283,-1.32747984,1.10771263,-0.96169364,-1.10740972,0.44840512,0.53536797,0.32979965,-2.12957883,1.42773116,-1.88578629,1.20562732,1.76947165,-0.48370788,0.35111347,0.80946547,-1.34197104,-1.37379372,-0.93087757,1.93752265,0.66002375,0.50506794,0.02549520,-0.58184594,-0.53358096,-1.68098533,-0.69896859,3.41858721,-2.16175437,4.25619507,0.11892228,0.68511629,-0.01502282,1.29922652,-1.88628197,0.95750821,1.06848967,-1.27906847,-2.18206477,0.69288993,1.51343572,-0.91317880,1.42702961,-0.36606833,0.92104346,-1.64806306,-0.40338624,1.97607899,-0.28362128,2.12507796,0.99110907,1.67738616,2.68683553,-0.81748849,1.19641602,0.41425130,1.99498141,-1.09612930,0.81453663,0.54820186,0.05775607,-0.76679027,3.20325685,-1.98065805,1.23091674,-1.44179285,1.06625211,-1.78828323,0.25925541,-2.19063783,-0.60257685,-1.52893066,-0.93732452,2.25759792,-1.46789110,-1.69344926,0.53273463
-0.56022620,-0.28815204,-0.12005191,2.29523611,0.66372651,0.91964275,-2.15807509,-2.30858374,-0.64131767,1.42430365,0.46823299,-0.55482852,1.32130158,-0.08614030,0.15958823,0.25928378,-2.22107625,0.88388187,-1.58026934,0.77050495,-1.88567603,-0.08590204,0.98825526,-1.56254709,-1.21333694,1.08558011,-0.48212945,-0.66774887,1.56453228,1.85129201,0.41511601,0.54655713,-1.94302809,0.66365659,0.83785409,1.61083698,-0.40812790,0.72851431,0.37898859,-1.59188426,1.35387599,0.06060226,-1.48755622,-1.43982160,-0.59092498,0.94037145,1.62365401,1.92986262,-0.80750954,2.66841698,-0.08875605,-1.86861312,-0.14332396,-0.12649752,-0.38107437,-0.66487241,0.48066911,-2.12369251,-0.13218933,-1.97018588,1.52303779,-2.71122146,0.94484282,0.80125266,-0.87787062,0.27804428,-0.02257541,-0.77577454,-1.17710233,-1.47239971,2.54253721,-0.01161213,-0.63805741,0.30760491,-0.19629636,-0.24605897,-0.65269864,-1.02966464,1.65524864,-1.99108446,2.44026542,-0.36622223,-0.22483568,-0.36294830,0.21616769,-2.98064876,0.01106570,0.30359381,-1.01903498,-2.12302518,0.77278423,1.14488804,-0.33648992,1.24862409,-0.97964334,0.86576855,-0.16241267,-0.41658029,3.28487635,-1.89718878,2.35355330,1.53007436,1.56584454,2.19802094,-1.06741500,1.41023278,0.81836903,2.04605675,-1.63927650,-1.15297782,0.17964536,-0.89464718,-0.05957802,2.05457950,-0.20897987,1.57010484,-1.28067183,1.43573344,-2.04386091,-0.95661122,-0.13673837,-0.85070425,-0.91259438,-0.95837885,1.37375057,-1.67081475,-1.13103855,0.38516882
0.01586404,0.23979367,0.01051942,1.68058264,0.58750832,0.81849873,-1.87862575,-1.16680038,-0.30630988,0.20518014,0.84904224,-0.54017866,1.87638879,0.72931629,0.08113302,-0.11687440,-1.79690969,0.62766749,-1.56067801,1.22503066,-2.95991778,-0.90591234,1.49003303,-2.04358077,-1.99407148,0.98192888,-1.33446324,-0.53051168,0.22860152,3.26268983,0.54758161,0.61066133,-2.42343736,1.27622223,0.96770036,0.69797218,0.33203202,1.91410327,0.54144210,-1.55324948,1.10281229,-0.56610292,-2.67078114,-3.05010891,-0.09092426,0.76095998,1.89581239,2.06164265,-0.00537904,3.04652214,0.33157358,-1.30248356,-0.95780993,-0.76528299,-0.24696855,-2.00398278,-0.36163178,-1.36055338,0.28727463,-1.69402540,1.36148274,-2.94609332,0.85054082,1.23465300,-0.46480241,0.19827537,-0.23915522,-0.80176008,-1.79915583,-1.28647590,2.45621443,0.29294527,-0.91092753,1.65536165,0.11169848,-0.84491432,0.42950201,0.06889006,3.02183485,-1.97811425,1.98015094,-0.47022745,-1.43076599,0.12411055,0.43537217,-2.85338521,0.45633268,0.49733838,-0.36318755,-2.33251715,-0.01421954,1.74101675,-1.02168810,0.93409693,-1.16892827,1.62718642,0.15190688,-1.35731685,2.73986673,-0.87911081,3.46890759,0.69376850,1.39952552,1.80782008,0.02329246,1.31313837,0.05152302,1.73237073,-1.83108115,-1.28494799,0.22539021,-1.59938598,0.52777457,2.51978469,-0.41516921,1.48915720,-1.02658701,1.88441730,-2.07464647,0.07761607,0.08210262,-0.46993119,-1.20334291,0.29950583,2.57487416,-2.62689710,-0.38233325,0.76635492
-0.23499763,-0.63694799,0.35245720,1.74057043,1.24740338,0.60175449,-0.67785734,-0.86207378,-0.09379516,1.09971845,0.78565693,-0.02680513,2.01616287,0.90949428,-0.17788471,0.92333061,-1.49284708,0.01294053,-1.84668899,1.29633045,-2.72914553,-0.30160740,2.31242728,-1.67191231,-1.43421674,0.97026080,-1.48968685,-1.30036640,-0.69720447,2.81182528,0.93187320,0.50622225,-2.12504077,0.00490918,1.38135016,0.59774917,0.39620966,2.36202002,-0.26947099,-1.49904239,1.39813423,-0.60345095,-2.32076406,-4.02953768,0.54735917,0.74280435,1.88743114,1.43831146,-0.46958411,3.16599441,0.03284669,-2.51320934,-0.31831324,-0.12644675,-1.05849433,-3.50199509,-0.88978970,-1.25418568,0.54181731,-1.31866992,0.63865489,-2.42947102,1.06055427,1.11527967,0.22032341,0.31013277,-0.90282130,-0.67007154,-1.66158497,-1.21141374,2.49393535,0.05149799,-1.22032642,1.68271089,0.57324952,-0.91238040,1.35420752,0.42820483,2.06112289,-1.61536241,2.29435039,-0.93537474,-1.29800057,-0.45532763,0.47102785,-2.35714650,1.01685727,0.22168633,-1.50046229,-2.67852521,-0.74165696,2.43830276,-1.74806297,1.52019167,-0.86942339,1.84868681,0.79744852,-1.04012704,3.00140953,-2.03224492,3.14772749,-0.84974796,0.88584208,1.79504561,-0.08745295,1.31448853,-0.18839879,1.26747561,-1.91738355,-1.64473820,0.56287503,-1.85131776,0.21969691,2.04189801,-1.66123056,0.87600690,-0.65805066,2.52347779,-1.19509506,0.54407334,0.58251250,0.12646425,-0.29863563,0.36973861,2.02646923,-2.41556692,0.29236525,1.14894581
-1.20750713,-0.11481394,-0.39945805,2.37202382,1.29415500,0.24258490,0.02809945,-0.35787517,0.23385811,0.62030339,0.11785078,-0.47711018,2.04679608,0.91435933,-0.53853196,1.51953673,-0.77742267,-0.47544557,-1.97022307,1.61093986,-2.27852607,0.50232327,2.29288173,-0.68387920,-1.37265551,0.64093715,-1.13399839,-1.05091166,0.78471673,1.41212571,0.20949949,0.90915006,-1.03876185,0.18020378,1.75712144,1.39288259,-0.62078029,2.91117430,-0.26462802,-0.79765826,0.47050628,0.10450370,-2.22580695,-2.77661753,0.17147169,-0.17412722,1.96561229,1.47767282,-0.33782631,2.81979203,-0.65438581,-0.77168018,-0.21590386,0.34592426,-1.17842388,-3.27137995,-0.39510706,-0.84343553,0.17813392,-0.20215191,0.47096300,-1.79706943,1.22893369,0.52829605,-0.18603213,0.06711196,-1.55796015,-1.82562089,-2.14547658,-1.06384480,1.98174787,0.86931229,-0.93454099,0.30839732,0.71895468,-1.21221864,0.43864849,-0.34932169,2.16534543,-2.34126782,1.63246024,-1.17201495,-0.82372642,-0.53439897,1.31387353,-0.88867646,0.89707267,0.45370039,-1.14032900,-1.96165240,-0.46261081,1.12836921,-1.69137049,1.72786558,-1.03301668,1.92913902,1.05667233,-1.17710352,2.62072206,-2.20200586,2.08320689,-1.05996025,0.74315798,2.07792258,-1.28813517,0.36540276,0.18254057,1.24855268,-0.41804600,-1.19140518,1.13123465,-2.36276889,-0.13787252,1.14156651,-1.27103126,1.15472627,0.07255470,1.46350634,-0.77708161,0.81960350,0.15288873,-0.42497623,-0.07507656,0.56086504,1.40235484,-1.45032263,0.24358857,0.76197737
-1.17394853,0.66555750,0.28287917,1.75294840,-0.08124726,0.71615511,0.28161323,-0.29938748,0.84872621,0.86070651,0.39907348,-0.86272651,1.13962364,0.40493187,-1.97750878,1.79373157,-1.34791386,0.16718192,-2.11628819,0.34774905,-2.94051027,0.40552935,2.83679438,-0.99816823,-1.58229780,-0.62447149,-0.17365998,-1.08253908,2.26462793,1.34011590,-1.04714644,1.39154565,-1.58866692,0.71642905,0.81210059,1.08190811,0.35589886,1.93491745,-0.36843783,-0.96275425,-1.00532866,-0.60713184,-1.84429252,-1.41193223,0.26779032,2.06965160,1.94235706,0.91892904,0.43269908,4.58284616,-1.12793469,0.58806103,-0.07590947,0.91970080,-1.68061936,-4.43321228,-0.40943992,-1.39284170,0.42873237,-1.96090734,1.10612822,-1.17428184,1.35611296,1.16735792,-0.79273272,0.34543434,-0.94635528,-1.54898047,-2.75811052,-1.23846245,1.83707428,1.75351131,-0.72189933,-0.52671778,0.63538706,-1.59272790,0.18170415,-1.52222300,2.11336970,-1.64141512,2.46275330,-1.88922632,0.12676778,0.96160793,1.47414017,-0.75936854,1.38619280,-0.17872967,0.04785170,-1.82500970,-1.13944721,1.56005466,-1.71120071,2.32204890,-2.14750886,2.30491567,0.62968993,-1.08633459,2.78655386,-1.31594801,1.07189035,-1.08129835,1.43231022,2.18841696,-0.45491767,1.84010875,0.27105677,1.73508394,-0.92590755,-0.34983864,0.88146436,-1.95890176,-1.82025385,3.49224067,-2.11173177,1.54974222,0.33166572,2.03014517,-1.19966567,1.91312003,0.50470895,-0.59674728,-0.49366295,-0.57624960,1.75825429,-0.53935188,-0.69194877,1.22257602
-0.06476994,0.11400923,-1.05394828,2.30693865,1.70712554,0.75588650,0.48168740,-0.51734596,-0.69679976,-0.87170118,1.05715525,-0.52181727,2.00423932,0.44105175,-1.55800712,1.62190378,-1.62399161,-0.12176222,-1.46327770,-0.24105050,-3.86660910,1.70171642,1.94448769,-1.10114181,-3.21265292,0.19702443,-0.68518728,-0.45633510,1.08304560,0.92971426,-1.50825024,2.15793777,-0.64268059,0.69445014,1.51598978,2.08048511,-0.74783581,1.55207622,-0.40389639,-0.16285709,0.07796872,-0.36459795,-1.30216432,-2.42603183,0.13963448,1.60918665,1.23004425,-0.44102466,-1.33554828,2.29448628,-0.35279629,-1.15796661,-0.20740587,-0.03784557,-1.19784236,-1.95952117,-0.66694176,-0.98159337,0.37304467,-1.21475625,0.76794016,-1.57979500,1.73839211,1.47149205,-1.65133083,0.27798685,-1.78510213,-1.25957978,-1.79948354,-1.60880530,1.62383425,2.42866993,-0.43924293,-0.81778061,1.15016437,-1.03268707,0.38899228,-1.34195375,1.63320410,-2.03819394,1.96719384,-2.45433116,0.45719525,0.88628894,1.64241588,-1.93197250,0.44503805,-0.80489790,-0.74022287,-1.91906536,-0.08209684,0.90553617,-1.91089201,1.86436272,-1.24013352,1.24890280,0.41504899,-1.00571513,3.11791348,-1.08651853,1.21670568,0.34710824,1.10107267,1.65271997,0.80592215,1.13598692,-0.16049631,0.53786439,-0.33185777,-0.77449262,0.05642680,-1.13183200,0.19421089,2.26071429,-1.91325212,2.47499919,-0.50039685,1.13657069,-1.22253239,0.67432916,1.09988010,-0.08972206,0.81716269,-0.46696231,1.70225596,-0.84528929,-0.09260099,2.06130767
1.42193604,1.23590386,-0.57510763,2.10921049,0.17966852,-0.34249246,0.38614532,-0.70530093,-1.65670180,-2.59476972,1.15569150,-1.32247853,1.40846467,-0.50449103,-1.42000532,1.39308810,-1.45070887,0.15009661,-1.45441818,-0.88556331,-3.64480162,1.11580002,1.73986936,-0.71989447,-3.03264737,-0.91427290,-0.43634099,0.35105774,0.90928316,2.09598494,-1.72815824,1.37746716,-1.65704310,1.81084919,0.58362883,1.55967653,-0.85277259,0.83629459,0.78494334,-0.26256517,0.03561394,0.46230868,-0.44094214,-2.25030375,-0.45746002,1.54652452,0.70432132,-0.80063123,-1.27884686,2.66958165,-1.04944348,-1.13236248,0.71262407,-0.04780678,-1.09165192,-2.53514647,0.60525173,-0.74074537,0.11046439,-1.73910105,1.21959305,-0.98183239,0.92908710,2.33575344,-1.08976257,-0.37334669,-1.30069661,-1.22088623,-1.95990074,-0.96607739,1.28291547,2.04193234,-0.51869375,-0.58847928,0.75054759,-0.52742952,-0.59288651,-1.00924742,1.82776141,-2.28571033,1.13881338,-1.72662377,-0.46943408,2.32029605,1.81789386,-2.33382726,-0.89254230,-0.98899400,-0.32375309,-2.32077694,-0.16754755,0.62147540,-2.90890288,1.03913450,-1.72331154,1.02309406,1.19514775,-1.76161623,2.78484774,-0.70063698,1.31396198,0.27295405,0.86877000,1.40524673,0.48081267,0.70628744,-0.15098614,-0.12551069,-0.41733709,-1.22812414,0.62938738,-0.24871990,1.43245125,2.40770602,-0.35610110,3.91547298,-0.74507117,1.63450527,-1.09526432,0.87199628,1.26724625,-1.23358130,1.23066950,-0.40661880,2.51827717,-0.50305051,-0.57054782,1.55257094
2.29212856,0.05271953,-0.84634155,2.44803190,-0.90981054,-1.27701974,0.47287738,-0.92947364,-1.39252162,-2.26814222,1.25555193,-0.94769359,1.21065426,0.44114542,-0.55353159,0.57798612,-1.41075873,-0.38948131,-2.15565419,-0.21264109,-2.23358440,-0.84440458,1.24131858,-0.18723840,-2.33101177,-0.65136892,-1.21645331,-1.98517346,1.31241548,1.79467654,-0.49424595,0.55228287,-1.21793413,2.44026327,0.02355077,1.53402460,-0.75792897,2.07317615,-0.57442009,-0.50451279,-0.22431242,0.62042826,-1.05916584,-3.14334965,0.03975634,0.55791461,1.10267174,-0.44726366,-0.27936149,2.37182403,-1.00952017,-2.33414197,0.44274437,-0.01255272,-0.82974821,-2.14033437,0.61159039,-0.58628994,-0.13499534,-0.27613565,0.92647392,-1.33989727,1.32285070,0.45952556,-0.33212352,-0.66240132,-1.91322815,-1.07765234,-2.40196633,-0.58499467,-0.31799281,1.37771297,-0.70920151,0.08708598,1.71203089,-0.82942522,-0.45350489,-0.74106038,2.34505510,-2.06426525,0.33074006,-1.93677175,-1.20759165,1.36466324,1.19123566,-1.81730652,-0.12703434,-0.81500793,-1.53340805,-1.43941462,-0.24077876,1.25189757,-2.03543186,1.54261208,-1.15536308,0.11984987,1.24355137,-1.76270580,1.72743332,-0.74086964,1.48571610,0.13831937,0.66341341,1.32545531,-0.07760333,0.53340489,-0.26258647,-0.21269043,-1.33324659,-1.80138993,1.53563905,-1.49614263,1.38086689,2.05364919,-0.17998108,2.99453068,-0.60847169,2.32963395,-1.84837985,0.49441570,1.77186632,-2.06938457,0.67048281,-0.22303213,2.35361314,-1.24542618,-0.51790386,1.37557018
1.23855400,0.38843846,-0.27184081,2.16224027,-0.81508601,-2.06973481,1.24966323,-0.43308380,-1.00007021,-3.47977042,0.81135482,-0.80729705,0.42933485,0.44996634,-1.33599234,0.40767679,-1.74720776,-0.35799742,-1.65786326,-0.99277556,-2.28822494,-1.32588792,0.63379270,-0.04783406,-1.69778717,-0.66519696,-0.60811710,-2.80845499,2.25803232,2.09692907,-1.26758623,0.34148762,-2.24964714,1.20342517,-0.89983553,0.08625585,1.26232672,2.08255196,-0.61406797,-0.92590773,-0.84317005,-0.89268142,-1.50110149,-3.30271196,-0.12041960,1.00512135,0.80752033,0.34125292,1.18912625,3.50081897,-1.76903307,-1.59754574,0.22702093,0.31778535,-0.66902941,-3.96463919,0.35458711,0.28379244,0.28296617,-0.36848730,-0.54937255,-0.94637328,1.02087522,1.19133699,0.63886565,-0.52814651,-0.87709266,-0.27866796,-3.70468974,-0.31119099,-0.55774075,1.23262513,-0.53899193,-0.04561695,1.34758282,-1.19129956,0.21607183,0.23167387,2.21434784,-1.97771347,0.25399363,-1.83943307,-0.68192780,0.28558871,1.23407400,-0.88857991,0.45129845,-1.46410775,-1.06125474,-2.29112649,-1.57912910,2.32273173,-2.54509306,2.67597604,-1.18271315,-0.56956333,1.08695030,-2.68431091,0.78151363,0.24642339,1.71889937,0.35160348,0.96952581,0.76606882,-0.07329755,1.39534819,0.34870064,-0.68238258,-1.30735838,-1.47566092,2.03370476,-2.40955400,0.33085313,2.46118951,-0.99607521,1.65659451,0.14923732,2.69975257,-1.90324664,1.30886686,1.85560775,-1.79045439,0.69898647,-1.13035917,2.64140654,-1.07007074,-0.66326517,1.82619107
0.49562699,0.05095613,-0.82429755,2.90272856,0.09870557,-2.10216641,1.09944606,-1.52074730,-1.41390491,0.08360313,0.48068249,0.30626544,0.72492194,0.29364839,-0.92606419,0.42906150,-1.68481970,-0.96252382,-2.40453696,-0.89835912,-1.83961391,1.07057023,0.63385153,-0.26787040,0.08904119,0.12082557,0.27852947,-3.04417539,1.88634658,0.95963162,-1.36793315,0.70040292,-1.46456861,1.15521419,0.41889223,0.79087132,-0.01324101,1.80529916,-1.60014832,-1.60125804,-1.15003240,-0.11577789,-1.78288078,-2.67568827,-1.38449693,1.61678648,0.73085034,0.11571968,-0.13068992,3.13559914,-1.75022292,-1.71572745,0.12711470,0.03808159,-1.09461641,-2.07615447,0.53107804,-1.07277846,0.46579456,0.08880721,-0.57162404,-1.57396460,1.38670266,0.75120068,-0.30936295,-0.47660246,-1.10622466,-0.20421907,-3.23632503,-1.28049231,0.34003222,0.63769227,-0.38274968,-0.83952284,1.35425305,-1.11560023,0.06493898,-1.71458793,1.25739872,-2.15371776,0.65043598,-2.15071511,0.37736771,-1.13284636,1.52913940,-1.50217628,0.06264667,-1.16872132,-1.56676817,-2.63689566,-0.71579099,1.75339139,-1.75825286,2.46608210,-1.87665641,-1.26915514,1.28871942,-0.38765401,1.97402334,-0.56100464,0.48482448,0.72618788,1.21467912,1.63604116,-0.33338422,1.20857525,0.24273755,-0.09716164,-1.91380370,-2.17336464,2.10423732,-2.67926121,0.11879951,0.81767362,-0.84517562,1.21096826,0.39016411,1.88199496,-1.60541487,0.54622567,2.01382446,-1.53028202,1.04957342,-1.42707872,0.80400717,-0.68179184,-1.65422440,0.07800110
0.03382267,0.47988835,-1.14102316,2.36159515,0.45523676,-1.18079436,1.02193403,-2.25628901,-1.10926819,1.32400620,0.28522813,0.54128575,0.80725610,1.25548375,-0.51999676,0.54667389,-2.30836344,-1.29861295,-2.70177341,-1.01960361,-3.23030305,0.56735533,0.73650700,-0.70686948,-1.00072443,-0.79624575,0.68555611,-2.43091536,1.88160515,0.55422157,-1.59241843,0.18981332,-1.58101630,1.85914016,1.74842155,0.80948913,0.81141895,2.35427952,-2.02424860,-1.31591535,-1.66646326,-1.62466574,-2.24468255,-2.48459601,-1.78354239,2.10929418,0.97350067,0.17492552,0.73171371,3.48289824,-1.39381874,-0.47530806,-1.84495676,0.22543587,-1.14024866,-2.26674509,-0.28302029,0.39651212,1.30726254,0.78752631,-0.76618683,-1.30693555,1.99635804,2.08449531,-0.40866119,0.02836267,-0.74284214,-0.67687237,-2.94206429,-1.61179316,0.81440634,1.57131147,-0.18981430,-0.23550233,1.28437412,-1.99595475,0.31089780,-1.52276969,3.36440110,-2.57305121,1.35794413,-2.58666372,0.53726721,-1.68162990,3.03598976,-0.73678279,0.29781660,-1.32588863,-1.44196153,-3.53498697,-1.04476988,1.75477684,-1.88267803,2.19519162,-1.70472538,-1.51556838,0.70050597,-0.26228726,0.95315582,1.19131362,0.48264313,0.08028303,0.77292502,2.53535652,0.38786197,0.92887205,-1.22104049,-0.21730454,-1.54749763,-1.27190661,2.06178927,-2.49461532,-0.00616847,0.93184608,-2.29072452,1.29501247,-0.07614137,1.46612585,-1.40733755,1.57553625,0.47734481,-1.51595056,0.86403972,-1.16294408,1.15298021,-1.22498584,-1.51678193,-0.40824977
0.61896241,0.75721306,-0.86291045,1.59949660,-0.51312965,-0.88871384,0.62490237,-2.13891387,-0.49361649,1.07757878,-0.11245311,0.56820637,0.36965665,1.49245834,-0.57491964,1.02894461,-3.35837173,-0.49449176,-3.10856318,-2.29451752,-3.36429644,0.42422870,1.02634966,-1.00530171,-1.14411676,-1.95970201,1.50322425,-0.87588775,3.59158778,0.08372992,-2.21429324,-0.21697849,-1.40919065,1.56410813,0.63131428,2.00713754,-0.01536849,0.87117279,-0.97219616,-0.93819761,-1.49360359,-2.87292600,-1.29964125,-0.19530970,-1.02773333,1.80766475,0.50957823,0.70894492,0.10727580,4.02357674,-2.39967537,0.62774324,-1.40703845,0.67257959,-0.70026153,-1.86628687,0.66084379,1.17771053,1.04491472,-1.03276324,-0.77376115,-0.35269970,2.12745237,2.20889759,-1.44400728,0.01281559,-0.45608070,-0.76090753,-1.63571298,-1.43659747,0.29266363,2.20328045,1.00715816,-1.28660643,1.02958167,-1.41666675,-1.12301230,-2.29042149,2.67353702,-3.29999232,2.89832902,-2.33629608,1.24895775,-0.59772420,2.75898218,-0.77411979,0.74306256,-1.57597625,-1.65587842,-3.99949455,-0.86015725,1.13188148,-1.72945225,1.42439103,-1.84034622,-1.08851814,-0.31902289,-0.42659447,0.47813857,1.28138626,0.53584129,0.42710191,1.18456757,2.08455014,0.33264977,1.52922714,-1.04894400,0.70252734,-1.78410876,-0.69751257,1.63729525,-1.30029345,-0.77351844,0.87990046,-3.67991447,2.08592105,-1.02484918,1.83864021,-1.98853350,1.59965515,0.61686045,-1.33968639,0.91382855,-1.30972695,1.05808139,-0.18140528,-1.99967337,-0.37625697
1.14220428,-0.83350468,-1.55573082,2.97003365,1.65876579,0.06282538,0.64046222,-2.22066021,-1.59683776,-0.34429839,0.80869287,0.52199996,1.40637386,1.03072619,0.52568275,0.13983268,-2.72974157,0.01959933,-2.07538104,-1.38357246,-3.28210688,2.01990509,-0.34222862,-0.99601179,-2.33588147,-0.28962290,0.48429981,-1.00297356,1.53422761,0.63732666,-1.60351419,1.13871443,-0.72519147,1.44823909,1.54503441,3.34921074,-0.73159844,1.02408278,-0.75554395,-0.73328662,-0.03867589,-2.17212820,-0.68272388,-1.48906994,-0.79034907,2.51770639,0.25918862,0.22538359,-1.15586197,2.20129085,-0.57988626,-1.12967455,-1.47381711,0.43999583,-1.03908384,0.22116132,0.16655110,0.50931489,0.69525307,-0.98241800,-0.38826582,-1.30759704,1.42195797,2.47110963,-1.46542120,-0.20876282,-0.73424715,-0.09859507,-1.44862318,-1.15973091,0.71188247,1.92942798,0.46989173,-0.70771688,1.32226861,-1.25192285,-0.86454916,-1.69847763,2.51408887,-2.69033861,2.56363583,-2.07205224,1.26518118,-0.14157574,1.97851801,-2.07192636,-0.15689923,-1.61337638,-2.27312732,-2.71406150,0.48870537,0.35414723,-0.53141439,1.65201211,-1.17467856,-1.04870379,0.03386402,0.17868605,1.67676818,0.90760434,0.64639288,1.50638592,1.20469499,2.00949693,0.49564114,1.17286360,-1.49796569,-0.05080795,-1.69274426,-1.40522158,0.39561814,-0.20227478,0.23709323,0.82082498,-2.35260868,1.76524603,-1.95320749,1.26914442,-1.56064963,0.31910822,0.96360272,-1.30081260,0.90019876,-2.04592299,1.48648286,-0.57998049,-1.19442809,0.84081024
2.36676502,-0.10521144,-0.81890213,2.52619672,0.31044909,-0.43954512,-0.27365449,-2.79536247,-2.28746986,-1.33732581,0.85242057,-0.26519665,0.86828756,0.19668010,1.18209100,-0.44376275,-2.72657108,0.71382701,-2.02025580,-1.62572932,-2.87513185,1.18640447,-0.78554553,-0.89826536,-1.87429845,-1.15458250,0.83371907,0.18136454,1.14925647,2.00253606,-1.04860401,0.05773726,-1.99933505,2.16575789,0.68444175,2.80198622,-0.73467922,0.10927919,0.73795736,-1.01512814,0.62778032,-1.65834188,0.09679808,-1.09148681,-1.34470022,2.18338203,-0.10309277,0.75040948,-1.03682625,2.29595852,-0.89540696,-0.97934365,-0.79066825,0.58304119,-0.73373377,0.13163929,1.43845570,0.56652790,0.17943415,-1.90145206,0.09577143,-1.02505815,0.37096840,3.32805681,-0.80072588,-0.63668180,0.29381394,-0.07051937,-1.04810810,-0.45024419,0.84441125,0.91176659,0.47013104,0.08594776,0.62983060,-0.67398196,-1.84581447,-0.96540397,2.91291738,-2.88137531,2.23186231,-0.56809705,0.21236977,0.94557369,1.65051723,-2.60733056,-1.56520557,-1.38587248,-2.02720785,-3.10924196,0.69512367,-0.06981628,-0.80266625,0.45841634,-1.39492309,-0.88570857,0.43781042,-0.35738447,1.33451438,1.11551881,1.15205050,1.65302527,0.97156370,1.84642887,-0.13343105,0.72451061,-1.53849876,-0.24632379,-1.96095622,-1.73395312,0.50418258,0.90334380,1.28001833,0.88774627,-0.76867676,2.64102793,-2.59565520,1.69327855,-1.43694413,0.04747876,0.58332741,-2.13663030,0.86709636,-2.04065657,2.34855986,-0.68913949,-1.60226119,0.02442658
