0.08973527,1.18885183,0.86630958,-0.18150814,-1.23530829,-0.82978278,-0.88556051,0.52070940,0.86202604,0.70756942,0.37087756,-1.27097690,-1.40243745,-0.91897935,-0.60930192,0.79604810,0.15730529,0.44810206,0.00094998,-1.01170421,-0.33018428,-0.69920212,0.49593562,0.99985957,1.08050895,-1.22271025,1.05806196,0.33362898,0.03732944,0.58252549,-0.39581460,-2.14000678,-1.14634550,0.23549426,-0.81940341,-0.66855043,-0.16577914,-0.59070182,1.46753526,0.18751638,-0.84298986,-0.00864866,0.49014091,1.15672231,-0.15102205,0.28908470,-0.46712726,-0.30767319,1.14451218,-0.09826892,-1.04061890,0.29201746,0.34491193,1.05058610,0.99939561,-0.57791567,1.74315155,-0.32006240,-0.75053298,-0.36142540,-0.89902264,0.64350939,-1.45497751,0.52317333,-0.80674756,-1.58666146,-0.94710892,0.12385541,-0.35732022,-0.42953134,0.58798087,0.89511216,0.22171269,0.59353560,-1.45715725,1.41180778,-0.50309932,-0.84623748,-0.20419604,-1.00621831,0.28998113,-0.49636698,0.31235641,-1.30310571,-1.14186060,-0.15175720,-1.94246078,0.23414357,0.83758605,-0.85498357,0.01923150,0.24356528,0.61529142,1.49219227,-0.68918794,0.22680651,-0.65772450,-1.16148603,0.42980000,-0.22182021,-0.02954710,0.64443016,1.72049558,-1.02479506,-0.63055384,0.95047921,0.21196461,0.62419689,0.96921730,-0.97250092,0.66646236,-0.60132605,-1.11355257,-0.41579399,0.10684159,0.41929704,0.42072672,0.16619805,-2.49488282,1.07526743,0.57216316,-2.03980899,0.37936473,0.04734081,0.26283213,0.74806297,-1.38111877,0.97599322
-2.36443043,-0.96107131,-1.37380302,0.33138537,-0.85720342,1.94692814,0.13340065,-0.88369334,-1.45716655,0.32420254,0.36818993,-0.23542488,-0.41316274,2.69594359,-0.97414780,-1.28094268,-0.65471560,0.56065506,-0.52106297,0.16782005,3.04474664,-0.10948312,0.80851936,-1.30193925,3.10466719,0.78324527,0.41504598,0.59413165,2.91499472,-1.93886673,-1.26885152,-1.20828938,-1.44163013,1.18320990,1.64551663,-2.34194160,1.14422607,1.33112276,0.25207609,-1.32917702,2.07961774,-0.66571534,1.33360815,2.17704749,-2.41090441,-3.27257514,1.27801538,1.49298918,3.19632149,0.97839987,-0.64830905,-1.90455186,-0.85393602,-1.58868670,-1.52298510,1.86143100,-0.10540900,1.66531944,-0.21914801,-3.15538001,-0.59318864,-2.48893833,0.30410677,-3.58610845,-3.05563211,0.47458875,-2.04537201,-2.50972986,0.66349423,-1.70158184,3.11930442,-0.32874346,0.49152645,-1.93525112,0.21864071,0.68046761,1.31110072,-1.36623633,1.81125963,0.35740441,1.27121818,2.76657343,-0.10707420,-1.41487122,-0.78718829,-1.55205631,-3.45753336,-0.77179563,-2.76219797,-1.22852063,-2.16241217,1.91333604,2.99017620,-1.63178921,1.51982963,-0.91691417,0.22092156,0.58067560,2.26573753,-3.30059195,0.29987767,0.19211893,1.11312032,0.35344589,-0.51861143,1.84392881,-0.65260601,1.26466894,3.72614861,-0.29222959,-1.91585922,-0.25766635,0.35388365,3.03489733,-1.22692525,-0.45534569,-1.25445950,-3.44306993,-0.48719269,-2.47880602,-0.37935144,0.82138675,-1.56783819,1.60472631,1.11386645,-1.26890635,0.25233316,-1.45043349
-2.86850762,-2.65466166,-1.20784664,-0.93232590,0.59124577,3.66291499,-0.45279381,-2.53762794,-1.45091689,4.58285952,2.05242729,0.06488288,0.07143152,3.60126138,-0.50490636,0.88925356,-0.80121368,1.46582341,-0.34327275,-0.03535080,-0.29708785,1.41099191,0.57769662,-1.92480278,2.69787717,1.88276780,1.88196290,0.94698822,1.57239068,-1.88664949,-0.67956793,-2.29593110,-0.85064960,0.74873006,3.36899328,-2.19276714,-1.02165854,-0.32792270,-0.36394107,-0.21469042,3.58634758,0.04806494,1.58330226,2.80783248,-4.20200920,-2.05526400,1.48009384,-0.15678380,1.62140548,0.28558874,-0.63384503,-0.22459778,-2.36899781,-2.13545394,-0.08952780,2.93888402,0.47543231,0.05673000,0.24958673,-3.78312349,-0.14285712,-1.97775733,0.44048679,-2.22785664,-2.30300522,-0.26982364,-0.59189063,-1.89332438,2.94525576,-0.59425247,3.90554714,-0.54729187,-0.06672560,-1.36342144,-0.52556348,0.48263788,0.21886519,-0.38215756,2.54621863,-1.23139274,1.50345838,2.30851889,-2.75133705,0.05466248,-0.27545428,-1.15363336,-4.04589128,-2.06137419,-2.89151812,0.29855001,-0.33528680,-0.34187877,4.06807327,-3.03365254,0.96338224,2.11754847,1.50096548,-0.31170589,2.71005845,-3.87363935,0.82842517,1.21490335,-0.57176161,0.49520099,0.01346499,1.12501264,0.55707407,1.48541880,3.65708113,-0.08648528,-3.61299038,0.00270493,-0.23429409,3.02881384,-0.41604504,1.42744815,-2.18623996,-1.11408484,-1.42184961,-1.73784709,-1.55826592,-0.04391023,-1.92995381,2.68286800,1.64771378,-0.88371778,2.18578887,-1.58210456
-0.81848770,-2.05992389,-1.40435886,-0.46486151,0.59417534,3.57444191,-1.00785804,-1.86360180,0.05800127,1.77317166,2.36723900,-1.69400144,1.73688400,4.19209862,-0.97963786,0.70756418,0.73581773,2.16357541,-0.47321630,0.13784353,0.19338132,0.33645037,0.04872131,-1.76394486,0.24895163,0.98108149,-0.24716990,2.56183457,1.13520694,-1.38593209,0.07775207,-3.55749750,-2.86980581,0.46705854,3.09587669,-1.77710998,-1.13684058,-0.50373161,0.23294359,-0.13521783,4.21068859,0.52984434,1.18036342,1.03547192,-3.41413593,-2.29407907,1.06821251,1.00563824,1.19136202,-0.06478432,-0.47676176,-2.00502348,-0.98581070,-2.81020904,-0.78644133,3.33312440,-0.00356501,0.71152431,-0.46185806,-4.81275082,0.25599998,-1.36387992,-1.82695436,-1.25270545,-1.49687839,-1.15378487,-0.86026621,-0.84644163,1.28374898,-0.01399739,3.15279937,-1.48664749,0.44283915,-1.99523640,0.92266917,0.90249562,-0.50093031,0.48880929,2.23264480,0.04885122,-0.38620830,2.41704774,-3.38046002,0.38697052,-1.66755927,-0.80647653,-2.84819746,-1.96656680,-2.41208673,0.10112027,-1.60816562,1.13466990,2.79243088,-1.21341550,0.76494545,2.22744989,2.63861275,-1.41318190,1.67101216,-2.97644043,0.14639047,0.93446577,0.76657927,-1.02204847,-0.81474435,2.23879552,1.26040053,1.26966155,3.08233166,-0.66131169,-1.44155049,-1.19050133,-0.10497727,4.22813845,-0.25294736,-0.79177779,-0.90322530,-1.77562082,-0.23623841,-0.40383840,-0.47744542,0.39936292,-2.97840357,1.85317826,3.98341227,-1.22181320,2.30175543,-0.13590837
-1.06767428,-2.99327517,-1.20618141,-0.43987793,-0.16859493,3.17284489,-0.38239127,-1.65207291,-0.44302073,0.60870844,2.64319944,-3.13056469,2.33851814,3.20615578,-0.60116667,1.08044624,0.38259006,2.32127357,0.38827825,0.73659265,0.00794460,0.19317597,-0.06436402,-0.61618888,0.54977292,1.27879190,-2.04421830,1.58058214,1.65282440,-0.60522211,0.45441425,-1.86578941,-2.28187680,0.57161963,2.49258995,-0.59664595,-1.22704995,-0.22145748,2.01328969,-1.06382382,6.35577393,1.18621504,1.48907697,0.60837793,-1.76288235,-3.41655326,1.63070905,1.36563349,2.05709457,0.42288598,-0.04234748,-2.29570913,1.01544714,-0.94653869,-1.43269193,1.78256941,0.17833982,-1.11413193,-1.32623100,-5.44556379,1.05863249,-2.83191538,-2.76851869,-1.25922537,-0.56216919,-0.92582852,-1.96175373,-2.50399852,-0.80234885,0.35612205,1.53245926,-2.03029490,-0.45027006,-1.91379273,1.05448318,0.13681045,0.44964126,0.88677770,1.19302928,0.59911859,-0.81423759,1.87173760,-3.80457544,0.06540885,-1.52033794,-1.18553102,-2.86487246,-2.17380667,-2.53569603,-0.00882126,-2.98600864,1.44867182,2.53477526,-0.21955074,1.54522693,3.16887045,3.39170313,-2.52272296,2.71361375,-4.82318878,-1.14938450,-0.43293768,0.08306189,-0.75312877,-1.58977425,1.55022562,1.76405883,0.81871694,4.02845287,-1.49064052,-0.27279133,-2.27909470,0.27910253,4.43671894,-0.08502331,-1.65674460,0.18270430,-1.37748659,-0.43100804,-1.23321128,0.51541460,0.28133243,-0.87549490,0.97097927,2.99882269,-1.42224753,1.55356193,0.36754638
-0.83090770,-2.64078140,-1.28525758,-0.02324143,0.43006703,1.43496072,-0.55418658,-0.92289168,-0.05245945,-0.59513360,2.79419661,-4.29559565,3.18061543,2.86976695,-2.23312926,-0.18007451,1.22905576,2.14708853,-0.18889585,1.54105234,0.50436020,0.38023308,0.39219141,0.38301444,1.68489873,1.82229137,-2.35305500,0.76178187,2.16746545,0.06079793,0.22829506,-0.20878313,-1.88176060,-0.00268845,1.46555138,-2.05317950,-1.41945755,1.28763402,1.42236066,-1.20175600,5.92974520,1.78194511,0.72289729,-0.31459942,-1.43727601,-4.64323187,1.24248278,2.42699027,2.42909336,0.53813004,0.10719576,-1.12598312,1.41043890,-1.76889706,-0.50480306,1.03451931,-0.98729193,-1.06572366,-2.33959341,-4.49165249,-0.48564625,-4.24294806,-3.19849181,-2.35266256,-1.79040813,-0.01826590,-2.04962373,-2.51127148,-2.84516215,-1.43135214,2.75316620,-1.26646149,0.63046038,-3.54223084,1.55952966,-0.41430199,1.81042945,-0.93242264,0.81988025,1.01081920,-2.47532225,1.15338647,-2.91564560,-0.83529055,-0.51447618,-1.56402230,-2.61163473,-1.34611344,-1.97719431,-0.22309306,-3.66169429,2.29531813,2.46499300,-0.39534393,0.14846107,3.30573916,2.83250570,-1.59303677,2.50101709,-3.40738106,-1.90061915,-0.46445119,0.26553440,0.03604573,-0.01241687,2.72047997,2.36538768,0.26687634,4.00648689,-1.17382026,-0.76582760,-3.24068499,-0.02203822,4.36349773,0.00683615,-2.71169066,2.17734933,-2.14136338,0.43492198,-0.48650223,1.55611098,1.19167507,-0.93600112,1.33684850,1.93193567,-1.59033239,0.82010889,-1.57513404
-1.67741835,-0.24067369,-1.40188861,0.45195186,-1.05180788,2.61318803,0.57187700,0.35429582,-0.17879249,-0.88550866,1.63639462,-2.47207355,1.86251915,2.29631972,-3.33283067,0.14280304,1.30526769,0.32536215,-0.75128919,1.02310312,1.24437976,0.18512037,2.04474425,-1.03930807,2.67983747,0.26087993,-2.12118125,0.05819949,1.53072715,-0.58756816,-0.49693096,0.22210014,-1.89532614,0.79137379,1.24448121,-3.25375009,0.65200484,1.71657813,0.79752082,-1.08604825,3.88183427,-0.20436153,0.12066559,0.35701877,-1.16673756,-4.39871025,1.89616883,1.96368158,3.44505501,0.94772756,0.72226870,-0.99225008,1.30405951,-1.33400512,-1.88382602,-0.71427751,-1.89100039,-0.78231299,-1.56074190,-4.64044523,-0.60941833,-3.25036955,-1.42292285,-3.63424802,-3.24382305,-0.08380577,-3.19037652,-3.31853580,-1.33990455,-2.20446658,2.39932013,0.11116326,0.45289496,-3.11548781,1.46412849,-0.22223823,2.31225920,-2.21986485,0.44704843,0.68987131,-0.97089839,0.86477286,-0.72270739,-0.52188855,0.34473971,-0.34779999,-3.04112101,-2.20851231,-1.66678560,-1.59850764,-3.93965626,2.52855396,1.72327375,-0.43940589,0.90044028,0.56701654,2.70893002,-0.33877784,2.75223136,-3.37135196,-1.50285542,-1.79248548,0.07764452,-0.16513750,0.64512146,1.74489999,-0.32324207,0.40839672,4.53456688,-1.26344180,-0.55341142,-2.36571527,0.02757487,3.38063908,-0.37091002,-0.17423713,0.79339373,-3.25126815,0.41185594,-0.72822666,1.83845353,0.95733500,0.94363070,2.39312458,1.50941825,-0.20815384,1.44676518,-0.51470160
-2.06870961,-0.10425460,-1.45789969,0.71367937,0.24409476,2.65164709,1.28164530,0.36933175,1.07523799,2.33930755,3.23508763,-1.73254013,2.84628439,2.90607238,-4.40447092,4.03122616,1.32937694,-0.24261077,-1.12392712,0.57235354,-1.23725867,2.00624037,1.46416271,-1.11054492,2.23099971,0.72293544,-2.42537570,0.08206483,0.69701540,-1.67752147,-0.31433672,0.28236961,-1.79797065,0.18979675,2.20526958,-4.09372282,-1.24528766,-0.11545113,0.06673314,-0.42098996,3.95950890,0.87897706,-0.59502512,-1.55032873,-2.48981714,-5.24075031,1.26212394,-0.04006986,2.53743219,-0.44902125,-0.75697756,-0.26984271,0.70284468,-2.68744183,-0.92716867,-1.31018198,-2.54529667,-1.24676418,-0.20945264,-3.56546617,-0.83989424,-2.58696842,-1.16616130,-2.59611344,-2.35878849,-1.04811132,-2.47584724,-3.44765711,-0.37139687,-1.35925269,1.67647815,1.15685868,1.08054543,-4.27392721,1.47028375,-0.21161221,-0.14105912,-2.45470858,1.81745207,-1.28522444,-0.90441191,-0.45409954,-2.07166123,0.32754326,2.65152645,0.87965423,-2.88226938,-3.66915083,-2.37949371,-0.52060342,-2.91025949,0.89024144,1.17582703,-0.13898344,2.12102938,1.76694763,2.56099987,-1.42928255,2.35711098,-1.94703996,-2.37590742,-0.39067119,-0.69114387,-0.61541200,2.05643535,0.71565384,0.83735108,-0.65256310,5.99376392,-0.24286459,-0.48023218,-1.86181092,0.29777518,3.03533840,-0.59245968,1.15074992,1.45276403,-2.63970304,-0.02921326,1.27536821,0.39907205,0.44630975,0.91996539,3.84660244,2.83257294,0.62758225,2.59183860,-0.16916925
-0.87992972,-0.61698318,-2.50611281,2.14607334,-0.33009499,3.61692452,1.97372127,-0.31244683,1.85983872,0.80778486,1.99612141,-3.22242022,2.77903414,3.48427224,-4.35158396,3.32730246,2.53737211,1.10837615,-2.21471190,1.33576059,0.94546533,3.01527214,1.21521616,0.69368970,1.06818342,1.04316068,-2.30571485,0.37574962,3.65859437,-2.06028223,-1.82281566,0.39976001,-1.88069761,1.82787740,2.21425343,-1.18304002,-1.13773680,1.29193985,-0.65244186,0.77641284,2.33641291,2.59828734,0.60216480,0.31836775,-2.70136356,-2.68800259,-0.35448647,-0.30654508,-0.10899757,1.55001295,0.57683837,-0.65614140,1.36695719,-2.66926265,-2.08131433,-0.45370784,-1.72056794,-1.06140733,-0.48379731,-4.91281176,1.10320175,-0.71361816,-1.07915449,-3.50357747,-1.26968575,-0.49271169,-3.09482932,-1.89048743,-1.57964814,-1.16534472,0.77521420,1.26596797,0.37173191,-4.05912542,2.04319072,-0.81938058,0.41056594,-2.61400127,0.89302093,0.62596488,-1.96474528,-1.34723330,-2.68290663,3.23029852,0.84668124,-1.61204433,-2.58797455,-3.42736387,-2.70813584,0.01698179,-3.92774749,1.02651286,2.60944533,-2.93580627,2.69233060,-0.75723302,4.62118006,-0.27305943,1.51771319,-0.98423690,-2.15863705,-0.60620528,0.49267662,-2.78790092,1.77395093,2.00664973,0.27495658,-0.73424739,3.94453549,-0.02783412,-0.53365976,0.29957598,0.34021273,5.03153610,-0.53099322,0.41112047,0.69073337,-2.52839756,-1.66000819,0.90650582,0.99178362,-1.55881417,-1.10581982,1.26354003,2.65793991,0.11573632,1.14297950,0.82084429
0.91888064,0.91086334,-2.72027588,1.81979418,-1.49971354,3.14310694,1.07481539,-0.08862675,2.21560574,0.01736242,2.53763270,-3.68415356,3.02637243,2.45332980,-4.21157408,3.85064173,2.72958851,0.68977666,-1.58616257,0.53888446,-0.60208875,0.11126053,1.33332944,0.43615162,-1.53196084,-0.79650241,-1.69064188,1.67044127,2.53499866,-2.05325437,-2.14053106,0.09543514,-0.81487906,3.70557022,0.92357522,-0.75368190,-1.88722539,1.18974388,0.38357630,0.50299746,1.96564257,1.57349300,-0.05264707,0.99178469,-1.27257919,-0.94534028,0.76349115,-1.36818457,1.82079852,1.55139506,1.81060827,-1.09027410,1.75262880,-1.80028486,-2.42994452,0.74535060,0.43208963,-1.04221082,0.22893694,-2.21060848,2.86467767,-1.73388159,-0.07545668,-2.25570059,0.37367058,-1.16810560,-2.49683022,-0.90759790,-1.09783852,-0.83702570,-1.31014466,0.41796958,-0.01766109,-3.22913527,3.28023648,-0.20089056,1.01809144,-1.67671978,1.91534019,0.00356421,-2.64741993,-1.68701828,-2.70270586,1.17940140,-0.81040567,-0.35714480,-3.77156973,-2.75792694,-1.94273949,0.86811227,-1.98887682,0.47642732,2.29501295,-1.43135381,1.91452396,-1.24900758,4.22800446,-1.56784356,0.91292435,-0.74588889,-1.11245108,1.45051467,-0.22941044,-2.70691013,1.66396427,1.97714210,1.65391088,-2.52051997,2.37617111,-1.58867395,-1.65062022,-1.28554428,1.16111875,4.82011271,-1.13053024,2.51655793,1.11877060,-0.36096478,-2.78589654,0.15650505,2.42887044,-1.53780949,-0.06656275,0.85287678,3.54608941,0.21868941,0.95469797,2.01895118
0.29420614,1.24316669,-2.64675355,0.31970650,0.24627474,1.43489480,3.30881071,-0.13541067,-1.40096700,-3.27268314,2.74891353,-2.40050840,2.82110500,2.34786248,-3.29774976,1.71863997,2.09426713,0.03486931,1.34046960,-0.09965976,-1.19574523,0.59032774,1.30889618,0.24867615,-1.22921157,-0.42135775,-1.86455774,1.58286810,0.99429005,-0.26250544,-2.93114972,0.87011153,-1.09597349,3.36418366,0.61489934,-1.37226212,-1.24740875,0.45634857,1.19496512,-1.01678896,2.52021861,0.90607011,0.48758250,0.22310823,-1.62757528,-1.64216113,1.37715435,-1.02926040,3.09445381,1.80988908,0.91844761,-1.37984312,2.17605352,-1.54699767,-2.45242262,1.00463033,0.71883619,-0.30558750,-1.13170815,-3.57024860,0.68486190,-1.62395692,-2.49041343,-1.12682867,-0.50394046,-2.67961240,-2.28222418,-0.39460838,-1.25937343,-0.55647629,0.78711140,-0.95243305,-0.14871466,-3.22277284,2.82955170,0.69415766,0.87384486,-0.35663790,1.17904079,-0.58212590,-3.13064289,1.08182383,-1.08763731,-0.58564496,-0.10560498,-0.42859825,-4.04724598,-4.28444481,-2.36988020,-0.64759409,-2.69821548,1.44966614,0.41954818,-1.35609341,0.71571881,-2.83057404,5.85997438,0.01127250,1.93670571,-2.11820769,-1.15306044,-0.25269300,0.99955940,-1.25270164,-0.25861827,1.11174774,0.53390467,-2.94539118,1.98446679,-2.45011759,1.01070499,-2.46703434,1.88981652,1.44410658,0.22502670,0.54255342,1.17018545,-0.79703027,-0.69280463,-0.45777106,2.75872874,-0.99412894,1.41230702,-0.06977183,1.18436408,-0.64056337,0.81269872,-0.61571294
1.04029465,-0.32150334,-1.97924697,-0.38779050,-1.95182753,-1.13184834,4.64970684,-0.61728579,-2.07212067,-2.19032669,4.53067780,-2.09378695,2.90851545,2.30972409,-3.28307486,1.95593309,2.97724795,0.57889903,1.16323113,-0.67321873,-1.24009204,0.68284571,0.63885581,1.01403379,0.71395755,1.33197832,-1.23827875,-0.38360122,-0.62445158,1.08076191,-1.69652510,1.34435415,-2.78576136,3.70595241,0.51156867,-2.69983912,-2.11792397,0.75312102,-0.32367212,-0.80826741,2.66853046,1.98519266,0.18394107,-2.52901697,-1.84091616,-1.32093632,1.13046658,-1.97823763,1.52304947,0.88571358,-0.68440968,-1.06177223,2.11905718,-3.10065246,-2.00567865,-0.09893271,0.54028589,-2.25673413,-0.14218894,-2.36108112,0.14488995,-2.19759965,-2.40251541,-1.87767696,0.94250906,-3.26454306,-1.84089625,-1.64516664,-1.31168711,0.59857023,-0.70694315,-0.95898455,0.17905903,-3.14098978,3.69432759,-0.57802671,1.15254164,-0.74020666,1.65316916,-0.62455034,-2.34945536,0.38921416,-1.37000871,-0.71962738,1.57124698,0.57290393,-3.61559486,-3.22899866,-3.61386991,0.03702732,-3.92905545,1.38951349,1.21756697,-1.15821218,-1.46773994,-2.06367517,5.38777208,0.77473664,1.10280681,-1.38093174,-2.58272576,0.31157956,-1.06985748,-0.39588290,0.33737546,-0.00021550,0.03928707,-3.34085608,1.86003757,-1.74321425,2.82549882,-4.76465178,1.19582403,1.04523766,-1.19992793,-0.65574706,1.38689613,-1.03222787,-1.26649487,2.17120075,1.70546365,-0.72743148,1.06325090,1.99522579,0.60155153,-0.08361602,0.17123716,-2.91141462
1.36913633,-1.18654418,-2.49045086,0.24472071,-0.79277694,-1.27557266,4.54464674,0.27866247,-0.82181847,-1.46157551,3.22600770,-1.60289419,1.95944583,3.94215107,-3.35647392,1.30968440,3.37286091,-0.39641523,-0.66562980,-1.20331478,-0.31164002,0.60978204,0.22083962,1.03788483,0.87236655,-0.41123080,-0.84838754,-0.63303077,-0.22659832,-0.95900846,-1.32589078,-2.14847231,-2.52858162,1.61478114,1.51354337,-3.81026840,-1.18634057,1.77422106,-1.49063897,-0.21249588,1.69775879,1.07058251,0.33493888,-2.79847169,-3.06996489,-2.02384949,0.59205991,-1.54559684,2.35732961,0.49548993,-1.80159926,-2.22779870,0.83164620,-3.26183581,-2.18554115,0.05618258,-0.28634098,0.42829829,0.26163915,-2.14816141,-1.52452993,-0.03993094,-2.16236758,-1.98122406,-1.16336656,-2.25571561,-1.53221881,-0.06858838,-0.53962851,0.18739860,0.22034782,-0.28989077,1.47183275,-4.66687393,2.55859256,-0.33563918,-0.71291494,-2.14904356,2.53840065,-0.56456286,-1.28880858,0.60767412,-0.36746734,-1.18653452,0.77364385,1.80240297,-2.78667355,-3.70046616,-4.28285885,-0.93021595,-3.17035818,1.07218039,2.53641796,-0.37385431,-0.10865515,-2.43038082,3.81019020,0.72157431,-0.99106634,-0.11862867,-2.69712687,0.97016543,-0.12283616,-1.23127317,0.40688652,1.92493856,0.02649261,-1.85013485,2.75624347,-0.69910508,2.15842462,-2.99368072,-1.26494610,1.75817001,-2.24185061,-1.60159421,0.27934384,-2.13171959,0.10893287,1.51082516,0.63929206,-0.89661354,-0.13025634,0.80381805,1.96466100,0.71046805,0.17037188,-2.36015868
0.00483234,-2.80516720,-2.20416474,0.99731618,-0.53824401,-1.56055093,5.91406155,1.23692775,-0.73890680,-0.66247827,3.05451250,-1.02394545,1.44232857,4.61572886,-2.70795798,1.27415943,2.42672157,-0.86202151,-1.62106776,-1.87877214,-0.03295968,1.94900620,-0.15638821,1.77906883,2.79606628,0.41099387,-0.26317596,-1.27983093,1.47979939,-1.93421221,-1.99040210,-0.44150445,-1.07478011,1.11140299,1.55791855,-2.17580485,-1.13557875,2.83624649,-0.86260015,-0.78474134,1.03965318,0.03803571,0.61423767,-1.47246850,-2.44403410,-2.86637807,0.64460742,-0.80515844,3.21406364,1.76900125,-3.33695245,-1.79321492,1.28708017,-1.03902078,-3.63834858,-0.93209767,0.65116805,0.83518559,0.27325252,-1.96178997,-2.37271905,-0.07841384,-0.59044421,-2.88876581,-1.89794552,-1.66789019,-1.61630177,-1.52606654,-1.37820339,0.41451314,-0.96843123,-0.21451028,1.99521899,-5.71889257,1.11231256,-1.14899015,-2.36331987,-3.35879087,2.53451514,-0.84726322,0.77533412,1.18834722,-0.17541569,-0.77349746,1.81698298,1.50479674,-2.92628145,-3.44429731,-5.85365772,-0.89014739,-2.17822504,0.29349089,3.56389594,-1.30285525,0.89433807,-1.82526851,2.42727757,1.47915244,0.28846571,-1.05626655,-3.10114384,1.13185608,-0.35496184,-0.07900938,0.48445439,0.95413274,-0.30442578,-1.06927097,3.06522059,-0.51157206,1.38228488,-1.22865307,-1.53949261,1.48988140,-1.97667742,-0.95495385,-0.49108341,-1.85292661,-0.09199368,-0.15661204,1.51209164,-1.08142734,0.90416193,-0.30341959,0.84147549,1.44844532,-1.02969778,-3.23858237
-0.92561907,-1.62980580,-2.85142493,2.51995206,0.83827138,-0.27978951,4.95602417,-1.11602700,-0.72671986,1.94213641,2.84370971,-0.50294870,0.38961434,2.98631763,-2.98384619,2.11166883,1.60127282,-0.15046047,-1.91875744,-1.82005930,-0.59762222,2.37268257,-0.22124250,2.91468215,2.32202482,-0.11368196,1.57492387,-1.21841121,1.50894916,-3.67106199,-3.38134503,0.05580381,-0.30462658,1.39440763,2.89301944,-1.78125072,-0.46628645,2.89574051,-1.53721595,-1.05638897,-1.01389372,-0.23353815,0.35253996,-0.89508319,-3.79273796,-0.98370707,1.04974163,-1.20124984,3.17008233,0.82224131,-1.59790075,-0.78100085,-0.31963140,-0.35860762,-3.25642061,0.14048485,0.45543864,0.68151313,0.77090532,-0.96496499,-1.98382390,0.24578425,-0.20814520,-2.26863861,-1.26989818,-1.96544194,-0.61018360,-1.88356209,-0.03455600,0.05637863,0.44263661,0.18774390,1.63192797,-3.80446124,0.59234643,-0.76656145,-2.18498588,-4.40392780,4.20164824,-1.14599192,1.35976875,0.13488546,0.66951525,-0.61917025,2.16236019,0.62115335,-3.79134464,-3.24702311,-5.23312855,0.02895864,-0.39798623,-1.65246928,4.25251293,-0.94687605,1.44986033,-2.10594893,2.69759941,2.53224039,1.77712727,0.58671916,-3.63808393,1.95265901,-0.09800640,0.26165688,0.39010459,1.02060199,-0.33572391,-0.95697242,2.41280437,0.13695340,-1.13891625,0.25102562,-0.26349017,2.22181702,-0.62670004,1.01925087,-1.41906178,-1.95562553,-0.97475004,-0.31965315,-0.27470952,-2.80898476,0.10581283,-0.31999123,1.27079606,0.68583953,-0.48997152,-2.56185770
0.65000707,-1.72649503,-4.16877031,3.24759102,-0.60032582,1.24832439,3.98599529,-2.17348623,0.16862729,0.65357846,2.09058070,-0.79237431,1.15567923,4.58267021,-1.84175265,1.86831439,1.58810806,0.49256593,-2.59973598,-0.73809469,1.29119277,3.51426411,-0.92965275,1.69613218,1.69253910,0.03763679,0.37960529,-0.68024176,4.34353638,-2.93490934,-2.79334044,-1.10730720,-1.33647943,3.09166288,2.45506811,-0.13012424,-1.10825253,1.24170923,-1.37790728,0.20941517,0.73426312,1.29896140,1.28720999,1.25545800,-4.36047554,-1.18911672,-1.49093413,-0.72480065,0.21572173,1.35980809,-0.47815481,-0.61074865,-0.20903130,-2.38531137,-2.66636801,2.44648528,0.50045878,0.53866279,0.61773717,-3.04209352,-0.45979786,0.85677803,-0.90500522,-2.71719193,-0.74368352,-1.10382342,-1.62233579,-1.07061267,-0.12395099,-0.62876940,0.34890592,-0.22202675,1.61137557,-2.81743860,1.70550489,-1.02542615,-1.05942571,-2.08630157,2.23202491,-0.62631202,-0.30202109,0.16958854,-1.88611424,1.84488928,-0.18257183,-2.29365015,-3.72000456,-3.64514422,-5.13916445,-0.96469873,-2.66764140,-0.49264354,5.23207521,-3.79340529,2.99709177,-2.76889396,3.55702543,1.40804255,0.18221512,1.40735972,-2.12316728,1.62850440,0.65925741,-2.31865525,0.51502579,2.29385900,-1.17190218,-0.31501362,1.88537049,-0.96323270,-1.07755017,2.16604590,-0.05845532,2.93473625,-0.65356684,-1.28214550,-1.93380427,-2.60995197,-2.10304713,-0.52028084,0.03117107,-2.82728028,-1.96898484,-0.41428924,2.41212249,-0.22703904,-0.03154515,-1.10861468
2.11855483,-0.80560964,-3.98887324,2.98429966,-1.48043334,1.20602357,1.84915662,-2.72092986,0.44384974,0.53098577,2.37466407,-0.94030970,1.09478593,3.80011725,-0.36709487,1.64513898,1.00373816,0.66334319,-1.85405898,-1.27351785,0.13242002,0.40708032,-1.30204952,0.93266320,-0.44337472,-1.39172959,1.30340445,0.88963515,3.28363490,-2.81466031,-2.48805475,-2.21592426,-0.62857866,4.52031040,1.54928863,0.62921357,-1.63078403,0.91121423,0.16246390,-0.29587370,1.17902124,-0.18087530,0.91564286,2.64871001,-3.13668871,0.56023681,-0.41114664,-0.82443887,2.04662299,1.14658761,0.88714319,-1.16862977,-0.43166339,-1.17117155,-2.46585894,4.65932894,2.93884635,0.81568617,1.09946513,-0.74307239,1.09236205,-0.65511310,-0.14892849,-1.19387162,0.79568136,-1.22907257,-0.70125073,-0.31378618,0.75630844,-0.34358215,-0.73280716,-1.71754348,1.21202230,-1.02854943,2.37208366,-0.37877697,-0.53184795,-0.33674991,3.27846503,-1.21187305,-0.24893425,0.50731438,-2.34280729,-0.35766822,-2.59724975,-1.62348485,-4.67954588,-2.19577932,-4.32227945,-0.26740083,-0.37159878,-0.98954117,5.43745232,-2.26366401,2.31106830,-1.94120812,2.42938805,-0.13318624,0.09293588,1.17011070,-0.50725138,3.57337761,0.04919451,-1.99384260,-0.33147198,2.53034401,0.33914405,-0.93970698,0.18675709,-2.69730926,-3.00391483,0.80412066,0.60449839,2.79912519,-0.91546619,0.15659770,-1.83610034,-0.39615747,-2.98410892,-1.74687028,0.98249435,-2.34260845,-1.73738527,-0.78025758,3.55881691,-0.72037220,0.30748045,0.00885491
