0.33465433,0.14306761,1.49032938,-0.02293974,-0.47104430,-0.41698241,-0.36819109,0.16905205,0.41528079,0.18405400,0.06439324,0.05679830,0.27324629,-0.50136340,0.46005103,-0.13441622,-0.48979628,0.33799264,0.46072060,-0.48087573,0.55427861,0.40645885,-1.11469114,-0.38330844,-1.17051232,0.21192050,0.19117069,-0.67586559,0.26036549,-0.40431750,-0.20007123,0.08913851,0.46345428,0.56921893,0.35142565,-0.28198835,-0.20165540,-0.40535384,0.01809198,-0.47437501,-0.18235452,0.82703722,-0.01576690,0.85682082,0.15941925,0.51294053,-0.26760513,0.69667763,0.15562660,-0.55235732,0.39888176,0.34968305,-0.02254656,0.01546914,0.38502300,-0.56444019,0.62178046,-0.20900005,-0.60037822,-0.31491461,-0.54111916,0.51979566,0.39617610,0.14370607,0.01156450,0.23748654,0.15647151,1.04198945,-0.22340630,0.13686252,-0.13215810,-0.10110941,-0.19981632,0.37540027,-0.14571527,-0.28300148,0.20542763,0.13735762,0.21072356,0.08145972,0.14287704,0.32571262,0.15212263,-0.31851053,0.96972311,-0.19319917,0.37148637,-0.84761131,-0.61450380,-0.07602091,-0.55393720,0.24155697,-0.23861524,-0.68487293,0.42379448,0.10473366,-0.66170907,0.20798236,-0.14305422,0.04920293,-0.17270172,-0.33815244,-0.13225773,-0.20610422,0.25356233,-0.11791090,-0.52585125,-0.04376103,-0.41656303,0.51523006,0.38216364,-0.56055844,-0.42906243,-0.55669439,0.34715033,0.11980663,-0.14793810,0.47313032,0.22253248,0.00146947,0.19039805,-0.20441541,0.31676117,-0.32405698,-0.01012251,0.19372939,0.04813848,-0.84409863
0.86278415,0.72818053,0.37283456,0.16408831,-0.18262142,-0.05727561,0.04507452,0.17629097,0.23961157,0.25963199,0.02592875,0.42823261,-0.46772489,0.03908579,-0.47835180,0.28587633,-1.10959148,-0.77638000,0.62593758,-0.21222740,-0.18213315,0.47466201,0.39494151,-0.01456834,-1.03299713,0.10025144,0.66989487,0.21890216,-0.47648454,0.10855383,0.51068461,-0.29578313,-0.28326187,0.18351851,-0.31847247,-0.02018443,-0.45287585,0.31496596,-0.71266383,0.21269578,-0.20065974,0.43478197,-0.01253341,-0.43104431,-0.01922576,-0.33240592,-0.05084513,0.19172809,-0.06132705,-0.05476537,-0.47514272,0.22562796,0.09490277,0.08958871,0.25748849,0.02477994,-0.15315303,0.29179621,-0.01179425,-0.32661977,0.32364419,-0.48426980,-0.69154298,-0.19817187,0.21383806,0.67461306,0.87750894,-0.09346347,0.14309579,0.32725322,-0.62322706,-0.48680243,-0.61188471,0.77345109,0.50362349,-0.05066349,-0.29382819,0.40134838,-0.68578070,-0.12526478,-0.79590374,0.04816960,-0.30743051,-0.28346860,0.25633508,-0.47681412,0.26280391,0.70589191,-0.33742228,0.49610406,0.22743595,0.15896466,0.49766171,-0.02728088,-0.86732703,0.16040580,0.23370808,-0.20777786,-0.22298273,0.06846191,0.52183133,0.77040881,-0.44381452,0.27927595,1.04438496,-0.39733222,-0.23204915,0.30951491,-0.05224944,0.40366364,0.79838306,-0.65958428,-0.23609123,-0.35436699,-0.16922557,0.31115025,0.63098395,0.56847107,-0.52054381,-0.30154657,-0.14422993,-0.10452329,-1.12824368,0.36419237,-0.61993736,1.11967266,-0.09968424,-0.47114098
0.64525396,0.67529023,0.36803514,0.02786455,-0.06561458,-0.18036743,0.36478266,0.72426486,0.18803635,0.52083790,-0.05456516,0.23969071,-0.50069261,0.44894356,-0.03567313,0.32444382,-0.75451934,-0.06273058,0.89179248,-0.20194605,-0.72151881,0.72071934,0.79578221,0.66714466,-1.48528171,0.42517322,1.03850341,0.24759491,-0.23678684,-0.14928305,0.72075588,-0.09002435,-0.29044509,0.45643550,-0.27582735,0.24567658,-0.25776997,0.47674966,-0.93895686,-0.14350677,-0.47412235,0.47609919,0.41470551,-0.06467947,-0.21008782,-0.33943170,-0.52721858,0.76350379,-0.32462522,0.12713131,-0.06778920,-0.25994295,-0.23645627,0.49361622,0.48398501,0.67732263,-0.74805880,0.21946433,0.03116675,0.53330863,0.81582284,-0.77395487,-0.64047408,-1.01775610,0.73372084,0.57259065,0.36280715,0.79591775,0.12103523,0.12666738,-0.54443824,-0.75410545,-0.41419548,-0.17208377,0.54172468,0.02301712,-0.05856971,0.43449977,-0.44032484,0.93478984,-0.69148523,-0.24469464,-0.50354207,-0.14461514,0.32003200,0.10996909,-0.09998812,-0.48060021,-0.07241150,-0.10153240,0.47772917,0.31696126,-0.29829478,0.16007058,-1.25915504,0.02713465,0.49625045,-0.51866764,-0.35349309,-0.40151161,0.11367215,0.38862965,-0.99506557,-0.35493010,1.38486874,-0.74095035,-0.74094242,0.10699782,-0.19487351,0.48124212,-0.04751503,-1.01221907,-0.84941757,-0.77375507,-0.03708531,0.37001634,-0.18148378,1.03096938,-0.22120324,-0.73825651,0.34808436,-0.12576935,-0.71621007,0.26261300,0.04560822,0.34001976,-0.03325801,-0.29256830
0.04416342,0.54748875,0.44484985,0.57280231,-0.26489320,0.32176685,-0.42512906,-0.26395136,-0.03506565,-0.57105231,-0.78705668,0.19650035,0.11275805,0.02444582,-0.17373733,-0.32866821,-0.05400721,0.17323232,-0.04011650,0.03480149,0.05845464,-0.32635981,-0.27448869,0.49902043,0.05777088,-0.32183790,0.50513417,0.16143222,-0.13412935,-0.12860429,0.13284230,0.18733978,-0.03031726,-0.03752981,-0.15784240,-0.44517556,-0.52094662,0.10652732,0.44925654,0.98982370,0.06029417,-0.01286445,0.03957374,0.19555300,0.34930480,0.42122573,-0.12567969,-0.05802017,-0.24786171,-0.35018858,-0.32985628,-0.44338131,0.22985104,-0.60787159,0.12456453,-0.18961923,0.25423634,0.22855490,-0.15769832,-0.16220346,-0.24984095,0.17353782,-0.10283899,-0.13366015,0.10758732,-0.07663059,0.32483524,0.05792818,-0.42763168,-0.12205835,-0.86433643,-0.24305135,0.17921378,0.91059744,0.27036497,-0.24106251,-0.21319535,0.15783893,-0.78092378,-0.39156318,-0.47777170,-0.05406325,-0.03546087,-0.40032041,0.53489447,0.02592535,0.21941890,0.54828101,-0.44936582,0.71422625,-0.39662895,0.50941616,0.35284093,0.10368833,-0.39943704,-0.38666353,-0.32024720,-0.33550611,-0.51346707,0.00493777,-0.45174381,0.28916276,-0.02813425,0.16931349,0.73223424,0.13857719,0.41959989,0.49100366,-0.16429442,0.34574884,0.18210411,-0.37565556,0.20504975,0.10339329,-0.11977172,-0.14907782,-0.23118642,0.45097321,0.30657360,0.53430784,0.09707353,0.49834317,-0.13643849,-0.12630476,0.40823776,0.63562447,0.20079832,-0.56551981
1.00946295,0.84289962,0.70876479,0.10617951,0.14059934,0.45786178,-0.44837877,-0.34463882,-0.18238643,-0.33702299,0.75115728,-0.03477860,0.06233860,-0.26955670,-0.18862636,-0.56805748,-0.83729631,-0.14706419,0.79901671,-0.07115355,0.99193263,0.05156934,-0.43586832,1.26655257,-0.81460142,0.68922853,0.70113230,-0.37274358,0.06655582,-0.58016050,0.02971819,-0.10839911,-0.11647554,0.03925045,-0.58055145,-0.10505828,-0.00972016,0.39665726,-0.56114650,-0.54276669,-0.02039672,0.22233704,-0.08973067,0.00537239,0.58707851,0.35058817,-0.17674594,0.65185499,-0.07339536,-0.11554649,-0.94811159,-0.62270474,0.49109793,-0.26648691,0.59412235,0.73080158,0.56120729,-0.01835901,-0.18828905,0.20814344,-0.10092989,-0.94250160,-0.96488297,-0.27661246,0.49014676,0.74835122,0.46916246,0.45685038,0.30957586,0.13181558,-0.59154552,-1.31232285,-0.08156738,0.05332232,0.05438838,0.00862630,-0.67329109,0.23574750,-0.86966544,0.42415190,0.07157064,-0.10943441,0.17984845,-0.48005873,0.32070267,0.05258267,-0.54023254,0.15033802,-0.67281145,-0.35087302,-0.20544448,0.55974936,0.25801608,-0.76672125,-0.81264281,0.38101882,-0.89125103,0.31429946,-0.34885606,0.56488985,-0.36973765,0.63405222,-0.12336410,0.70223141,0.22586745,-0.21505871,0.56108886,0.48352721,-0.15500748,0.83706772,-0.00453688,-0.23002502,-0.54203892,-0.51516455,0.27872589,0.55074251,-0.05191853,0.49561766,-0.02732292,0.29525250,0.27153158,-0.34197170,-0.76779586,0.18950637,-0.11994632,0.71234441,-0.08934273,-0.24796075
0.77231079,0.41390535,-0.20665926,0.24651954,0.02626032,0.23188291,-0.03301140,0.18458988,0.37301564,-0.64648509,0.03644144,0.67045194,-0.21413964,0.09296665,-0.33610955,-0.39975786,-0.48074156,0.13217217,0.45645005,-0.50733721,0.03130592,0.23535392,0.35555893,0.61741322,-0.80697584,-0.13817050,1.25975108,-0.34669915,-0.58128339,-0.37794521,0.33406517,-0.77993298,-0.23385060,0.25132123,0.15130347,0.21587786,-0.15382800,1.00167334,0.37421221,0.07829999,-0.54135269,0.30916783,-0.00852899,0.30466563,-0.35899204,-0.29326105,-0.27450597,0.17764816,-0.83347362,-0.05562529,-0.34066156,-0.09302862,0.03394622,0.64081872,0.14417434,0.40084219,-0.24933746,-0.07445747,0.57346779,-0.36238214,-0.29180327,-0.49664527,0.01893559,0.07347669,0.63786346,0.72197574,0.11274746,0.81432271,0.58743984,-0.28626078,-0.37374091,-0.36105084,-0.36667296,0.00914449,0.41646722,-0.08544715,-0.59313667,0.33692923,-0.92552906,0.65972614,0.38134810,-0.16615161,0.03155390,-0.49432415,0.64654100,-0.23571104,0.00475805,-0.23542899,-0.11935075,-0.12500355,-0.20029858,0.01837274,-0.05907263,-0.32012889,-1.02557194,0.00748013,-0.53133106,0.25789449,-0.28881323,0.84097606,-0.09736186,0.05176210,-0.02075540,0.38488072,1.28922522,-0.38058546,0.30710661,-0.17569594,-0.10634199,0.15451013,-0.80384064,-0.84362543,-0.17313856,-0.33966884,-0.38580412,0.11805025,0.04235791,0.98312163,0.17554532,-0.38620371,-0.10700171,0.39929640,-0.04399342,-0.01719640,-0.78624874,0.57754928,0.01152493,0.19644061
0.35466635,-0.08177975,0.37715030,0.49860355,-0.11061117,-0.22564475,-0.22619003,-0.02431364,0.94005960,-0.71460682,0.55626237,0.39984468,-0.43556926,-0.70153809,-0.71938837,-0.21909267,-0.14939022,0.02662684,0.62515455,-0.75736976,0.42201874,0.13075343,0.06772409,0.59850878,-0.48760799,0.06118840,0.91732031,-0.00859604,-0.43770313,-0.17994046,0.11366853,-0.04167864,0.16358340,-0.29394770,0.22334728,-0.04848537,-0.64828843,0.31811225,0.50181621,-0.45686781,-0.29228395,0.38791609,-0.86236751,0.00517812,0.03962250,0.19332480,-0.20824736,0.86965275,0.47056288,0.60519433,-0.48621023,-0.40434527,0.07881069,0.11818466,0.26642191,0.21674673,0.03145583,0.06792330,0.00839957,0.31533292,-0.12189988,0.33450690,-0.54945755,0.24674945,0.23691346,-0.24809469,0.15991710,0.49553806,-0.02637424,0.17599425,-0.07159254,-0.12356412,0.00375162,0.83032042,0.01474003,-0.73520446,0.54545277,-0.40384236,-0.54360753,0.27695417,-0.42561001,0.49171811,0.62984502,-0.78528470,0.06742314,0.21478073,-0.06653474,0.27458769,-0.89970499,-0.02966515,-0.08020100,0.52733916,0.18773958,-0.12749766,-0.34263656,-0.11748095,-0.53762472,0.60130781,-0.34775418,-0.01668210,-0.04226001,0.07150326,-0.71184659,-0.19208115,0.97799164,0.16159722,-0.01836760,0.76895219,-0.18016814,0.62179685,0.59441423,-0.45858565,-0.46126676,-0.20241931,0.31513923,-0.05909328,-0.48039240,0.30253682,-0.32866645,-0.03849996,-0.03951913,-0.24286321,-0.07177631,0.21946506,-0.05561589,1.24707353,-0.33794922,-0.18489343
0.50457603,0.15414752,0.54655433,0.03581241,-0.22812167,0.21338043,-0.42328137,-0.01797269,0.40116444,-0.42590934,0.60480261,0.15749229,0.08425229,0.20535617,-0.37335816,-0.38204676,-0.11457214,0.39173603,0.35931802,-0.57242775,0.61938965,0.22792041,0.16889866,-0.60238290,-0.05306873,0.10022673,0.21890150,-0.33030948,-0.55815476,-0.56654072,-0.05131323,-0.27568334,-0.17358670,-0.23811699,0.11931676,0.03197303,-0.22185479,0.15080541,-0.01339252,-0.18527424,-0.14159058,0.51262677,0.19446920,0.66299415,0.37212843,-0.07702658,-0.11885177,0.36954871,-0.24341887,0.36827311,-0.28414944,-0.06979191,0.26492441,-0.27473348,-0.06701292,0.14613107,0.00785645,0.02789333,0.10052609,-0.67185616,0.08116477,-0.39503324,0.15914130,-0.14368261,1.05685914,0.21544509,-0.07069282,0.42514279,0.43025535,-0.15723228,-0.39377138,-0.40228537,-0.15387988,-0.09361415,0.29686311,-0.62992829,0.63834202,-0.14528437,-0.16970985,0.66531324,0.24207148,0.02561630,0.81222814,-0.86271679,0.42910919,0.75041157,0.35491568,0.30661869,-0.03190991,0.10181402,-0.11869822,0.12227962,0.06357840,0.04509412,-0.87598038,0.08665560,-0.76962680,0.71448791,-0.74918830,-0.73653489,-0.24915983,0.22444674,-0.23085532,-0.06588736,0.69713962,-0.21513000,-0.21706221,0.15115914,-0.38656121,-0.57013851,0.35968709,-0.34372494,0.11715914,-0.26080403,-0.44578013,0.30546653,-0.09778690,0.65111732,-0.23781708,-0.34884661,-0.12924376,-0.07987517,0.33198050,-0.33416277,0.00232060,0.66211647,0.42961925,0.30275777
0.17235859,-0.10916202,1.18994272,0.31534174,0.27299014,-0.07222135,0.09284278,0.28655255,1.02331901,-0.28553155,0.28248104,0.02930908,0.30701318,-0.02187796,0.31668627,-0.13785070,-0.37951198,0.13129646,-0.18151982,-1.12388611,0.40452811,0.35722870,-0.38130039,-0.75698942,-0.58863759,-0.40521950,0.98050362,-1.12271643,-0.57748932,-0.49933612,-0.29466757,-0.47083578,-0.12587559,0.21615563,0.52430797,-0.43030122,-0.27665764,0.03103238,0.03418433,0.10078945,-0.88229632,0.30455980,-0.87549514,0.00544867,-0.37967271,0.66727000,-0.06651409,0.28591937,-0.20993149,0.31299114,-0.27621496,-0.06382556,-0.06297696,0.10175642,0.29814565,0.51260263,0.71408397,-0.60188818,0.48752040,-0.40691355,0.04036754,0.29289672,0.03036016,0.34495354,0.05071120,1.20109463,0.61939120,0.20222381,-0.06475724,0.22189775,-0.30702758,-0.51181513,-1.48425651,1.18648016,0.46296456,0.12711363,-0.72831833,-0.17661741,-0.45655787,0.51526266,0.03780605,0.84898454,-0.05602323,-0.06368183,0.43864170,0.54276228,-0.02740712,-0.04749709,-0.79603773,0.57446963,-0.43710265,0.03879861,0.19654739,-0.33306158,-0.15697965,0.39161956,-0.94040424,-0.28419879,-0.63566577,-0.19377585,0.63660127,0.84584779,-0.45720005,-0.30030093,0.35690972,-0.18258259,0.86971462,-0.20301375,-0.25179806,0.28676087,0.55363494,-0.95447254,-0.78147703,-0.45309284,-0.22838411,0.62544602,0.08316326,-0.00420305,-0.22238529,-0.35578489,-0.25315025,0.29611027,-0.01395390,0.69807321,-0.40980852,-0.17066552,0.15754363,0.13003111
-0.17007528,-0.00536437,0.18102251,0.66191339,-0.53587842,0.18597524,-0.38515052,0.18323772,0.91561693,-0.80351365,0.86339617,0.80588973,0.30238608,0.04945137,-0.74888200,-0.08764686,-0.02971281,-0.08966467,0.80942237,0.12436789,0.42136902,0.12181967,-0.32660204,-0.00960826,0.09164053,-0.30918249,0.52183968,-0.15147705,-0.77421927,-0.20555851,-0.19118719,-0.47092828,0.22672534,0.33691347,0.04936958,-0.05755080,-0.53094345,0.95092034,0.58302635,-0.14689964,-1.21439803,0.47528553,-0.72071344,0.17144233,-0.48825723,0.50548589,0.11139183,0.52826881,0.25611687,-0.24818212,-0.61187071,-0.01474527,-0.37398461,-0.09621816,0.03690721,0.42230028,0.24526437,0.18356314,0.24173768,0.19200829,0.69352204,-0.42730311,-0.69562942,0.24224032,-0.29875425,-0.25554395,0.91152400,0.15463403,-0.47358799,0.35973790,-0.25463599,-0.27835292,-0.89283371,1.46831369,0.07952259,-0.70795530,-0.09969284,-0.15994959,-0.74451685,0.52720797,-0.26148850,0.50215638,0.41224569,-0.77091950,0.76138377,0.03863750,-0.06308146,0.56033802,-0.93867373,0.10087052,-0.48333356,0.31074217,-0.13648543,0.09089129,-0.16185462,0.17324866,-0.08571935,0.01799017,-0.52984202,0.39457113,0.16677384,0.15477464,-0.35306263,0.08914891,-0.19743808,0.52234250,0.76347679,0.52055800,0.07938291,0.29476309,0.46183586,-0.45817086,-0.49971440,0.30451530,0.12457594,-0.00196777,0.20465025,-0.00511345,-0.64598835,-0.14013338,0.06318298,-0.27382237,-0.12806554,-0.03717019,-0.09699230,0.86109716,-0.03661882,-0.18306410
0.56554621,0.48742586,0.18424106,0.06657431,0.16850826,0.02166097,0.39452395,0.63081110,0.12050434,0.17552322,0.00945799,0.28648454,-0.40067130,0.45668882,-0.01552423,0.20807177,-0.39824414,0.28980374,1.05223036,-0.23617339,-0.47307521,0.33527964,0.73874724,0.43200317,-1.21518779,0.34967700,0.64790261,0.51983517,-0.32229841,-0.14973822,0.55797166,-0.17499143,-0.27721900,0.28744644,-0.15334326,0.35146004,-0.03139748,0.51514542,-0.66076875,-0.33919322,-0.18890683,0.28780553,0.61312002,-0.22984047,-0.12926118,-0.06243961,-0.25506735,0.32215467,-0.17504629,0.18692967,0.02558088,-0.31357223,-0.32067692,0.26147181,0.46353173,0.57421428,-0.79197967,0.09901521,0.25276688,0.21663922,0.70665741,-0.62991631,-0.51307523,-0.85474569,0.79394943,0.45139980,0.15537675,0.65799177,0.11865415,-0.10830640,-0.29880780,-0.77751374,-0.44785741,-0.50098819,0.58100677,0.06229885,-0.11464225,0.13422446,-0.22775276,1.00606143,-0.53282052,-0.43406522,-0.49629214,-0.19019856,0.33470088,0.01678969,-0.02093180,-0.36165565,-0.11272701,-0.17072520,0.36833042,0.25876594,-0.11443043,0.31141543,-1.12642002,-0.07343273,0.36125809,-0.32132995,-0.60894918,-0.50966281,0.12036523,0.26129472,-0.58653998,-0.31360555,0.89208519,-0.78796619,-0.67551947,0.17382306,-0.38010657,0.11341800,-0.11167967,-0.69984734,-0.66323769,-0.50551242,0.20516986,0.16031817,-0.36966801,1.14846110,-0.21332136,-0.59578294,0.20732138,-0.04918683,-0.48459002,-0.09423108,0.14856513,0.16412155,0.22842468,-0.16639492
0.18138784,0.51688349,0.33423084,0.74974859,-0.12509573,0.20788272,-0.21391755,-0.17894268,-0.13975093,-0.76463228,-0.76986760,0.22038692,0.03302389,0.06499211,-0.06240230,-0.57184613,-0.30745560,0.20271131,-0.00575885,0.14680058,-0.02067038,-0.37878484,-0.30983824,0.48858431,0.18420640,-0.48168483,0.38133043,0.21171011,-0.20032558,0.09397400,0.11050463,0.24830240,0.17593545,-0.02702467,-0.23305756,-0.27065933,-0.30426174,0.23045909,0.62632173,0.83322382,-0.06912494,-0.18542048,-0.03576027,0.27398384,0.29682469,0.40244943,0.03216337,0.11723733,-0.21322525,-0.30563831,-0.32996386,-0.64158851,0.22577822,-0.71578819,-0.07901190,-0.12958303,0.04438585,0.30045101,-0.03082374,-0.18865217,-0.08243147,0.33776090,-0.11995192,-0.11390199,-0.00744532,-0.12205316,-0.07087247,0.05142002,-0.42470670,-0.06644510,-0.77587879,-0.24971449,0.40152091,0.75891942,0.33851948,-0.26538301,-0.20498179,-0.03902533,-0.86754543,-0.24692936,-0.51974767,-0.19846858,-0.08236083,-0.48008263,0.40002239,-0.05765122,0.35084319,0.63226980,-0.49623534,0.37736431,-0.66783965,0.32217440,0.33857799,0.20871206,-0.19977894,-0.44304499,-0.30086565,-0.24446069,-0.35819402,0.01174094,-0.55214041,0.24875760,-0.03115015,0.31625855,0.57223099,0.23441127,0.49712473,0.31375983,0.01970142,0.35928965,0.01885032,-0.42969665,0.52002120,0.14534365,-0.19766688,-0.17535101,-0.50559753,0.37637559,0.33479255,0.51382643,0.08370021,0.55990666,-0.06759438,-0.21066161,0.62841654,0.70286041,0.22324754,-0.61601740
1.17396438,0.23148081,0.41312802,0.44556254,0.83796263,0.14091009,-0.00679433,-0.59654808,-0.28803259,-0.39283010,0.70527285,-0.06020919,-0.23575377,-0.30963135,-0.63634944,-0.01050505,-0.95310718,-0.41499570,0.64424855,-0.02274483,0.85617298,-0.14544025,-0.50919968,0.75143111,-0.48689303,0.52840674,0.42218319,-0.25221965,0.49538234,0.05767984,-0.19741112,0.15318695,-0.04808419,0.12321904,-0.01610499,0.17699012,0.34331226,0.32088870,-0.12158234,-0.27003980,0.32265538,0.09428184,-0.05971409,-0.13577285,0.63426644,0.67983478,-0.00101490,0.08833779,0.17947376,-0.23865619,-0.62040341,-0.17682616,0.19027629,-0.24990061,0.26856905,0.63811797,0.13078110,-0.31504035,0.25756320,0.11794966,-0.27337077,-0.22743753,-0.94110322,0.08810453,-0.23855264,0.50202537,0.20171292,0.34405929,0.13568442,-0.28170407,-0.32932544,-1.08995605,-0.24838975,-0.94242150,-0.05894580,0.18234439,-0.75770152,-0.04882853,-0.81879729,0.33315849,0.03806729,-0.41284877,-0.43701583,0.04185109,0.13624755,-0.16560620,-0.68597418,0.33572280,-0.78835553,-0.00421502,-0.20528236,0.05590949,0.32549804,-0.42647272,-0.09856709,-0.32523739,-0.30740982,0.74631095,-0.54624093,0.57960838,-0.35945839,0.39650968,0.03827409,0.93353868,-0.19737929,-0.62805718,0.30222958,0.37121403,-0.31660467,0.42726678,-0.24815848,0.23701778,-0.14545292,-0.36098215,0.53130049,0.26412901,-0.32023600,0.61519754,-0.59048700,0.51966715,0.27217388,0.03991598,-0.45061496,-0.32572758,0.49858135,-0.00998850,-0.27134633,-0.06761652
0.92187124,-0.05362448,0.23215728,0.25053361,0.09729916,-0.45787853,0.24489671,0.22620483,-0.26187667,-0.66427159,0.33405393,0.68669266,-0.57079321,-0.35329700,-0.33242702,-0.05811635,-0.36368611,-0.03899222,-0.02235815,-0.28552330,0.25677302,0.16190964,-0.45928359,0.24179584,-1.02871990,0.08716382,0.63477367,-0.17182796,-0.43859047,0.06308904,0.02029323,-0.26689208,0.11896778,0.13678430,0.60225046,-0.10733876,0.01013602,0.63777906,-0.02024806,0.57280833,-0.22988601,0.12139439,-0.83146781,0.56158125,-0.39713693,-0.16206437,0.29235005,-0.16720769,-0.03572766,0.01116505,-0.12528819,0.17467901,-0.43352938,0.65096045,0.20413591,-0.27993253,0.23541105,-0.76394826,0.20487799,-0.61325157,-0.24928884,-0.07740381,0.16585958,0.14246564,-0.17130536,0.61446899,0.12231262,0.45887712,0.31304133,-0.79166257,-0.10109244,-0.31241032,0.08001709,-0.12399139,0.62962466,-0.18163118,-0.26502359,-0.10743640,-0.46278352,-0.00781538,0.08288675,0.22483023,-0.16906728,-0.45341605,0.66826534,-0.14349650,0.11562006,0.07111041,-0.41100892,0.23665209,0.06483176,-0.13084742,-0.06272565,0.11770383,-0.66027951,0.09370050,-0.20735639,0.75245279,-0.11100504,0.79319763,-0.17945948,-0.03544480,-0.24685684,0.54315090,0.47422504,-0.23507074,0.27589542,0.09201008,-0.39103478,0.49542475,-0.14039612,-0.64711380,-0.01157754,-0.58871239,0.12732178,0.05315335,-0.54746038,0.86045218,0.43110979,0.17125279,-0.09555694,0.06889538,-0.10990858,0.20195882,-0.52693206,0.52221644,-0.27356821,-0.32393888
0.39413387,0.22256356,-0.11069022,0.09070061,-0.12780389,0.48014253,0.30232632,0.39904022,0.47570834,0.24956714,-0.60887837,-0.58984363,0.27296162,0.33888331,0.30951533,-0.83274204,-0.21868883,0.76071364,0.47993541,0.24503323,-0.42256573,-0.06579954,0.48875338,-0.03202856,0.63032138,-0.77423579,0.32523072,0.15271084,-0.42601681,0.23827872,-0.40602779,-0.32202369,0.00574032,0.11833836,0.19733991,-0.57776248,0.11320449,-0.18486619,-0.44044471,-0.35946798,-0.20835219,0.21778926,0.67863750,1.61030126,-0.01667635,-0.18270648,-0.55224991,0.35357410,0.42159569,0.05012509,-0.22386390,-0.79098928,0.32577112,0.52511817,0.04023583,0.60257608,-0.09960702,-0.23813865,-0.04627983,-0.70137006,-0.32808802,0.54354918,0.23055053,-0.01190068,0.63325012,-0.23720644,-0.40525514,0.67776692,-0.12204321,-0.46941274,-0.69727677,0.50004673,-0.36552685,-0.46019867,0.75840741,-0.23759441,0.02683677,0.59819955,0.34949422,0.22265677,-0.24125051,-0.38280550,0.06439794,-0.26263499,-0.21117029,-0.10468276,0.52036524,-0.95619988,-0.51151061,-0.45441145,-0.74596357,0.25674230,-0.42952389,-0.37260047,0.37977901,-0.26203233,-0.03703392,-0.05916978,-0.17117497,0.01615380,-0.07574825,-0.48310372,-0.10811470,-0.20630056,0.15979792,-0.12015984,0.07336779,-0.09562743,0.49355280,-0.19930075,-0.56657761,-0.21658665,-0.12965100,-0.05385908,0.21252745,-0.16270943,0.17270279,0.26705310,0.08307466,0.00739194,0.13028824,0.57021397,0.36943451,-0.69001335,-0.07762496,0.01675086,0.67079806,-0.29151088
0.27806306,0.28441224,-0.00408962,0.32582328,-0.12859777,0.19327712,0.16700703,0.03910823,0.07689895,-0.27010396,-0.55144250,-0.04950569,-0.03885704,0.18520181,0.28171724,-0.52162874,-0.41468444,0.32672644,0.03590031,-0.03805023,-0.14749619,0.41129261,-0.03052433,-0.07233956,-0.25312820,0.32303962,0.51609546,0.25351065,-0.19893616,-0.54473245,0.22386664,0.01764890,0.23175433,0.18359579,-0.66667658,-0.04876080,-0.24913220,-0.06842942,0.08108162,0.16699022,0.18371056,-0.49757957,-0.26474708,0.16442725,0.19827373,0.59128565,0.16262881,0.30767238,-0.21702367,0.24732709,-0.67710853,-0.04916684,0.10007718,-0.09464042,0.23976921,0.09977904,0.31152156,0.10435111,0.27480301,-0.97413182,-0.05371057,-0.02998900,-0.27225286,-0.01189010,0.60166371,0.85365897,0.04513422,0.24337116,0.06281425,-0.04627349,-0.45061010,-0.14483953,-0.52560878,-0.43519405,0.63296151,-0.01416968,-0.10057795,0.18973491,-0.11611004,-0.29431146,-0.24108228,0.32280940,-0.22152309,-0.34206575,0.24116093,-0.33041114,0.10974684,0.37968054,0.00310355,-0.21202192,-0.46194229,0.11547352,0.22829497,-0.36532003,-0.47157249,0.60530734,0.11093198,-0.48597747,-0.12905499,-0.46125537,-0.02930569,0.01854276,-0.34590358,-0.06709647,-0.22631745,-0.03213606,0.50289822,0.19538668,0.25132844,-0.00286610,0.15952064,-0.36739242,-0.51686978,0.05708452,0.15515447,-0.05963082,0.13297655,-0.11168954,0.06845486,0.23120570,-0.33462912,-0.15449095,-0.27536264,-0.36581281,1.19874835,0.00555746,0.15021649,-0.09992419
1.30846775,0.12548117,0.35017979,0.64795196,0.55204904,0.15022711,0.14120215,-0.37601340,-0.17855209,-0.14060013,0.77500600,-0.14141065,0.23449787,0.05166500,-0.75403291,-0.25341371,-0.80903697,0.11630058,0.76864219,-0.40889770,0.14002097,-0.35751835,-0.20496674,0.56323862,-0.04285028,-0.32294324,1.20304275,-0.29489180,0.00327514,0.46785587,-0.04434610,0.09884107,0.36941901,-0.25295973,-0.01871377,-0.24847510,0.14249320,0.28555280,0.08782297,-0.31468427,-0.07199140,0.48873004,-0.34708393,0.24590859,0.07310136,0.73533982,0.09476186,-0.11681657,0.20851648,0.35449776,-0.37017560,-0.64698428,-0.00212239,0.10765005,-0.03333430,0.76741248,-0.19532764,-0.32481164,0.47251564,-0.56562096,-0.39061943,-0.49616644,-0.60375738,-0.51310152,0.14770280,0.38727337,-0.17419378,0.59631556,0.31685334,-0.37584713,-0.35413137,-0.45514745,-0.32317415,-0.04811820,0.19286045,0.18476172,-0.16753028,-0.05832108,-0.20537920,0.34889400,-0.03288876,-0.59553146,-0.39987499,-0.33890706,-0.03508899,-0.09157047,0.00030343,-0.25038102,-0.60869938,-0.58001637,-0.44557324,-0.33110160,-0.07042894,-0.07706131,-0.25614628,-0.09198694,-0.33192879,0.44664079,-0.10643747,0.16161744,-0.29966369,-0.30484086,0.16311195,0.47823372,0.18000910,-0.78511399,0.05904163,-0.23043945,-0.22660214,-0.27368587,0.19051781,0.16013530,0.35282633,-0.64560360,0.79476494,0.19251437,0.06021798,0.63614440,-0.31604496,0.35968125,-0.22628075,-0.33939153,-0.04252804,-0.60379356,0.53548843,0.85817939,0.30177033,-0.25010839
1.07542181,0.39378875,-0.24216346,0.51554286,0.21008119,0.05781032,0.28321561,-0.19686811,0.15226787,-0.83094651,0.09393300,0.66558599,-0.25197926,-0.09856716,-0.27672127,-0.45852149,-0.44556937,-0.11933839,0.40217242,-0.65410697,0.13084412,0.31954032,0.08886568,0.46829084,-0.75006807,-0.12096368,0.96512336,-0.06535686,-0.55908126,-0.27224422,0.12242293,-0.68219119,-0.08971768,0.20358641,0.39512634,0.33734864,0.10098346,1.00213540,0.39803869,-0.18555069,-0.25633150,0.22562501,-0.11260472,0.38981405,-0.33694851,-0.09667411,0.13886462,-0.03989027,-0.83404821,-0.12326148,-0.24561608,-0.35479593,-0.09832852,0.50947452,0.26740485,0.12822914,-0.24655026,-0.19947064,0.50836045,-0.31790772,-0.42812318,-0.24276531,0.16511571,0.24775876,0.40029451,0.85752529,-0.03138950,0.70113146,0.57138407,-0.34787056,-0.55968112,-0.22250035,0.06157814,-0.51032716,0.53567171,-0.20222108,-0.36758280,0.38981107,-0.73400390,0.48050451,0.19583866,-0.17270046,0.11508424,-0.62850183,0.50895107,-0.36922273,0.16499530,-0.27484474,-0.12346216,-0.15441312,-0.29329401,-0.30076441,-0.15708072,-0.04728422,-0.74585330,-0.03437192,-0.22738492,0.45598328,-0.23680931,0.89915460,-0.43510780,0.17016181,-0.14679471,0.61032140,0.92520052,-0.65484458,0.23538835,-0.34002593,-0.24234700,0.04106203,-0.78696913,-0.58023596,-0.02843782,-0.19934025,-0.09029078,0.00540385,-0.30915508,0.96731102,0.20162892,-0.22334135,-0.06800675,0.43484145,0.16461357,-0.07800321,-0.48270124,0.57962239,0.05545370,0.12005085
0.93943578,0.44357926,-0.23717715,1.12787366,0.40602320,-0.04960643,0.28480035,-0.15120472,0.59286922,-0.75388008,0.52294141,0.57597506,-0.45945445,-0.13254888,-1.03228855,0.13365191,-0.62519217,-0.36914790,0.63755447,-0.54240257,0.77478856,0.08354717,-0.39201403,0.54935050,-0.78163922,0.28412056,0.58004934,0.00711640,-0.27460551,-0.19033077,-0.01669324,-0.27097729,0.14336145,0.07266270,0.65518099,-0.06439015,-0.29350001,0.81745517,0.53058904,-0.12747443,-0.33756220,0.21889204,-0.83717281,0.13422546,-0.12429671,0.34441209,0.54620820,0.38517180,0.68411720,-0.13708499,-0.23614311,-0.46431822,0.18577164,0.01884781,0.31845647,0.43045613,-0.17401728,-0.07562300,0.54632717,-0.17119187,-0.40862525,0.05565140,-0.93463421,0.45000529,-0.33876118,0.05124954,0.07837929,0.39969859,-0.10073103,-0.18236649,-0.52316374,-0.26103967,-0.13235435,0.01522938,0.49265024,-0.60178357,-0.18716870,-0.11451741,-0.78792775,0.19565012,-0.53076607,0.37180674,0.26223594,-0.75982952,-0.28961664,-0.09743047,-0.53762841,0.20700037,-0.79172212,-0.18938099,0.04307392,-0.14266178,0.03462235,0.52593017,-0.13364980,-0.58625102,-0.07597238,0.76662922,0.01585230,0.97086591,-0.35439950,0.36858466,-0.66298521,0.31599343,0.32638434,-0.28703621,0.49595672,0.56100720,-0.20023859,0.51962173,0.15147620,-0.33827832,-0.25503752,-0.10433972,0.24374911,-0.17015092,-0.48243919,0.30791172,-0.26054406,-0.08825236,0.27540028,-0.17794043,-0.39178941,-0.21683349,0.00485612,0.73802036,-0.40399492,-0.42160445
1.34836733,0.28695706,0.24207281,0.00383365,0.20545450,0.09767248,-0.02337480,0.13426949,0.76217014,-0.70293200,0.62918317,0.64848745,-0.50335604,-0.16409655,-0.57621378,0.06961191,-0.09258035,-0.16294593,-0.02013110,-0.62917697,0.70553023,0.25899452,-0.04269947,-0.57967246,-1.11832917,0.27821344,0.37106383,-0.35619929,-0.42981237,-0.34137988,-0.02734614,-0.47235486,0.09281109,0.26589823,0.48765600,-0.29167357,-0.08251630,0.91924697,-0.20169002,-0.46265793,-0.07349066,0.55450737,0.36444551,0.34613451,0.22809346,-0.15879169,0.17400651,-0.26728576,-0.18293026,0.10021529,-0.41005850,-0.28550494,0.10669366,0.09430576,0.76342875,-0.18799771,0.15407741,-0.04123618,0.25750235,-0.45956695,-0.80583751,-0.00431630,-0.25631252,0.39322871,0.81338137,1.24705386,-0.50450259,0.35521686,0.37829614,-0.36613849,-0.87257606,-0.93699336,-0.41280663,-0.48575392,0.74485445,0.14860712,-0.07990091,0.71264070,-0.71958202,-0.16813256,0.26616943,0.00667758,-0.46516314,-0.54796302,0.14482394,-0.14124142,-0.37209409,0.02434999,-0.35862181,-0.20175897,0.24013796,-0.26576409,0.17107567,0.26829091,-0.91862875,0.00921290,-0.47788495,1.05034220,-0.12693295,0.32994664,-0.38244614,1.00999963,-0.35484985,0.77264374,0.77797967,-0.56983048,-0.09104912,-0.19730446,0.13991627,-0.11688562,0.11191636,-0.57368028,-0.19105557,-0.12418905,0.03893811,0.39843407,-0.52584767,1.07606292,0.06542394,-0.03673493,0.03665386,0.38109207,-0.08128020,0.23608796,-0.94846815,0.68743956,-0.16878454,-0.45625520
-0.05195893,0.28322247,0.95281434,0.36058515,0.35145351,-0.22078361,0.76522630,-0.05370314,1.33587396,-0.26304105,-0.19165817,0.16795208,0.05082100,-0.14174129,0.20170160,-0.07464188,-0.66591203,-0.09882665,-0.17966972,-1.00001955,0.33772966,0.14728856,-0.03485902,-0.56774843,-0.65410936,-0.87930292,0.60890108,-1.32478619,-0.10315523,-0.40567288,-0.86849195,-0.12959689,-0.20019621,0.26498824,0.98840672,-0.38362771,-0.48721719,0.43333966,-0.53678977,-0.21287325,-0.49360240,0.75530261,-0.98054594,-0.23983726,-0.33267510,0.94275308,-0.82698721,0.44308186,-0.35354814,0.26121289,0.35060170,0.89383274,-0.23393786,0.33194351,0.97080439,0.57974797,0.78498548,-0.60281849,0.19542806,0.17802662,-0.01829348,0.76862794,-0.20872059,0.47575641,0.40096301,1.14452350,0.38971609,0.19406685,0.09406643,0.24348933,-0.46799570,-0.23321295,-1.76461232,0.73777503,0.48721048,0.15557580,-0.69678998,-0.21888931,-0.27869713,0.61976862,-0.10087343,0.10615802,-0.53374118,-0.21804427,0.28093961,0.67725658,-0.29453242,-0.70881748,-0.85850018,0.29447693,0.17138025,-0.05649551,0.37617600,-0.13167290,0.34267870,0.26349944,-0.58162147,-0.29763100,-0.85395527,-0.00523899,0.79507029,0.60526615,-0.47538626,-0.03190228,0.17197712,-0.76546520,0.85644621,0.04925326,-0.21139832,0.48374748,0.74907678,-1.77689123,-1.16536283,-0.24608764,0.15015724,0.81898594,0.08358795,-0.01033416,-0.04129341,0.36475468,0.25487641,0.16785723,0.59245169,0.06319909,-0.68347943,-0.39652961,-0.21019383,-0.25547671
