0.21230125,0.58889008,-13.41222477,-0.85476327,0.65058154,-0.50647658,-0.29225647,0.96050000,-1.13290632,0.18561065,0.00944790,0.39814711,0.02182657,1.11813009,0.48634130,0.76752490,0.45037332,-0.06687643,0.73406529,1.16453505,-0.64654016,-0.53312808,4.24828768,1.93973339,-0.28722179,-0.71568394,-0.21577725,-0.01068974,-0.47878224,0.44555712,-0.01829785,0.30133677,-5.79432297,-1.12300694,-0.18025862,-0.07636705,0.42562872,-0.44890350,-0.16697466,-0.81542057,1.81844950,-0.72152692,3.09987116,0.20512593,-0.54673028,0.50239152,0.24193826,-0.46295750,-0.73524618,0.81675172,0.35035291,-0.01912880,0.14420857,-0.05606776,0.21749368,0.19854505,0.12309858,0.24596995,0.50118953,0.23880816,1.01037300,-0.77472407,-1.34070194,0.76072538,0.98558569,0.16141340,0.19814377,0.77968234,0.48456734,-0.10975537,-0.65465689,0.51936448,0.22083136,-3.03353930,0.67909354,-0.12464052,0.33095074,-0.11144379,0.86065447,0.53375685,0.30715668,-0.19290951,0.55637884,1.01563215,0.76378274,0.76360047,0.27008331,0.85846567,0.21969229,-0.63242877,0.67131156,-0.36203972,0.01735886,0.20559803,0.88026786,0.09188432,0.45488328,0.35726637,0.57132465,0.39208829,0.21286179,0.05672178,0.81987089,0.96964002,0.52133954,-0.23182160,0.65619403,-0.32955515,0.32006365,-0.64938647,0.10810691,1.08434892,-0.25248468,0.93398273,-0.76009607,0.16058949,0.30812779,-0.48172218,0.17714468,0.52169448,-1.04149318,-0.85372955,0.61347485,0.91646188,-0.59624594,-0.86504817,-1.04841769,-0.40404969
-2.65959120,0.75968528,-1.29443705,-0.25503296,-1.26496494,-0.82200640,-1.40546131,0.42586908,-1.18190885,-2.83079743,0.45671335,-0.32983255,0.94802952,-0.65689689,-0.03000879,-0.66379136,-0.56064665,0.45863694,1.90568554,2.71988320,-2.24993300,-1.05062699,1.65872037,0.28549421,0.89531785,-0.67348641,0.49449661,0.61819714,0.46446130,0.64662886,-1.06452084,0.16540080,-1.39082336,-0.47333699,-0.64322823,0.72139287,1.38011038,0.10172001,-1.07438934,-1.34360707,3.46128082,0.10095670,0.43840250,0.84568202,0.10884339,0.56302965,-0.46715680,2.06498718,-0.21729738,1.96149170,0.66362137,0.19268292,0.94934833,-1.57304609,0.66938847,1.96023405,2.72877812,-0.07505676,-1.20755720,1.45676768,1.19681728,-0.74576652,-2.81588888,1.43205631,0.66660631,-0.39375362,0.54156065,1.72350609,0.63763446,0.05212212,0.36363763,0.84388673,0.51804876,-4.18908644,-0.62510794,1.98545897,-0.56751257,-0.83230269,2.48130798,0.26559180,0.74883443,-0.41370809,-0.24558774,1.38116932,-0.50913310,-0.54795194,-0.88080794,0.98119813,-0.61431658,-1.43691790,1.01430559,0.79459500,-1.15123773,1.46614075,0.40278667,1.81202865,0.47181755,-1.38368630,1.06346560,2.22470331,0.69612563,-1.02976608,0.91761202,0.54480076,0.83218300,-0.99627900,-1.41785645,-0.71036083,-1.23285675,-2.90521955,-1.73957992,1.55557477,1.49761796,0.21339497,-2.06313491,-0.18059145,1.49956226,-1.06473923,0.60400510,3.20616913,-1.85137045,1.10935116,-0.97029364,-1.51407290,0.18381710,-0.67003763,0.14617804,-1.57120252
-3.44181204,0.40933570,-0.00225020,-0.30723724,-1.16051710,-1.55140662,-0.72426438,1.21332264,-0.11568213,-1.47860909,1.30900526,-0.05209616,0.13038743,0.59656692,0.68278372,-1.33636200,-0.35974544,-0.26298279,0.66977119,0.73313069,0.61439985,-1.67930174,-1.01028430,1.99132895,0.24311841,-0.61168551,1.02582717,-0.93576556,0.69641542,0.19674896,1.47667623,-4.10845375,-1.92905998,-0.18509792,-1.01759815,0.22052339,1.04710686,-2.11711788,0.95853019,-1.81454802,2.08510590,0.75202179,0.28830588,0.23916483,0.39271894,0.59078687,0.35864076,0.34396163,-0.08991125,1.52680016,1.86959648,0.47042358,1.08826852,-0.38943723,-0.33351138,-0.11584415,2.77079678,-1.11272204,1.69065344,-0.04481232,2.03994966,0.54578996,-0.83557028,1.59518313,2.59335756,-0.12703282,-0.24609943,0.38527977,0.61490726,-0.00261053,0.06948639,-0.42561978,1.17150497,-5.43761396,-2.38085032,1.91583705,-0.47291249,-1.11162901,2.05113959,0.83642960,1.83779693,-0.90694934,-0.26897073,1.15845430,0.68752897,0.20275506,-0.82248974,1.92785382,0.76271725,-1.69436085,1.94114900,0.28249010,-1.20125747,2.02491140,1.32763529,-0.02789676,0.73892295,-0.78526783,1.39938569,1.84192944,-0.22710341,-0.29875255,2.17363596,0.82492101,0.62472296,-2.09185910,-1.36319387,-0.51672703,0.12827134,-2.47798109,-0.62385297,1.44620371,0.53790838,-0.33743939,-1.68203306,1.20785201,1.96129906,-0.74159729,-0.18019815,1.20375180,-1.21934748,0.11947489,0.96963632,-2.15207243,-0.61212480,-2.60133505,-0.54108882,-1.19827366
-1.98126078,1.25806284,-1.44931364,-0.65699446,2.19350410,0.02531024,0.08141678,-0.06573880,-1.51894879,-0.69344586,-0.87774605,-0.24425678,-1.38091063,0.24636009,2.13820696,-0.56345284,-0.56351340,-0.64475936,1.10256350,3.12527609,-1.62681806,-0.65210652,0.40464708,2.25615549,0.14805019,-0.31413713,-0.30811262,0.17161962,1.54411411,1.79907393,-1.58070946,0.56348109,0.09757724,-0.63543344,-0.33295196,-0.35758489,1.34409702,-1.01937294,-2.22119451,-3.08395267,1.42935634,-0.68048334,1.59935260,0.12912655,0.36129257,-0.35806158,1.36542082,2.31891370,-0.42652547,1.14141512,2.38996315,0.02015543,0.49131763,-1.96637833,-0.40014553,0.41360998,0.90108323,-1.17341435,0.10545120,0.10029405,0.19962007,1.50557971,-2.54690504,0.68550348,1.15882897,1.20076931,0.59937316,0.27961713,-0.66903234,0.29946592,-0.48814610,2.11324954,1.20008349,-7.64987135,-1.98358655,-0.87201679,-0.52624506,-1.07125425,2.06519794,0.24188945,-1.94681108,-1.55481339,0.40444413,0.51988167,1.95020461,1.33098352,-1.31892955,0.88350821,-0.41308486,-0.31404561,2.28518844,-0.77668417,-0.47101974,1.17552829,0.98706836,0.53016746,3.51724339,-0.02256936,2.12789345,1.53042078,0.62989849,0.16930453,0.75967538,0.73073375,2.73431039,-1.20983791,-1.91994500,0.01668811,0.77111882,-1.02881491,-1.07656193,1.49550033,1.07829201,-1.87273514,-2.01192546,0.13129720,-0.19080970,0.12484026,0.64899147,0.41976172,-1.58862793,0.27041635,1.19612157,-0.85859680,0.54599422,-2.62323308,-1.74470079,0.17303658
-1.12750494,-0.13019300,-2.08664179,0.60415697,0.75229770,-0.11967079,1.15387249,0.70266259,-1.09091008,-1.09608769,1.76814878,1.25222778,-1.30861247,0.35646084,0.46221676,0.35216743,0.55936015,0.45135230,0.66650772,2.22562170,-2.05472922,-1.50275111,-0.33184493,2.15338397,-0.34591997,1.50314641,-0.67676961,-0.08917695,0.99716783,0.59759992,-0.40228114,-0.57853889,0.89768064,-0.52423000,-0.62622595,0.06896749,-0.24184725,-2.30824375,-0.53534359,-2.08617926,2.89461756,-1.46755254,-0.81128168,0.93984187,-0.11032474,0.63988411,-0.25071675,0.12109464,0.54764688,-0.00535327,-1.39175391,-0.07664907,1.90891051,-2.48938179,-1.53677428,-0.69888741,1.48622990,-0.02462027,1.37504160,1.01022029,1.26023841,0.05151808,-1.87929940,2.24274707,1.32228875,0.60514617,-0.66330260,0.57290041,0.17495042,-0.06803447,-1.61435306,-0.19236182,-0.42363673,-3.52776718,-1.74023962,2.11121917,-0.72828066,-0.19724829,0.05436170,1.74081230,-0.64073074,-1.15188265,-0.16675428,0.06608033,2.11646986,0.16973424,-0.37328434,1.69774771,2.17189288,0.87854648,1.48710239,1.24102592,-0.39282113,0.31581113,1.51148248,-0.56994438,-0.28940740,0.25822568,0.54240990,2.07741332,-0.56523651,0.51971221,0.80022210,0.71548688,2.93656874,-3.92105603,-1.14893675,1.71988535,1.81473422,-1.12808561,-2.85633683,1.15596986,-0.17345268,1.57594597,-1.57472754,-0.85885018,0.45776418,0.26150793,-1.66484380,-0.61205494,0.29943392,0.09467062,1.90223742,1.38072824,-0.78523660,-2.92914867,-1.86205292,1.37781930
-1.84969282,0.79129553,-0.51362914,-4.64200735,0.57308662,-0.31577927,0.29863143,1.82717645,-2.39037752,-0.82626301,1.66311705,0.44427621,1.19769943,1.27579844,0.17673001,2.35371470,-0.30127707,-0.13626516,2.02671957,1.52076578,-1.93557417,-0.96427351,0.74956918,2.58348131,0.22226989,-1.18668592,-1.18662488,0.40163189,0.85711795,2.29800534,-1.60022795,-3.72214985,-0.30897185,-0.94563574,-0.97052920,-1.43911469,-0.47105435,-1.51938570,-0.77705050,-0.67127323,2.20946383,-0.08714817,0.53143764,0.67395747,-0.45282817,1.74328601,-0.04165829,2.04151249,2.31165648,0.37503910,-0.10915798,0.15675318,1.16718602,-1.90344083,0.60241622,0.59087932,1.19679725,-0.38870957,0.64493871,-0.01902300,1.32606840,1.27620912,-2.15389514,0.66997266,0.82213068,-1.28796351,-0.55138838,-0.06533823,-0.30746278,0.42305416,-0.36236578,-0.57748878,0.39793757,-6.75719976,-1.39192855,0.11098447,0.11956984,-1.18363225,2.52597117,-0.85950446,-0.57169920,-1.46037149,-0.38895375,1.43588078,0.60336971,1.49226725,-1.41950238,1.47511399,0.02266169,0.48413286,2.32316804,-0.04492772,-0.90085334,1.29061306,2.08531189,0.50950646,1.90645587,-0.33791107,-0.05067694,0.07475629,2.44635630,0.19224834,1.54453480,0.70897698,1.12290514,-2.01857138,-0.16664332,0.74465644,1.46117115,-2.51947165,-1.39470458,2.51914048,-0.25104189,0.00513130,0.39763635,-0.38990879,0.70930094,-0.91032284,-1.32746112,0.53231931,0.37187791,-0.13548845,1.68817294,0.14873993,0.47340068,-3.46004272,-1.18702841,-1.59905267
0.60935456,0.65049195,-2.35838318,0.03393513,1.58581221,-0.33887476,0.16217631,0.30670789,-3.46192360,0.20040572,0.71465844,0.44763714,1.12575674,0.46036407,2.11829329,0.46628255,-1.31442893,-0.05555157,0.58792055,0.27662656,-1.96621263,-0.24031968,0.78743851,2.17349291,-0.84311903,-0.52672362,-1.46068466,0.51847559,0.71608871,1.07261121,-0.42201215,0.15531698,-0.25278613,-1.59917736,-3.27003050,0.76635349,0.80805671,-2.31238842,0.61977911,-0.52446312,1.71654296,-2.42791176,0.08408117,2.59080553,0.27597484,3.23278952,0.07424784,1.96801281,-1.68090534,1.14491677,-0.62769222,-0.07206237,1.22332537,-2.84886026,-0.63151628,-0.05041866,0.19187114,0.56346655,0.05308920,-0.50087446,1.96906948,0.25664520,-1.49149466,0.17542878,1.71203995,0.20550406,-1.24446678,1.05897391,-0.19096449,0.75891435,-2.27669048,1.83615553,-0.84550071,-4.34541941,0.36547548,-0.24853453,-0.65495634,-1.25723743,2.81536317,1.59969354,1.87765908,-3.13841319,-0.69037843,1.22741210,1.97396755,0.08176187,-0.73255056,1.54447198,-0.01893410,-0.80291235,0.83192313,-0.44396743,-0.40827316,0.18664713,1.60336900,1.15223825,0.22330491,0.37537909,2.41165686,1.47068071,1.38064849,0.91297948,1.94412041,0.29241088,0.63453627,-1.22436500,-0.13414633,1.57669485,1.43120396,-1.03625965,-2.33476710,2.21842813,1.26904869,0.08116408,-1.37119341,0.00218198,-1.30921626,-1.02737522,-0.27696624,-1.24892640,-0.99573004,0.73045224,0.75132513,0.22686356,0.43241313,-3.93063259,-0.98511589,-1.27245235
-0.49227974,0.59741962,0.08907986,-1.06591213,0.30624503,0.27541935,-0.39658514,-0.01060030,-2.82671976,-0.96616215,1.57748735,-1.19020963,2.84012532,1.55220115,0.69853234,-0.04836854,-1.28843868,0.46838498,2.38036013,1.74670601,-1.17571259,-0.31021392,2.25144887,0.41818798,-0.48602903,-1.41680813,0.78719664,1.55252624,-0.49138409,0.62112415,-0.17129308,-1.40117788,-1.15839446,0.03469722,-0.37630033,0.87202287,-0.12437749,-1.65587890,-1.08766139,-0.15057313,2.32924485,0.47637188,0.78303277,-0.11105031,-0.55153489,3.52596378,-1.27397406,2.54701710,-0.09826040,1.77592528,-0.24144405,-1.75903821,0.88675344,-2.21633339,0.21745351,-0.78565127,1.21130681,-0.82333118,-0.20248240,0.23415422,1.28635907,-0.53305590,-1.66624165,0.47394636,1.84127235,0.01509397,1.28809083,0.97604752,0.77396953,-0.86687016,-0.56672919,1.90914571,-0.18279946,-4.51792336,1.00086951,-0.09945035,-0.33444524,-2.39488196,2.66289711,2.01717424,-0.77931011,-1.41823053,0.71087766,1.34747708,1.19473267,-0.77404469,-1.94808233,-0.38629299,1.55883193,-2.08670831,2.71052241,0.60628480,-0.50534439,1.52923524,1.06548142,0.98088759,1.55258608,-1.05910110,0.68159264,2.41727066,0.27511078,-0.06051826,1.33660388,-0.00715962,1.78531504,-2.44016671,-0.22461018,0.74395776,1.03815579,-0.66975510,-1.84345222,2.05335832,0.18372610,0.36877480,-0.76656044,-0.42597550,0.38407972,-1.66112590,-0.52143991,0.26433456,-2.22445416,-0.34813875,-0.65947700,-1.99669027,-0.44315374,-3.05197883,0.16066781,-1.31715250
-2.07485628,0.60160995,-1.30706310,-2.09586453,-0.23935634,1.47149968,0.37813607,0.53993070,-2.05633593,-1.09506154,0.26537856,-2.06429625,-0.93728566,0.03958941,2.19740462,-1.12469554,-0.63578689,0.26664543,1.07406950,3.19849157,-1.15934658,-0.81789386,0.72931135,2.93891168,-0.32583678,-0.93936169,-0.05914365,1.03990328,1.24354935,2.40633869,-0.26158705,2.27027702,0.27370206,-1.30712521,-0.77766407,-0.53991771,0.26190722,-1.04008889,0.14334169,-0.96969205,2.81295729,-0.87651449,2.07415199,1.04325449,-0.03092360,0.57258046,-0.66434056,0.02836591,-0.60126823,-0.76550579,-0.76240963,-0.66864538,0.93817490,-0.67742324,-0.52768308,0.92989677,1.14407742,1.02669454,-0.13747838,2.01217985,1.39548588,-1.59071052,-1.65408921,0.86959279,1.17349696,-1.61298263,1.04256952,-0.73434460,0.78596044,0.34099808,-0.50870007,1.37215114,1.11710119,-4.60393190,0.53601176,-1.71269095,0.12818876,-2.98588538,0.20169199,1.85159397,0.29279658,-2.78549600,-0.38235429,1.08725214,1.80389977,-1.19229996,-0.93750072,0.69790572,-0.13658030,-0.45749968,1.64916074,-0.98812950,-1.54599583,0.69949561,2.84905744,0.53973269,0.22546189,0.66350931,1.09718215,3.06822181,-1.71705568,-0.07787931,0.98054820,0.86165297,0.47000045,-0.69145298,0.57403177,0.22437629,1.18196082,-1.07623649,-1.06230712,2.43030047,0.51871157,1.28109217,1.70481396,1.05339444,0.41162568,-0.74722916,-0.15306483,1.82505977,-1.03468096,-1.38395548,-0.34134170,-2.34267426,-0.94886935,-2.19157648,-1.45506108,-0.37470800
-0.88530672,0.19839342,-2.00148749,-0.29324782,1.54867113,0.11436559,1.33485711,0.61797869,-3.60753536,0.38135964,-0.08049712,0.45045066,2.13923526,-0.09284908,2.19944525,-0.24284299,-0.96907949,-0.87571925,0.80644011,1.60772085,-2.07460570,-0.09611028,2.39688444,2.26457071,-0.95916998,-1.38417506,0.44240522,-0.41592377,0.27617574,1.30985832,-0.09727523,1.52392483,-0.04669505,-2.09775472,-1.74361753,0.20435032,1.39755702,-0.67252660,-0.48869509,-1.10245740,1.86816907,-1.99380171,-0.25255442,1.81566417,1.26645565,1.80542088,-0.04117558,1.24227285,-1.01267695,-0.03121638,-0.95099914,-0.48982370,1.60160613,-0.63367164,-0.48297885,-0.98709613,0.11882660,0.58198220,1.07478881,-0.15403605,2.83311033,-0.85717928,0.19773436,0.25046220,1.27072072,0.91039610,-0.72662562,0.75577259,-1.27546680,0.31095639,-1.35525918,1.45782340,0.07483310,-3.15710449,-0.92192346,-0.74101007,-0.57575971,-1.71154237,2.71062708,2.84387136,0.97571677,-1.86763811,-2.05903363,0.83171123,1.29430974,-0.31741124,-0.86801964,1.62637234,0.49945366,-1.08469450,2.22474241,-2.79280925,-1.08185840,0.00252932,2.72912717,-0.03942370,0.15138173,0.20299250,0.03002268,2.16668272,0.96580553,1.30387008,1.36360061,1.02959895,1.97962260,-1.03764677,-0.70101666,1.25164890,1.06288409,-0.30995160,-0.82006091,1.30191600,1.23591232,1.82034051,-2.17142582,0.07333072,-1.42177331,-0.91351843,0.73621184,-1.58902895,-0.96717358,-0.54043490,0.90713668,-0.22557852,-0.46846786,-5.52847576,-0.99802363,-0.33051354
-1.90031314,0.82886803,0.36796051,-0.53015488,-0.04022539,-0.89635760,-0.67778230,1.12368703,-0.68441266,-1.61706781,1.49785435,0.52885050,1.39122283,-0.42485404,1.07624447,-1.35426199,-0.66670239,-0.49876511,0.31795847,0.11415994,0.63408208,-2.20258951,-0.92681527,2.59508371,1.05300534,-0.98928720,0.86372566,-1.17396283,-0.41384977,0.66235918,1.30388856,-4.26853371,-2.15000105,-0.31839949,-1.30387270,0.05262414,0.71749604,-1.58104074,0.65989292,-1.65589511,2.65704823,0.40267739,0.81588203,0.56611145,-0.15079314,-0.28142193,-0.04118074,0.36646366,-0.45593935,0.21624082,2.16469502,0.53758627,0.87802547,-0.60806596,-0.43652591,-0.67527115,1.91105509,0.24221909,2.60956383,0.04372001,2.84810543,0.07660264,0.55636322,1.18017399,2.25906992,-1.26526892,-0.04495098,0.99149436,0.76608258,0.04397091,0.12821776,-0.04793113,1.23100901,-5.37714577,-1.79260778,0.71090341,-0.10422239,-1.62583494,1.92245340,1.00487041,1.98614371,-0.09324729,-1.48856854,0.83680218,1.57722926,-0.61715555,-1.88641596,2.10647416,1.10157859,-1.39872801,3.86923027,-1.47911453,-0.65234554,1.36666954,1.94579959,0.10574734,0.61665112,-0.50112063,0.09040415,0.71661329,-0.52745211,-0.17349353,1.82497942,0.89156246,0.50149226,-2.21571541,-0.78902268,-0.01256633,1.24925470,-1.28123152,-1.10385442,1.82402325,-0.25473869,-0.79914081,-1.15754199,1.00722885,2.27911115,-0.45518768,-0.32056788,0.38855070,-1.18590999,-0.46098280,2.16483092,-1.21436131,-1.48312712,-2.29664040,-1.09518659,-0.80825204
-0.49742165,1.34135687,-0.65025270,-0.74157155,3.67055511,-0.36410469,-0.11278650,-0.44998541,-2.38077497,-0.41437763,-0.22262016,1.04524255,0.22001758,-1.22746408,2.28137445,-0.77521008,-0.62548107,-0.54716504,0.82788384,1.44103265,-1.04390883,-1.43240213,0.53173494,3.58034611,1.82736802,-1.34567618,-1.15461659,0.14012289,-0.20432490,2.25341344,-2.36330271,0.51850802,-0.55552894,0.18415444,-0.36256236,-0.63702863,1.05026805,-0.23272340,-2.17807174,-2.26084876,2.88407922,-1.21040368,2.25383329,0.44467366,-0.84935474,-1.91211426,1.02319658,2.49155951,-0.79827404,0.66870701,2.22558689,0.16428071,1.28887010,-1.59560227,0.06109185,0.47322536,0.24535391,0.48173392,0.73081744,0.81730533,0.94904709,0.29303962,-0.57651770,0.06531307,0.58392698,-0.23161697,0.53430605,1.48516142,-0.12103784,0.31096831,-0.10435145,3.22540832,0.81133008,-7.66571712,-1.16016793,-1.34748054,0.75220227,-1.42149329,1.71575487,0.11584231,-0.99798775,-1.08785999,-0.66907108,0.75009489,2.33801746,0.33953357,-1.56585360,1.40967393,-0.16170542,-0.43747711,3.57554674,-2.04455447,0.25116050,0.57734787,1.75081635,0.13567728,2.99528241,-0.52817500,0.14907962,-0.71279287,0.77352941,0.58561599,-0.25691390,0.41898385,1.47559023,-0.98994255,-0.61479461,0.36611667,0.92839742,-0.36363509,-1.35935950,1.12423682,0.43161440,-2.98027253,-0.41748422,-0.57562286,0.04191273,-0.25319409,-0.06297392,-0.37880597,-1.86886442,0.13019100,1.59334767,-0.10321611,0.02679992,-2.11064601,-2.23729849,0.46336967
0.09823483,0.02964881,-1.43871462,0.02900591,1.13696980,-1.28284097,-0.18632030,-0.18502349,-1.59164155,-0.69164628,1.25029218,1.87571692,-0.64641583,-0.70750177,0.67999268,-0.26691529,0.03915730,-0.25490472,-0.00567603,1.14782310,-1.14327323,-1.97064638,-0.30431989,3.63519239,1.36503017,0.41518307,-1.60889304,-0.04235929,-0.52560931,0.24324377,-1.23932111,-0.37618321,0.15619820,-0.00247714,0.60248363,-0.05059414,-0.78229856,-0.91250443,-0.20778206,-1.36722469,4.34072161,-1.90502286,-0.17555797,0.60957086,-0.67524385,-2.40614057,-0.27956399,-0.17791021,0.13606615,0.35317719,-1.12997019,0.05645847,3.26880693,-1.56663394,-0.63219547,-1.17385769,1.48724139,1.05495572,1.66941965,2.23225498,2.14266491,-1.84589052,-0.21868664,0.98975325,1.07382178,0.81530237,-0.22185181,1.92967570,0.59403950,0.12427706,-1.32422459,0.69449341,-0.66996193,-1.59041524,-1.30388880,1.97769701,0.49465054,-0.12728482,-0.49896944,1.29543424,0.64081049,-0.48561233,-0.55249000,-0.20988250,3.06667471,-0.36570549,-0.05309187,2.19794059,2.21208596,0.10672110,2.42427063,0.46089989,-0.40182650,-0.18130268,1.96026564,-1.44755638,-1.12212133,0.07245368,-0.58859795,0.90383744,-0.02795708,1.15469515,-0.01129252,0.08828545,1.66300774,-3.19107389,-0.40662926,1.39391661,1.14955175,-0.88857734,-2.20167780,-0.22796160,-0.67268497,1.17813015,0.03195180,-1.25762880,0.66642541,0.14132088,-1.23906553,-1.52499294,0.89636421,0.33955425,1.27437890,1.59046149,-1.92295027,-1.89599681,-2.73346782,1.83440495
0.65950292,-0.11541544,0.27897832,-3.91970658,-0.22102392,-1.97764909,0.58898568,0.71690106,-3.50042629,-0.71308476,0.69194090,0.44042534,2.43666625,0.16390327,0.85561728,-1.64952254,-0.68687350,-0.05732226,0.41009271,1.67197371,-0.67390001,-1.04555798,0.87112629,5.31727982,1.20814490,-1.05348837,-1.47333109,-0.32637537,0.03705299,1.14726281,-1.44495690,-1.24856710,-0.12065707,-1.22565591,1.12842798,0.68945169,-1.30077374,-0.25719592,-0.58095467,-1.50387990,2.22952032,-1.82081938,0.91105634,-0.04118764,0.19849557,-0.76394367,0.48514271,1.63264799,-0.72764122,1.43681931,0.45377421,-0.00577331,2.84790039,1.04703963,0.36462286,0.01365627,0.65061486,0.02999044,0.71680844,1.88076687,2.93996072,-2.03029728,-1.37573624,-0.95217586,0.22403643,-0.46130750,0.99783391,1.29212463,0.58527261,0.17714876,-0.43894044,2.95082855,-0.26367128,-5.94078064,-0.40265960,0.04727810,0.08959801,-1.24282384,-0.32086527,2.13215852,0.17961478,0.20941830,0.40214393,0.81798142,3.71869040,1.32648551,-0.10888037,2.42560315,-0.95390165,-1.34085429,2.11508465,-0.66885185,-0.88230640,0.95165974,2.34786463,-1.31164062,0.78131282,-1.09960604,1.05219579,1.60405254,2.00230885,0.20812459,-0.93647027,-0.83627963,0.73959863,-0.88953781,-0.28499278,0.84706628,0.17560941,-2.81327128,-0.55832946,-0.23615330,-0.36326957,0.29228857,1.08069706,-0.43385535,0.12350646,-1.96750307,-2.21077347,0.10035145,0.07586073,0.36709127,1.80920994,-0.06705302,-1.08653212,-2.53028536,-1.34119570,-0.18037474
-0.27472022,-0.94844067,0.94345826,0.07837594,-0.17550695,-1.94221866,-0.13332325,-0.65965831,-1.01969707,1.10190058,-1.17380095,-2.14524627,-0.53064704,0.09227732,1.51075947,-0.34305388,0.07033971,0.16664264,0.69389093,1.28516531,1.36045849,-1.58989084,0.33427188,2.89327979,1.78676426,-0.75037229,0.00874599,0.00749344,0.44640154,1.21198499,-1.23920870,-1.15531445,-0.96258754,-0.50383788,1.34901834,0.52768683,-0.20391682,-0.09764200,-0.34146595,-0.60950673,3.49762154,-1.06575310,0.80878121,-2.16189694,1.19615984,-2.59554696,2.36098623,0.99052870,-1.18957543,0.19284974,-0.34609959,-0.90327728,2.20889902,-1.02441025,0.09895311,-0.24144547,-1.96982419,-0.54391074,0.36519599,1.25836372,0.79255384,-0.06001282,0.34448230,0.48078409,-0.84962231,-0.70570219,0.80233991,2.45236206,-0.54104412,0.29678342,-0.94066441,3.06328201,0.41063139,-4.03208065,1.06938076,-1.69790769,0.74464822,-1.37474489,0.97732097,2.67225170,0.87820745,-0.06708461,0.20434198,0.06892008,3.75101471,2.09117174,-0.77345306,1.29736197,0.59401691,-0.00709489,1.77373695,0.28976059,-1.03307915,0.41207230,1.97660851,-0.45086682,0.63308299,-0.58280981,1.41731334,-0.29817620,0.63710451,-0.15181470,-1.30876637,2.86383700,0.48345348,0.76678771,-1.25704503,-1.08784890,-0.78523606,-3.22722268,0.81411082,1.23270631,-0.40328646,0.45478940,-0.03739594,-1.14700615,1.75534689,0.87175411,-0.02652578,-0.51085496,-1.17596996,1.65698218,-1.09432280,-0.46641675,-1.17976582,-4.53001499,-1.94928229,-0.02473378
-2.55358744,-2.16616154,-1.47597837,-0.40035117,2.12970638,-1.40093064,0.32108736,0.39336833,-0.42383575,1.44293332,0.32358649,-2.28601503,-0.32260683,0.43538037,1.53496015,-0.45828664,1.33918035,-0.03378266,1.12931800,1.89622307,0.95620906,-1.08235121,-0.16369048,3.07497406,1.64802456,-0.70558757,-0.27282670,-0.34782553,-0.00190151,1.34914780,-1.79790688,-0.55244064,1.66268623,0.30026180,0.34173706,-0.26251313,1.49469614,-2.27352309,0.78988063,-0.06762220,2.20988727,-1.34162140,1.18999600,0.13412070,1.01707661,-1.42319751,1.70737886,-0.30382454,-0.34410435,1.28079176,-0.48007208,-1.00829005,1.78747749,-1.71392500,-0.01080048,0.59673601,-1.66574693,0.60532022,0.33995628,1.66127133,0.53051072,-0.57101876,-1.04632246,-0.64148510,1.75876045,0.52705216,-0.44322544,1.47078216,0.10174569,0.41794503,-0.13326694,1.25001276,-0.76452684,-2.48068881,-1.34281921,0.58248800,-0.08200005,-1.57875776,0.96696806,2.81403470,1.52235794,-1.25059628,0.13780364,1.94834447,1.98308969,1.59844637,-1.07868052,1.48477292,0.75739008,-0.07328835,2.98584986,-1.03774786,-1.13262558,-1.95225441,3.29755282,-1.87164104,-0.32937858,-0.85840356,0.43986768,-1.16304016,2.34928465,-1.23673749,-0.55340773,0.96342659,0.35161039,-1.09787393,-0.36120418,-0.46915132,1.02801991,-4.40366745,0.33315510,0.42801130,0.40203416,1.35036159,-1.83612442,-0.96687979,0.18351921,0.14443332,1.58637571,-1.49174058,1.52945244,-0.82332259,0.50355875,-1.09693277,-0.73229021,-1.53797722,-1.73148763,0.35557103
-0.94285870,-1.14604414,-0.92582768,-0.08283973,4.07758999,-1.14786923,-0.18327105,0.46491376,-2.64518881,-0.15066940,0.15124708,0.94312179,0.16719347,0.12822026,-0.59686714,-1.61400855,0.02115065,-0.41964346,0.11655772,1.24890268,-1.13062572,-0.79504114,0.91406143,2.28479290,-0.90559423,0.92695284,-0.07795024,0.42862573,0.05099368,-0.18531772,-0.81692481,-0.59445119,0.13446543,-1.23608625,0.52951282,-0.67282724,-0.16812667,-0.52447212,-0.72304356,-1.19238925,4.90103006,-1.83299184,1.02633250,-0.54015779,1.56034505,-0.70594323,0.29961678,-0.88664389,0.60838383,0.87489748,-0.98240817,-0.37951064,1.80688465,-0.99485075,-1.13863266,-0.80716622,-0.20585686,-0.20084256,2.73065758,1.38785028,2.02836347,-1.71320903,-0.25220025,0.58550787,1.35004508,-0.14742345,1.54271281,0.90536249,-0.04214935,-1.22408509,-1.28775442,1.06634080,0.73512495,-4.04412413,-0.92639530,0.14314233,-2.11121869,-0.53702259,0.88358831,2.15919614,0.42403346,-1.47558320,-0.12426588,0.15321875,4.03597355,2.68538523,1.10952616,2.78655505,0.59027243,-0.95962620,2.82353830,-0.65231848,-0.10657746,0.10987386,0.65778869,-1.11884654,0.99122000,-0.22846699,1.08494520,-0.01915815,0.12757654,-0.04521397,0.35766593,-0.00725880,1.26695824,-2.96355772,-2.75520182,0.40109110,1.13663626,-1.86758089,1.30755901,0.79014182,-0.15210629,3.10935521,-0.62914801,0.02136318,-0.64407468,-0.19100779,0.67647064,-0.99453926,0.24310946,-0.64545888,1.87320423,-0.03393626,-1.06651962,-3.31682396,0.43821064,-0.08418697
-1.41984129,-0.15626395,-0.24443568,-4.85763693,1.59865439,-0.70635855,0.32257140,1.15913951,-2.60652304,-0.15813798,-0.42218581,-0.41541976,0.52144384,0.12676948,0.17982170,1.34881091,0.70507395,-0.94571304,1.24174750,1.58624983,-1.06298542,-0.96592498,0.61871731,3.39126849,1.38887691,-0.47796434,-0.83310139,-1.08002257,0.25526473,1.73898053,-1.53899980,-3.71182108,-0.32935002,-1.36342096,0.64798474,-1.03175664,-0.07277182,-0.74365628,-1.17491257,-0.51902276,4.20709801,-0.19846481,1.16504192,-0.33059174,-0.37877202,-0.92917347,0.76647079,1.37479115,2.74168754,0.34770685,0.00441810,0.06225365,0.55636740,-0.68771732,0.76604933,2.04806089,-0.11543073,0.00701036,1.44935226,0.12751794,2.04238319,-0.58392346,-1.14815784,-0.15724957,-0.09526369,-1.08750391,0.32847920,0.85488898,-0.81709105,0.30487493,-0.19568622,-0.22912882,0.56036329,-6.22352886,-2.30018187,-0.18557596,-0.73796326,-0.60160899,1.45135474,-0.38242477,-0.82624388,0.41102272,-0.27931270,1.19291699,2.55755877,2.14076805,-1.16060507,1.59338713,-0.57594645,0.30743149,3.43282127,-1.06508303,-1.17376995,-0.38159674,2.60374427,-0.15513408,1.74089134,-0.27877480,-0.07312524,-0.86370707,2.50832319,0.13301086,0.61994469,0.91082597,0.18851984,-1.80247045,-0.77827215,-0.25003904,2.13444543,-3.50382519,1.18890166,0.67913032,0.53549558,1.32561135,0.28686309,0.48247004,-0.09364310,-0.39778572,-0.66968697,0.84294045,1.94913602,-0.77387601,2.01760888,0.09936327,0.03424230,-2.97444296,-1.25079906,-1.24585986
-0.35991398,0.18892905,-1.57097816,-0.62622273,1.48062730,-1.54012370,0.13582051,-0.13937473,-3.78169036,1.06261420,-0.03148575,1.49445403,0.21634710,-1.68458414,2.10826373,-1.02580321,-0.28624487,-0.87170577,0.13399905,-1.16291857,-1.13223135,-0.02167141,0.61846888,3.82796884,0.11988068,0.00063733,-0.84826612,-1.31397080,0.41007343,0.30947691,-0.76503658,-1.00401759,-1.62488699,-2.26899481,-1.23484480,0.86326396,1.31959677,-1.79279494,-0.30924243,-0.45989394,4.67262745,-2.77481794,0.38385803,1.86451399,-0.56866670,1.04102111,-0.12198409,0.60912561,-1.13063037,0.57508910,-0.85705245,0.70662367,0.85115516,-2.10323787,-0.42213219,1.59002268,0.14812014,1.02147388,0.11197236,-0.85342878,2.74516010,-0.69104654,-0.31297761,-0.95634359,1.01373863,-0.05417031,-0.39747518,2.03253555,-0.54453409,0.20203410,-2.33970261,1.80115771,-0.08404846,-2.48496270,-0.98271823,0.85912538,-1.19454801,0.25585592,1.88245797,1.80171716,2.10956550,-0.94534886,0.21444342,1.27442384,3.21181250,1.06907368,0.08771038,1.79277635,-0.15099765,-0.69485641,2.44515419,-0.92375231,-1.19631302,-1.46510112,1.61063004,0.31679404,-0.34706965,-0.06098729,1.48579395,-0.49055260,1.04925013,0.08443853,1.45352435,0.50015950,-0.37165481,-2.23330688,-0.48032850,0.92386496,1.80541801,-1.65663946,0.37387544,0.40174156,2.05416393,1.27803528,-1.41543889,1.09250975,-1.43345916,-0.40145975,0.28634590,0.27002761,0.88240886,-0.05710483,2.35996079,1.16243482,-0.76217252,-3.34010029,-0.61825395,-0.50662547
-1.14546514,0.56675148,-0.45470634,-1.89774215,0.09046060,-1.43614650,0.67459810,-0.21327588,-3.23188877,0.73182338,0.41062468,1.29185164,0.03091106,-1.13657868,0.87147808,-2.27213168,-0.53322589,-0.00789683,1.69809854,0.49461371,-0.99165797,-0.13182086,1.13034678,4.01226425,0.94838351,-0.23386329,-0.44951251,0.17438909,1.00161314,0.67923105,-1.65254486,-3.47567511,-1.71767783,0.26902485,-0.10334747,0.60192537,0.14412324,-0.30565643,-1.01820695,1.08362019,4.16868305,-1.27250111,1.34457493,0.12040699,-1.54764926,0.76325232,-1.39763069,1.90756440,-0.05795297,0.02252576,-1.14972126,1.03676379,1.47409403,-0.50453448,0.15666676,2.60213828,0.30694696,0.74240291,-2.04082632,0.46592301,1.93710732,-0.91529471,-1.30876410,-1.70178401,0.29488820,-0.83295858,1.60430992,2.10302997,0.31834072,-0.84934223,-0.60994893,2.38127208,0.55968177,-5.91474962,-0.74668378,0.69875228,-0.35835719,0.30354089,0.71142578,0.98018318,-1.51896751,0.24296659,0.32436815,1.12055159,2.40577698,1.23524046,-1.14996386,2.52587199,0.99387449,-1.22727621,3.86315775,0.09625459,-0.45084792,0.61317116,1.33445370,-0.80686140,1.79796302,-1.13327801,1.38634443,0.29999286,-0.04624641,-0.17782488,-0.04939893,0.47914007,0.65556502,-2.20787120,-1.05850029,0.29357168,1.44923544,-2.59086990,-0.20879775,0.53801686,0.43402088,1.28015602,-0.60699344,0.00408423,1.15254366,-2.85311365,-1.07167208,2.14122725,1.04216349,-0.49832326,1.78423178,-0.02304924,-0.62596411,-1.91069460,-1.22474384,-1.84011459
-2.12677765,0.61115611,-0.76046550,-2.35910654,0.33331299,-0.24454519,-0.34218845,0.17818806,-3.53828192,0.32120550,-0.13984925,0.07534960,-1.69101083,-0.65147537,1.94647336,-1.84073162,-0.26469827,0.04031384,0.80565286,0.76444983,-0.61931407,-0.57208037,0.49640450,4.19558048,0.19716001,-0.79405701,-0.97045970,0.52632284,1.63551390,2.01948619,-1.11462367,1.96475768,-0.11674522,0.05760933,0.19180219,-0.11734213,0.29344749,-0.31380999,0.63011599,-0.32473233,4.93795681,-0.77352422,2.72345066,0.44984818,-1.20172787,-0.85027182,-1.02835810,-0.61040878,-0.46483648,-0.53790796,-0.95329010,0.47622561,0.99114609,-0.12752378,-0.53323483,3.12893748,0.85347855,0.66942734,-1.28920543,1.42675161,1.49815845,-1.22750854,-1.77235508,-0.48196831,0.27780783,-1.59469616,0.92834270,0.32784927,1.12482667,-0.11111072,-0.90034002,1.56526494,0.67321479,-3.94818211,-0.01735371,-0.10130164,0.44372582,-1.49602723,-0.66368353,2.05720568,0.97700197,-1.67125010,1.06381202,0.98522067,2.51186919,0.05257714,-0.33497411,0.77972454,-0.03592108,-0.81866992,1.72329950,0.12861709,-2.09609628,0.53544945,1.72858882,-0.30738795,-0.16133657,0.06249058,1.97226024,1.09559214,-0.63828754,0.12511781,0.40272236,0.83309186,-1.93812394,-1.40367055,0.05696028,-0.63044387,0.77827334,-2.17456913,-0.29321641,1.13483059,1.14278865,1.90530038,2.17440319,0.70270890,0.24538167,-1.41881061,-1.00126576,3.53766799,0.21375522,-0.75570351,0.14956425,-0.78093994,-1.59035003,-1.24154186,-2.27154922,-0.67072612
