-1.52952754,1.39053345,-3.43041730,-1.56390202,1.59527493,0.92954242,-0.87605840,0.48504615,-0.39634523,-0.63820028,0.48736539,1.11442697,-0.78338742,0.67253608,1.68415809,-1.33684206,0.06497972,-0.57546806,-1.32746172,1.11498499,-1.07006490,0.41366571,2.40827942,0.64732122,1.71172976,1.15500939,0.18322437,0.26723847,0.43583599,0.95287299,0.25415426,0.50874764,-2.83806896,0.50524509,-0.16247669,0.12822554,-0.14520611,0.13587642,0.07684314,-0.29906946,0.80869746,-0.33641660,2.08902264,-0.69054461,0.41692185,-3.37129974,-1.26097417,-0.07288983,0.29145411,0.76646543,2.11735773,-0.17924508,1.35903430,0.05933711,-0.34014171,-0.90059018,0.76219231,-0.13647605,-0.75800478,-0.54625982,1.96932817,-0.16397220,-0.68697262,-1.36076832,-0.73371571,1.46454465,-0.04683483,0.11972147,-0.10169208,0.93368590,-0.46609288,-0.88910258,0.54310966,-0.66218567,-0.33678094,0.30025440,0.46566004,-0.41713962,0.79855371,-0.46040872,0.68663037,1.23059726,0.83928519,0.86505908,-0.81008768,-0.35556865,-0.36231166,0.03017931,0.61532158,-2.17715549,2.23166037,-0.72994864,-0.47286701,0.18466759,0.16750485,1.48894787,0.05836655,0.93960816,0.43288785,0.91233993,-0.72653294,-1.33833456,0.21921590,0.37044764,0.81863075,0.06314147,0.10867435,1.90552640,0.47087431,-1.41134930,-1.03555369,1.67044342,-0.34652925,0.34507969,-1.27352476,1.07900321,1.21295524,-0.58250201,0.53197354,-0.51450688,-0.16927639,2.07635903,-0.41930097,-0.76018441,-1.65555406,-1.38525879,0.55370492,1.11608183
-2.30480814,1.98803997,0.00927639,-1.25619054,1.87946200,-0.06990799,-0.93010789,-0.27569920,-1.03157306,-0.37062156,0.67248321,1.17836428,-1.52299523,-0.37007123,1.85613751,-2.23125315,-0.36174861,-0.42287058,-1.00616121,2.02660060,-0.77308357,0.08588013,0.79894298,1.14720857,1.62381768,1.22694588,0.00038326,0.47504374,0.53981227,2.03880572,-1.46813738,0.50330210,-0.57291794,0.45848909,0.05381873,-1.03520811,-0.18289892,-0.38488781,-2.75489187,-1.63298357,1.31776190,-0.01105515,1.17074347,-0.16108818,1.44304347,-2.51592612,-0.45742476,1.41975772,0.64863944,1.08728921,3.83654857,0.15318167,1.70624137,-0.54247463,0.06530070,0.59399098,1.12367129,-0.66964149,-0.55543619,0.11882603,0.72007984,0.12583145,-1.53524017,-0.61315084,-1.14835525,1.33576000,0.19899383,0.26909223,-0.06830870,1.36342871,-0.37584537,0.99654078,0.76890671,-0.72658873,-1.91964507,0.28660557,0.47509271,-0.56269443,1.28289008,-0.34577104,-0.48844886,-0.89582813,1.16872454,-0.10579351,0.26494980,-0.12175269,-0.71143115,0.09455652,0.27239740,-2.32497978,1.96739817,0.10695107,-1.12930059,0.83047038,0.20403260,1.01700664,2.50199366,0.28744650,0.27765346,1.13380384,0.11375254,-0.42071688,-0.17076549,-0.07724905,1.72510958,-0.39389795,-1.04374492,2.03387642,-0.05366162,-1.62442458,-1.68087423,1.96277583,1.09633422,-1.16866755,-1.29189169,0.18333238,0.59730983,-0.76167566,0.74801153,-0.21226193,-1.33014834,1.81374097,-0.32721537,-2.33705306,-0.88034308,-1.96974134,-0.30313647,0.58505905
-2.47890806,0.26154867,0.05888729,-0.83852315,1.53808391,0.27477902,-0.88006699,0.07301504,-1.27818894,-0.76158011,0.15623817,0.87411958,-1.27444935,-0.11812111,1.07780159,-0.92912835,-0.64667493,-1.77251911,-1.17899084,1.13129044,-0.07362720,-0.14376909,0.26181638,0.97217143,1.73453569,1.82550180,1.13843596,0.90053916,0.43426096,1.04874766,-0.40422675,-0.65680414,-0.87406611,-0.31358358,-0.04137877,0.13603172,-0.11137823,-0.28824580,-0.77201593,0.95877457,1.18259084,-0.66705048,0.16298504,-0.43285194,1.75375199,-2.09463930,-0.39859036,-0.13161004,2.19510436,0.00155503,1.85464835,-1.00678563,2.14095783,0.29888487,-0.92496312,-0.35855222,2.05207825,-0.87953699,0.51778370,0.64136636,1.48510551,-0.04584773,-1.33751476,-1.73142457,-0.84371442,1.39051032,-0.53710365,-0.13842881,-0.15982369,1.89603150,-0.38012436,-0.59175706,1.06329799,0.02349141,-0.70165014,0.70236778,-0.00383377,-0.30040786,1.31117189,0.65872544,0.81042755,-0.54049152,1.46085477,0.14524268,-1.06774640,-0.40830076,-1.50550985,-1.45269275,1.07844174,-1.63305080,1.62090933,0.37031513,-1.86260939,0.17965275,0.69820130,1.24880373,0.92173100,0.70727175,0.16279300,1.58090448,0.38817990,-1.10391665,-0.56040061,-0.31868944,1.92149544,-0.18423054,-2.23955202,1.57279015,1.08896947,-2.00698233,-1.70503676,2.57732058,0.86727291,1.52506411,-0.87295282,0.04148055,0.08792090,-0.69813108,0.39261299,-0.40303764,-0.89668703,3.14086318,0.08036077,-2.64687467,-1.44141757,-2.90730810,0.33894247,1.18252540
-1.74279368,0.91829354,-0.03055402,-0.64995503,1.55840135,-0.43174529,-0.46832901,0.45584515,-0.84802592,-0.31317982,0.62721872,0.84770930,-1.18491459,0.31474289,1.09447396,-1.64558291,-0.45336071,-0.77094060,-1.30387902,0.69900155,-0.02871084,-0.61314052,-0.30293190,0.87296939,1.74548221,1.31215167,0.91597372,-0.76310122,1.17916000,0.82774103,1.04204106,-3.44147396,-1.28815579,0.59833366,-0.49055573,-0.53943127,-0.50189793,-0.96881187,0.09437478,-0.24470420,0.98772544,0.85099119,0.37384173,-0.14926028,1.72180557,-1.91320491,-0.21468437,-0.09364625,1.19620931,0.75351012,3.35036016,0.57477593,1.23319733,0.51195544,-0.55833304,-0.55169547,1.25583470,-0.72593701,1.17137766,-0.71715516,1.88163233,0.06890606,-1.22807872,-0.28256157,-0.21527705,0.66800696,-0.27389902,0.15165333,-0.22026962,1.46338582,0.04156965,-1.58775496,0.64273691,-0.73796272,-2.68926334,0.29065034,0.34616777,-1.27126420,1.26907825,0.32736912,1.31701386,-0.29388353,0.34179798,-0.13069543,0.95871449,0.06918212,-1.59626055,0.16743889,0.55151415,-2.50035214,2.91560936,-0.39123908,-1.56095493,1.50922513,-0.21808447,1.25270963,1.15748751,0.83700937,0.42360407,1.32622385,-0.47892705,-1.04211473,0.57415193,0.54198724,0.95286947,-1.01784599,-1.64378250,1.79281855,1.25574625,-1.67186713,-1.39968944,2.36030507,0.25426424,-0.56012160,-1.31453526,0.34456646,2.41801286,-0.42731142,-0.55340207,-0.23736392,-0.69229877,2.12346625,0.90771562,-2.12385035,-1.18273234,-2.33318019,-0.22475895,0.34014151
-0.36202770,0.08779287,0.24340001,-0.77801299,2.50316143,0.76150215,0.30882984,1.24191332,-1.87077999,-1.00832021,0.57835066,1.28579140,-1.13816381,-0.13647671,1.06784928,-1.32600439,-0.92396343,0.22646698,-1.42327535,2.18689275,-0.89761734,-0.64748865,0.66544992,0.37814772,2.21060586,1.65927029,0.02316928,0.91200149,0.96294111,1.09085155,-0.47952068,-0.56666797,-0.84699428,0.26954007,-0.47544280,0.80133808,0.64812088,-0.98444808,-0.73944998,0.45158899,0.29744476,-1.30681586,0.19986379,-0.90800208,0.64547795,-2.17890978,0.24022046,0.68806344,0.85691988,1.43237138,2.45644808,0.20075354,1.09435153,-0.82189655,-0.06769428,-0.93415582,-0.20213637,0.08512907,-0.86380672,-1.17817521,2.13334489,-0.04390922,-0.83730519,-0.21624029,-0.01848384,0.37256482,-0.08957624,0.17746812,-2.29277873,1.37376499,-1.31013906,-1.50938427,-0.70543957,-0.31836489,-1.29946148,0.61677843,0.72609246,-1.22025216,2.76118159,0.11358932,-0.58691275,-1.33207870,0.07499862,0.63002431,0.64491165,0.07940426,-0.89126021,0.15238529,1.54157484,-2.29827881,2.08101082,-0.94877011,-1.61692333,0.99279201,-0.88729978,2.49211526,1.01396012,0.91646391,0.67557514,0.85193253,-0.13353835,-1.82779443,0.20414808,0.04191071,1.52569878,0.01102936,-1.65150702,1.41374135,0.48020607,-1.42217863,-1.47135985,1.97027683,-0.55381393,-1.17422795,-0.96530247,-1.05286729,1.69071341,-0.46794492,-0.31538638,0.97876054,0.18054058,1.92013502,1.01063561,-0.67941219,-2.44758773,-1.58984041,1.46774507,1.73929751
-0.38437805,1.43883026,0.00470768,-1.43233728,1.78091061,0.67776716,0.71717125,1.15057611,-1.45464492,-0.15379478,1.55772853,1.81327581,-0.40382630,-0.08037232,0.76652271,-1.13480091,-0.97682285,-0.53723800,-1.47465348,1.07433069,-1.46772623,-0.16613936,0.14046937,0.71824491,2.18506241,0.82896370,-1.00533855,1.17230177,1.28754759,0.71255481,-0.66887581,-1.44082499,-0.36015356,0.57134646,0.29552287,-0.15334621,0.08567184,-0.66474342,-1.21670508,-0.08573306,1.28647554,0.33735213,-0.57196766,0.94946760,1.56938267,-2.28804469,-0.69780779,0.52291143,1.40961647,1.02170634,1.85022068,-0.57866216,1.20753407,-0.90969920,0.43504235,-0.54191238,0.55561435,-0.93948615,-1.45750797,-0.04720956,1.50754237,-0.65520698,-2.48553634,-0.33286452,0.42405200,0.70443594,-1.00760806,0.41329536,-2.11828375,1.31024384,-0.70793724,-0.66734648,0.56916326,-0.45990476,-1.08750927,0.30919102,0.69183224,-0.72968256,1.25620079,-0.41119191,-0.70531571,-0.79391813,0.63957632,-0.07648029,0.98863673,0.22071053,-1.52911329,0.39711142,0.91029155,-3.05168819,2.56394553,-0.11098753,-1.99751163,-0.21627092,-0.41600251,2.17406297,2.05478191,0.67758346,-0.44310355,0.92660904,0.00383694,-0.90794456,0.47664645,0.23579383,1.48160553,-0.35852733,-0.85802734,1.93489647,1.56377995,-0.37458310,-1.01286960,1.74675155,-0.00631911,-1.17766953,0.08297899,-0.12848151,2.35418153,-1.46908844,-1.58349156,0.67667818,-1.26633871,1.05908203,1.41832948,-1.69217634,-1.53769350,-2.07301116,0.13890898,1.14956856
-1.34451890,2.14363742,0.05046529,-1.36688209,2.72169137,-0.22759728,-0.79877818,0.17126048,-1.55619025,-0.41712508,1.30658555,1.00379753,-1.02651501,-0.63399303,2.46878505,-1.75717604,-0.41293061,-0.58528852,-1.42955613,1.65476263,-0.73324502,0.67455614,0.47940603,1.14114523,1.76308548,0.61040974,-0.41531152,0.67941701,1.05902600,2.05130887,-1.73184240,0.16816485,-0.66059864,0.53491867,-0.02482152,-0.59938419,-0.12251946,-0.39970040,-2.05819130,-1.09854198,0.98604935,-0.15738443,0.65320563,0.46049654,1.06659007,-2.40493178,-0.51500398,1.86026180,0.76568824,0.69242764,4.08841276,0.13044018,1.94343638,-0.90487671,0.02415171,-1.56458879,0.51972187,-0.49616253,-0.87068915,-0.07225645,1.10654962,0.30984515,-1.56066716,-0.36401924,-0.20872673,1.22773492,-0.00447378,0.39055270,-0.70378816,1.13280106,-0.48145074,0.15781261,1.03822017,-0.75713074,-1.53326571,-0.18080756,0.38421792,-1.37074602,1.22028136,-0.65486825,-0.34663302,-0.29307318,0.29223925,-0.59388369,0.12516451,-0.09935350,-1.02836347,0.75844598,0.38097143,-2.27106166,2.62254596,-0.13269389,-0.75846189,0.81908613,0.23903462,1.21797490,2.79064226,0.44875056,0.21665475,1.00307512,-0.04506119,-0.28492072,0.12517023,-0.42202491,1.41995072,-0.52762800,-1.25402164,2.12593651,0.51726514,-0.96303213,-1.31537771,1.72794151,0.48602140,-2.08355403,-1.06647027,-0.37623292,1.21699214,-0.44241685,-0.17176658,0.04983573,-2.03239584,1.82697666,0.56584728,-1.72233939,-1.03072524,-1.76812875,-0.49319455,0.85587406
-2.02372122,1.27460420,0.09384437,-1.03568971,2.45881128,-0.68086421,-0.49375850,0.67285657,-1.73565364,-0.29418024,0.99741745,0.48728070,-1.00956357,0.37509465,2.16078162,-1.56199539,-1.27190363,-1.47557962,-1.55885625,0.73636979,-1.41848290,0.32200330,1.06782043,0.51329386,2.20299196,1.55108094,0.02058677,1.39337444,-0.01111264,0.56966043,0.01598912,-2.24204135,-0.59650588,0.50497711,0.26307881,-0.48057669,-0.24411038,0.12091070,0.23364055,1.27390623,0.77912712,-1.00778472,-0.14919877,-0.28912362,2.03669667,-1.76963747,-0.87241507,0.34654859,1.60921001,0.08818007,0.77057004,0.53654629,2.25046325,-0.86007679,-0.59578729,-2.53422594,0.32640547,1.23872983,-0.02241224,-0.24529946,2.25817132,-0.14710046,-0.34438971,-0.36102644,-0.14916438,1.00340915,-0.29279560,0.68205142,-1.10939026,1.87293375,-0.49743682,-1.06224620,0.80362648,0.20350690,-0.84285706,-0.19688386,0.36429262,-1.17412925,0.98247302,0.42980960,0.53680259,-0.41499487,0.03668977,-0.73204696,0.73087454,-1.19192088,-0.26139387,0.02198290,1.27515793,-1.52557278,1.55613351,-0.24596417,-1.03842878,0.77476209,-0.04041737,1.19742584,1.63413954,0.91438830,-0.48671311,1.61020708,0.34738544,-1.11093068,0.68613899,-0.50126624,1.80440700,-0.87578881,-2.44037461,1.49437308,1.40610790,-2.01930189,-0.90144801,2.58834291,-0.04420090,-0.07180339,-0.19637768,-0.36047316,1.68043447,-1.41272533,-0.53027248,-1.70718765,-1.10607123,3.13762999,0.02964473,-1.42168772,-1.63555026,-2.45565438,-0.20172393,1.01735842
-1.17398620,0.95654082,-0.16473773,-1.33071768,0.20038921,0.48604622,0.17462918,-0.02321979,-1.49355578,-0.06328580,0.88909006,0.14435206,-0.71817273,-0.29398033,2.12214708,-2.59884286,-0.87176925,-0.36220619,-0.67235196,2.41820288,-0.48268676,0.33873045,1.08417225,1.32524061,1.97709739,1.10379708,0.39739391,1.05843830,0.20881428,0.27898118,-0.85497367,-3.64838266,-0.64307916,0.28284037,-0.22332129,-0.64463061,-0.45486152,0.06696984,-1.55693614,1.33740973,0.61213231,-0.44594607,0.44817942,-0.15258431,1.20287383,-1.08138001,-1.31719160,1.82908559,1.23098564,0.23740976,0.81034511,-0.06421700,1.78319764,0.07752134,0.21256238,-0.38693225,0.41512188,0.20416500,-1.02100551,0.29568785,1.64691114,-1.48019969,-1.18620753,-1.56745815,-0.25963730,0.33748758,0.99398565,0.85182548,0.12869406,0.72875476,0.12675831,0.45878568,0.70483828,-0.57118464,-1.00596154,-0.32213852,0.04096037,-1.08696163,1.30051541,-0.01660484,-1.51199520,-0.48984626,-0.72664714,-0.37484375,0.71751809,-0.93041801,-1.42967749,0.83981425,1.01873016,-2.59386539,3.29956532,-0.16470374,-0.80481422,1.00633526,0.64423853,1.08043933,2.17512441,0.20051104,0.28148079,2.28071260,-1.04835427,-0.70214766,-0.02591895,-0.09625834,2.08169532,-0.61843491,-0.74230480,2.41259098,1.24013937,-1.05028653,-1.05300868,1.86786616,0.16878903,-0.11510444,-0.65657365,0.17858014,2.57730484,-1.95417845,0.04672164,-0.76563376,-0.66760504,1.30054712,0.10198158,-1.83016193,-1.12554169,-2.30515790,-0.16488492,-0.08869874
-2.15096807,1.42141068,0.29645050,-2.07154632,1.12820208,1.34965706,-0.47289950,0.99130791,-0.90095848,-0.88954484,0.76713127,0.63623828,-1.79534864,-0.29458880,2.36422729,-1.94724917,-0.62359202,-0.48445624,-1.42260242,1.78204989,-0.70789480,-0.53462070,0.75108612,1.39461088,1.30112362,0.71192592,0.06710564,0.77370369,0.98543352,1.89166713,0.08672360,0.61219120,-0.21159273,0.00744778,-0.52268839,-0.95960563,0.45701095,-1.62477195,-0.76566327,-0.41987967,1.44908667,-0.04819602,1.56475496,-0.60555732,1.34333158,-3.01724648,-1.53024960,-0.18891799,1.03280401,-0.07674681,1.41690826,0.02414742,0.89544427,0.17405254,-0.81301069,0.09017280,0.14884800,0.03525709,-0.61236453,0.29761234,0.96755981,-1.62707710,0.12737823,-0.32189038,-0.12933645,-0.82740438,0.35968068,0.34275377,0.10241443,1.89424741,-0.06521228,0.17545345,1.43265069,0.30244473,-0.56757563,-0.22652048,0.13224313,-1.32422125,0.48546749,0.30819568,0.60220355,-1.92375493,-1.42926836,0.82058430,0.09847282,-1.35738850,-1.13027477,1.17430317,0.29426265,-1.93067849,2.10340977,-1.49100435,-1.42632580,-0.19698703,1.48180771,1.48574889,0.24026686,0.83517927,0.46457613,1.70620584,-1.38308752,-0.84485060,0.76088578,0.21368164,1.33532059,-0.72804970,0.22414252,1.87491751,1.08569205,-1.51857448,-0.88187516,2.46426129,0.92942333,0.48981920,0.67963284,1.78518236,1.66974354,-0.58612168,-0.49031651,0.62530702,-1.17030072,0.35800135,-0.75353819,-1.47031951,-2.55813551,-1.63398731,-0.28578821,1.11695397
-2.34923148,1.38138187,0.57611704,-1.03279531,1.69789135,0.41696480,-1.32389474,0.25496179,-0.93042213,-0.47267336,0.92702293,1.52533305,-1.08394265,-0.64021093,2.19605279,-1.65490770,-1.22650087,-0.28211212,-1.94531000,-0.06005412,-0.76785958,-1.17957592,1.07479024,0.22075674,1.69619715,0.63399822,0.31921560,0.09665769,0.45220119,2.21382809,-0.38262787,2.07830477,-0.77094018,-0.53111541,-0.08990997,-0.55913007,-0.56229329,-2.26936293,-1.67951632,-1.23868251,1.21637654,0.11001325,1.11907721,-0.52353859,1.17296457,-2.24519587,-0.80624360,0.44336674,0.70401472,0.52449584,2.60325813,-0.56027365,1.16226244,-0.41368508,-0.60700786,0.42406923,0.91031194,-0.14856103,0.69385111,-0.14550596,1.51073003,0.65947932,1.37871277,-0.30332422,-1.66771817,0.83557415,-0.76696610,0.38170987,-0.57307690,0.73616529,0.85948813,0.10999732,1.42593849,0.20194422,0.01674876,0.08185186,0.30253491,-0.17411029,1.43751407,0.13515580,0.42967966,-0.57374769,-1.20878541,0.95489097,0.82362175,-1.47272503,-1.12605488,0.50755924,0.15375027,-2.37446356,3.03154302,-1.02031910,-0.39907661,0.06390548,0.41815060,1.08277798,1.35840881,0.04869696,0.01833995,0.23056822,-0.02453006,-0.57090038,-0.12025198,-0.12552673,2.30588794,0.00499928,-0.71053493,2.28371382,1.17226684,-2.35584736,-1.30728304,2.53518653,0.14641577,-1.47097135,-1.33498096,1.27316880,0.24991482,-0.23847181,-0.16512457,0.51756066,-0.75556731,1.59904599,-0.63746208,-1.62565982,-0.91302580,-2.08462429,-0.14005551,0.86784387
-1.86292839,0.89442194,0.29299626,-0.32695228,1.39252687,0.83106005,-0.77976835,0.08834158,-1.27762282,-0.89505565,0.46240169,2.19386196,-0.18204060,-1.25516117,1.44332802,-0.80923426,-1.70061815,-1.48816371,-1.28950536,-0.46165517,-0.57715696,-0.95326442,0.31090984,1.38142884,3.10401464,1.34383619,0.08047351,0.56595683,0.43891886,2.29518986,0.14201555,0.11856839,-0.63975859,0.15206672,-0.44025990,0.99892086,-0.56875557,-0.05212313,-0.71052396,1.28244269,0.29416880,-0.88786507,0.19354174,0.06791127,1.06685495,-2.96003222,-0.95805407,-0.45225883,1.75479245,0.90499723,1.76601005,-1.00986505,1.44455934,-0.86823320,-0.20632645,-0.74027365,0.93895566,0.46175933,0.12043472,0.42413947,1.50929689,-0.41148600,0.36819416,-1.21561241,-0.91023475,0.61466300,-0.05096135,0.57933617,-0.09053954,1.79797256,0.10406834,0.33826184,1.56442189,0.08806768,-0.18296307,-0.73946661,0.69196856,-0.54958880,0.98112285,1.20512915,1.52061522,0.14029117,-0.59774816,-0.08366878,-1.19230080,-1.75673985,-1.37096071,-1.02576137,0.51361287,-1.16321862,2.01071286,0.25740904,-1.14070165,-0.42311382,0.57929116,0.40262657,1.40992928,-0.29436570,-0.30969071,0.31572828,1.00996673,-0.64513093,-0.36839563,-0.77311778,1.40132654,-1.52306199,-1.20011950,1.77072406,1.29239166,-2.33833838,-1.81730735,3.53185844,0.36016601,1.32901657,-0.73084855,0.03652558,-0.29940546,-0.35079449,-0.73169380,-0.48657444,-0.26966015,2.27385664,1.16693246,-1.82421911,-1.04594016,-2.12419844,0.58550221,0.88101596
-0.92943978,1.04666638,0.26571047,-0.63856602,1.67619109,-0.53643978,-0.72680122,-0.26414445,-1.22885895,-0.43556917,0.90930450,1.06289542,-0.41847342,0.01577158,1.28945923,-1.78155637,-0.91313076,-0.96789062,-1.33900332,0.06326388,0.10538441,-0.70019621,-0.26830298,1.79114306,2.80409598,0.82204324,0.53272069,-0.90903449,0.66273218,1.32286298,1.05566359,-2.86958027,-1.29552555,0.84931719,-0.49753752,-0.09084007,-0.90834737,-0.33615214,0.50099051,0.04521877,1.12831223,0.71219987,0.16935244,0.09788951,0.78620398,-3.01456380,-0.69131064,-0.03696819,0.67956990,1.01569617,3.17762733,0.24467970,1.24321699,0.37265545,0.33776972,-0.92644358,1.08916247,-0.14628921,1.16630983,-0.15667814,2.03303671,-0.80658907,-0.06141990,-0.65866470,-0.24637726,0.35156348,0.04048434,0.81907821,0.28751189,1.22507060,0.47846833,-0.54613173,0.23374885,-0.91654253,-1.97696948,0.12959835,1.03333330,-1.38053441,1.02973390,0.50461423,2.01687956,0.08889835,-0.70854342,-0.07988153,0.75362349,-0.49403876,-1.58442163,0.38118678,0.31818947,-3.08261967,2.95191407,-0.40849715,-1.39994836,1.70228243,0.51893991,0.71168125,1.05128670,-0.08620563,0.22011217,0.68984854,-0.00768420,-0.26873800,-0.04815336,-0.01736796,0.32431108,-1.54086208,-1.22275114,1.85829997,1.48719132,-1.58691680,-1.34607577,2.18368435,-0.29171121,-0.87068206,-0.45744747,0.37838486,2.43714452,-1.01420057,-0.97571862,-0.66363001,-0.49590221,2.25684047,0.79305798,-1.76216304,-0.97524506,-1.97759914,-0.39991060,0.10767490
0.49619725,-0.54267102,0.17731465,-0.92611468,2.20218134,-0.14905217,-0.00822214,-0.21804053,-2.00640202,-1.47787154,0.83989024,1.25991464,-0.41265699,-0.98740071,1.34972811,-1.34781909,-1.51193082,0.24164620,-1.11279476,1.65888965,-0.50506353,-0.50975209,0.52065778,1.93276155,2.89877152,1.87738812,0.14122993,-0.20034233,0.99553216,2.21454978,-0.49184501,0.84552455,-0.95169163,0.40006033,-0.39380631,0.80925113,-0.23166662,0.01074737,-0.41076863,-0.05683672,1.25720370,-1.41907942,0.15718210,-0.62298882,-0.07531142,-2.96246052,-0.65364039,-0.28434646,0.50622678,2.11961675,2.10763049,-0.19319907,1.57445741,-0.69830549,1.25359750,-1.67616546,0.74333447,-0.14763249,-0.19740188,-0.93048149,2.00721288,-0.28150475,-1.16654432,-1.04307508,0.16360730,0.97178352,0.24724057,1.08836424,-1.62230206,0.88298869,-0.68741512,-0.53305304,-0.57938242,-0.53667378,-0.48660979,1.01112211,0.77098250,-0.97410905,1.30272746,0.69622886,-0.01943339,-0.19281857,-1.03174925,0.75184971,0.72654903,-1.13926852,-0.28962183,0.36339536,0.53650641,-3.29345989,1.78220844,-1.05638862,-0.88351572,2.16331434,0.66676283,0.93912375,0.49890646,0.67394233,0.49151182,0.40326932,0.65435326,-0.74398792,-0.38394210,-0.38562608,1.04544878,-0.30496690,-1.37929189,1.65600753,-0.22931750,-1.26185703,-0.11569563,1.24564397,-1.06875074,-0.91597700,-0.85687196,-0.00586125,1.12498450,-1.54523134,-0.51767528,0.65400505,0.66760761,2.44635677,0.06516892,-1.72417903,-1.11206484,-1.91055584,0.71121758,1.09855676
-1.35077775,0.25726250,-0.31389174,-1.49628091,0.96138477,0.02437492,-0.30054736,-0.08832321,-1.26387727,0.57912076,0.60055023,0.90695786,-0.60173202,1.34701765,1.49638367,-1.34343159,-2.55864429,-1.68284273,-1.63017738,0.82520229,-0.64906144,1.48493481,0.44591391,0.73842835,1.95554101,1.31227279,-0.58747876,0.68016183,1.15501416,0.98247433,1.27923322,0.28485227,-1.06021559,1.07649457,-0.77396154,0.93462211,0.77777314,0.08200863,0.00698936,0.67780322,0.79604071,-0.61609679,0.32050434,0.59520870,1.15760922,-3.66344714,-0.93376791,0.88968402,0.76287901,1.46525145,1.11428869,-0.82267118,2.14754462,-1.20218980,1.81822371,-2.81917167,-0.52048892,-0.86996782,-0.02884218,0.84606785,1.09979033,-0.82026726,0.43013340,-2.02691221,0.53366441,-0.14410016,0.00811619,1.01120102,-1.81649899,0.16230977,-0.38262677,-0.49349728,-0.85926771,-0.10984501,0.14986691,-0.06448700,0.36314026,-1.39955842,1.38371754,-0.27221987,-0.15224743,1.92034209,0.51660746,0.48401320,0.52174771,-0.54029077,-0.31902602,0.63924766,1.09499204,-2.09010816,2.84724212,0.54543138,-1.65064096,0.17468894,-0.33205146,1.01279902,0.58570981,-0.22138000,0.01676376,0.80987728,0.92866230,-0.14142866,0.59959912,-0.41336295,0.95160776,-0.70181966,-0.33947319,0.77057302,0.57332093,-2.23451662,1.22086751,0.97806567,0.32751322,0.07209438,-0.97366083,-0.03372332,0.62850422,-1.26601684,0.03281817,-0.30900887,-1.74917400,1.66680932,0.61318398,-2.49443650,-1.68720531,-2.05608225,1.54550099,0.58596730
-1.03929865,0.80587941,-0.07127732,-1.17989278,0.20355763,0.31439987,0.08563089,-0.57133126,-1.65181768,0.03437451,0.35964695,0.11858603,-0.83391416,-0.62467593,1.51063848,-2.89960027,-0.87048900,-0.27746803,-0.83193719,2.46748352,-0.30405766,0.48083085,1.22389829,1.56147301,2.29892492,1.50255084,0.29913655,0.61606532,0.17625932,0.08045220,-0.68390566,-3.30010509,-0.72272754,0.33872068,0.23094010,-0.36726701,-0.27300978,0.18892975,-1.55415440,0.87589562,1.14810288,-0.66875648,0.47339207,-0.37147531,0.83717704,-1.93745041,-1.15270054,1.65933394,0.93211460,0.53673124,0.82690799,-0.05203184,1.68623424,0.25532693,0.87273049,0.16426080,0.40944773,-0.07769361,-0.87967241,0.39661026,1.58937979,-2.00698686,-0.77962786,-1.77277350,-0.63759327,0.63839358,1.28381693,1.21578598,-0.07315524,0.40054658,0.24730387,0.87935424,0.16567630,-0.73279667,-1.12374508,-0.03980522,-0.08088058,-0.30634445,1.04373312,-0.09753084,-1.70308566,-0.09585872,-0.26581937,-0.35217685,1.43792212,-0.67992431,-1.11402750,1.07142496,0.81042725,-3.06031609,3.10309958,0.21167006,-1.03033459,0.84451073,0.69302505,0.64491898,2.25298214,-0.32566082,0.60347116,2.03270125,-0.71888447,-0.22847243,-0.32104549,-0.21421492,1.59694588,-0.86575902,-1.26866996,1.68464136,1.15081835,-1.64142263,-0.17457953,1.21415269,0.48618722,0.45061716,-0.84054494,0.42823011,2.05668950,-2.32395267,0.78264481,-0.36004382,0.18901348,1.22785997,0.12498951,-2.12454247,-0.93656063,-1.80397630,0.06961656,-0.64381039
-2.34331632,1.08881521,-0.32417282,-1.49449551,0.91980660,1.84697902,-0.33081451,-0.28843001,-1.50817788,-0.16091004,0.09703496,0.53212398,-2.12975502,-0.17875177,1.92127252,-2.42800498,-0.45856628,-0.89585471,-1.37528944,2.24768376,-0.82086670,0.09643370,1.17602491,0.65903866,1.98678267,0.98775810,-0.12794277,0.93293762,1.04720628,0.87457776,0.33742964,0.03213516,0.23827696,0.57629776,-0.48980764,-1.14868319,1.00020123,-0.30381411,0.00835705,-0.32566836,1.71338689,-2.03284168,1.95812869,-0.44303313,0.84669995,-2.73199081,-1.30408883,0.13390380,0.10881452,-0.60928679,0.59632474,-0.05843005,0.17594548,0.55145621,0.16550198,0.20983322,0.47410592,-0.11905491,-0.51303917,-0.52747113,1.06284630,-2.19350910,0.03033879,-1.20022082,-0.72829413,-0.60001385,1.05309343,0.29275408,0.23962787,0.50244462,0.31033120,0.32519364,0.27658233,0.24240221,-0.32059103,-0.27303526,-0.06413803,-0.76669979,1.26638520,0.48370269,-0.70946181,-0.49769083,0.16647086,0.40086299,0.91369772,-2.48889351,0.00495720,0.39127901,0.98422945,-2.31572795,2.01621652,-0.17045027,-1.92601895,0.55350053,1.23210049,1.10654402,0.73986661,0.24262384,1.01290786,2.01657605,-1.81702948,-0.27083912,0.89611179,0.37025493,0.87466717,-0.74455726,0.00205332,0.96037734,1.22471702,-2.58754206,0.11319424,1.45567060,1.32738340,0.57657659,0.63774979,1.74163711,1.50634742,-1.60378838,1.37163520,0.62831604,-0.37759510,0.62896812,-0.54606909,-1.68797195,-1.85926986,-0.86363149,0.07607341,-0.23452210
