0.00395453,0.00699356,0.00049509,0.02395864,0.00129879,0.04746643,0.00073512,0.03853734,0.00116954,0.24793369,0.00099559,0.02339186,0.00022996,0.05950304,0.00033575,0.02982020,0.00223434,0.07781881,0.00095871,0.07165969,0.01142376,0.03829756,0.01735047,0.02022102,0.48859811,0.04701048,0.01279833,0.01139072,0.17079611,0.05295850,0.11085604,0.11248442,0.04000492,0.03136906,0.03763497,0.01092924,0.05014788,0.01185370,0.00918356,0.01341868,0.03879846,0.02298348
0.78542584,0.61493093,0.05857603,0.03107125,0.07455324,0.10211386,0.02307170,0.04294195,0.01026337,0.07865585,0.00533476,0.01896493,0.02344104,0.04881541,0.00084293,0.01169866,0.00020643,0.03291593,0.00065511,0.01421255,0.00091373,0.00058925,0.00129799,0.00010377,0.00202817,0.00005964,0.00133716,0.00012269,0.00406866,0.00054672,0.00100588,0.00108237,0.00039911,0.00053957,0.00016431,0.00012307,0.00131834,0.00014621,0.00043464,0.00003757,0.00466139,0.00032779
0.81085980,0.81201351,0.08050182,0.00527110,0.05304452,0.01911063,0.03029066,0.01487214,0.00632103,0.09732798,0.00577851,0.01178415,0.00787615,0.01032628,0.00131431,0.00341477,0.00070347,0.00980092,0.00062824,0.01351298,0.00020053,0.00103866,0.00027723,0.00009199,0.00004019,0.00009692,0.00019995,0.00001775,0.00076406,0.00013848,0.00048737,0.00022413,0.00025369,0.00060419,0.00013654,0.00015677,0.00005440,0.00015305,0.00002628,0.00001604,0.00024115,0.00002751
0.86030871,0.77277952,0.02967072,0.00569771,0.05327431,0.04686926,0.01362370,0.01570712,0.03288974,0.04860160,0.00121864,0.01480464,0.00436864,0.03070314,0.00115902,0.01900609,0.00046025,0.01998279,0.00183414,0.01771530,0.00031729,0.00767312,0.00003946,0.00012812,0.00005486,0.00001518,0.00001286,0.00000912,0.00010921,0.00000871,0.00016953,0.00001909,0.00024008,0.00002746,0.00002752,0.00003396,0.00016791,0.00012445,0.00001538,0.00004750,0.00003794,0.00004628
0.57201499,0.70314920,0.03262392,0.00505753,0.24367215,0.01281028,0.07105581,0.01668307,0.05409906,0.04728685,0.00968692,0.04308412,0.01104939,0.09808242,0.00161426,0.02583084,0.00056173,0.01632746,0.00234672,0.02408335,0.00083805,0.00695404,0.00003264,0.00030667,0.00000145,0.00004301,0.00000188,0.00000474,0.00000736,0.00000830,0.00002409,0.00000615,0.00006983,0.00000733,0.00006043,0.00001341,0.00020657,0.00016864,0.00001753,0.00003212,0.00001529,0.00006055
0.77618963,0.82787198,0.01173443,0.00159784,0.03975645,0.00760316,0.01884230,0.00169379,0.11094639,0.00829275,0.01353226,0.01171337,0.02010077,0.04540261,0.00345644,0.05212997,0.00061241,0.02508967,0.00208161,0.00698426,0.00206684,0.01087007,0.00010958,0.00026332,0.00006841,0.00025743,0.00000600,0.00006452,0.00000667,0.00002794,0.00000442,0.00000686,0.00002862,0.00000614,0.00002496,0.00000493,0.00032316,0.00002149,0.00005825,0.00002656,0.00005058,0.00007133
0.34788597,0.44373378,0.04418650,0.00419707,0.05851652,0.00751064,0.05559143,0.00339775,0.29143333,0.01446935,0.05429159,0.02214522,0.10073371,0.04902676,0.03768557,0.19556431,0.00181772,0.21372114,0.00205930,0.02366956,0.00451906,0.01840742,0.00051321,0.00115080,0.00041173,0.00225415,0.00002084,0.00020395,0.00001642,0.00045247,0.00000328,0.00005225,0.00000505,0.00000811,0.00000512,0.00000397,0.00007557,0.00000230,0.00010059,0.00000322,0.00012746,0.00002573
0.33183047,0.61211473,0.01764565,0.00019842,0.05090421,0.00078395,0.03404126,0.00067158,0.04155649,0.00139443,0.04624373,0.00307266,0.36504224,0.01443103,0.07543489,0.03596080,0.01773999,0.20654419,0.00748932,0.11043239,0.01033347,0.01196092,0.00102655,0.00082995,0.00038856,0.00070833,0.00014470,0.00021095,0.00010096,0.00039502,0.00001216,0.00023685,0.00000235,0.00004010,0.00000215,0.00000833,0.00001244,0.00000348,0.00000909,0.00000053,0.00003931,0.00000124
0.06176544,0.09214870,0.01198508,0.00020115,0.04809749,0.00172108,0.02361215,0.00095314,0.01596134,0.00205091,0.02409291,0.00329258,0.23241299,0.00343068,0.37875938,0.06594637,0.08831945,0.28651422,0.07355200,0.37415838,0.03218624,0.15386227,0.00314880,0.00477441,0.00150187,0.00142006,0.00074625,0.00120045,0.00301816,0.00258910,0.00075539,0.00441213,0.00003963,0.00096329,0.00001104,0.00032742,0.00001129,0.00002468,0.00000348,0.00000756,0.00001955,0.00000135
0.35204181,0.56147915,0.00850934,0.00020279,0.05755920,0.00118263,0.02654972,0.00155627,0.02853672,0.00338371,0.00741102,0.00321179,0.02097606,0.00113948,0.16458943,0.00532166,0.20478086,0.04610739,0.06357533,0.06762630,0.06133682,0.28765666,0.00198954,0.01636501,0.00022632,0.00295059,0.00012381,0.00015892,0.00088370,0.00042400,0.00069985,0.00042764,0.00016192,0.00025579,0.00002976,0.00039864,0.00001065,0.00012064,0.00000434,0.00002346,0.00000374,0.00000744
0.69572246,0.92107463,0.00029637,0.00003369,0.00164422,0.00007564,0.00485011,0.00007141,0.00230130,0.00025466,0.00717897,0.00038339,0.01156740,0.00042443,0.01356308,0.00033721,0.05173159,0.00200454,0.13650741,0.00795873,0.05768784,0.02338008,0.01363381,0.00874691,0.00033350,0.02657072,0.00039114,0.00267263,0.00079456,0.00230039,0.00064090,0.00071892,0.00052658,0.00105311,0.00047138,0.00068207,0.00011844,0.00082174,0.00002273,0.00028811,0.00001625,0.00014703
0.92156792,0.95922983,0.00005791,0.00020806,0.00018189,0.00044846,0.00014693,0.00004956,0.00044867,0.00002067,0.00022734,0.00009042,0.00129211,0.00022014,0.00122364,0.00045444,0.00167455,0.00120568,0.01923263,0.00085165,0.03250053,0.01582606,0.00536910,0.00350577,0.01260450,0.00402987,0.00054929,0.00781487,0.00090117,0.00196255,0.00040865,0.00079974,0.00040255,0.00026818,0.00010466,0.00026027,0.00092008,0.00039740,0.00012174,0.00097132,0.00006414,0.00138514
0.95857561,0.95322168,0.00000803,0.00012344,0.00002450,0.00003766,0.00001771,0.00000756,0.00000448,0.00000050,0.00016727,0.00000823,0.00037443,0.00002271,0.00009214,0.00002261,0.00013977,0.00010404,0.00045382,0.00002472,0.01623243,0.00034516,0.01498995,0.00165479,0.00231521,0.00205826,0.00170713,0.01242133,0.00095984,0.02026211,0.00009305,0.00362155,0.00009732,0.00017079,0.00041180,0.00016427,0.00087352,0.00010123,0.00121585,0.00047243,0.00124615,0.00515471
0.87863475,0.92025143,0.00005969,0.00014601,0.00003775,0.00009144,0.00001619,0.00000845,0.00000257,0.00000088,0.00004876,0.00000626,0.00013041,0.00000505,0.00013673,0.00003641,0.00008384,0.00030563,0.00007294,0.00003991,0.01055079,0.00027703,0.02173749,0.00038880,0.06242393,0.00224870,0.01308172,0.00725674,0.01028462,0.04650064,0.00022759,0.01846005,0.00003384,0.00236726,0.00005345,0.00057461,0.00015576,0.00005471,0.00043413,0.00011116,0.00179314,0.00086883
0.46280023,0.68116117,0.00044168,0.00108145,0.00021188,0.00197096,0.00002215,0.00021698,0.00001110,0.00001819,0.00006816,0.00001808,0.00057217,0.00002140,0.00091439,0.00009664,0.00045182,0.00228438,0.00045783,0.00082210,0.00684205,0.00274844,0.01125854,0.00175761,0.27695879,0.00250856,0.17611280,0.01722648,0.03511525,0.04893306,0.01291995,0.12236626,0.00239201,0.10344178,0.00037111,0.00821984,0.00072865,0.00157868,0.00167732,0.00064621,0.00967202,0.00288175
0.12576860,0.23062159,0.00189188,0.00061887,0.00134944,0.00497071,0.00010313,0.00049698,0.00001170,0.00007603,0.00005099,0.00003959,0.00012867,0.00000299,0.00138890,0.00002251,0.00222976,0.00045475,0.00077492,0.00065226,0.00705763,0.00906952,0.00867510,0.00136819,0.03286800,0.00110830,0.20775849,0.00202007,0.46537915,0.02316547,0.11051004,0.06804830,0.02614892,0.51694709,0.00239178,0.12595139,0.00025847,0.01091972,0.00096547,0.00235546,0.00428892,0.00109024
0.61479676,0.92770272,0.00023715,0.00009248,0.00101928,0.00030050,0.00008911,0.00014371,0.00000495,0.00006457,0.00000612,0.00002521,0.00000284,0.00000166,0.00001562,0.00000152,0.00018250,0.00002184,0.00010929,0.00005662,0.00346818,0.00061756,0.00181941,0.00023226,0.00156141,0.00021104,0.00429897,0.00005638,0.13295874,0.00083435,0.21249381,0.00549974,0.01890973,0.00964412,0.00650046,0.02625253,0.00074424,0.02274041,0.00028728,0.00355439,0.00049415,0.00194637
0.92877948,0.94157726,0.00007093,0.00005510,0.00030772,0.00026029,0.00007146,0.00005178,0.00002479,0.00005154,0.00000752,0.00004424,0.00000261,0.00000457,0.00000690,0.00000300,0.00004805,0.00000802,0.00020267,0.00001609,0.00209485,0.00071748,0.00065061,0.00013457,0.00105681,0.00028523,0.00045759,0.00009006,0.00487475,0.00014069,0.01333443,0.00026187,0.03428482,0.00363631,0.00786631,0.00813186,0.00504629,0.02176504,0.00057867,0.01626921,0.00023266,0.00649579
0.93417066,0.93487686,0.00003116,0.00005543,0.00012459,0.00004426,0.00019439,0.00003297,0.00004969,0.00007598,0.00001238,0.00011372,0.00000062,0.00000504,0.00000055,0.00000084,0.00000281,0.00000155,0.00003439,0.00000134,0.00139456,0.00008738,0.00132441,0.00014533,0.00027749,0.00073256,0.00002631,0.00004228,0.00082905,0.00010808,0.00205779,0.00003414,0.02119293,0.00020624,0.02381968,0.00257200,0.01241668,0.00467558,0.00180557,0.02008073,0.00023447,0.03610760
0.90649402,0.96668935,0.00002320,0.00001713,0.00006684,0.00000663,0.00008124,0.00000208,0.00002898,0.00000227,0.00002296,0.00001754,0.00000184,0.00000304,0.00000030,0.00000078,0.00000049,0.00000050,0.00000964,0.00000023,0.00239084,0.00000735,0.00173186,0.00001791,0.00179962,0.00069670,0.00007750,0.00013124,0.00015227,0.00013910,0.00010883,0.00002529,0.00165871,0.00007656,0.00775533,0.00029518,0.06418519,0.00097264,0.01132092,0.00525546,0.00208925,0.02564330
0.08900639,0.22266483,0.00016144,0.00580172,0.00008922,0.00214789,0.00014667,0.00020061,0.00010110,0.00014914,0.00017890,0.00105063,0.00004394,0.00038382,0.00000195,0.00028898,0.00000029,0.00008763,0.00001363,0.00001057,0.00143287,0.00015807,0.00976132,0.00032444,0.08443016,0.00780281,0.00214403,0.02749160,0.00565612,0.06272415,0.00095221,0.01012721,0.00404442,0.00360899,0.01918809,0.00593893,0.35624394,0.00239413,0.24965744,0.07959851,0.17674592,0.56704527
