0.81264347,0.01720519,-8.83997059,0.07508270,0.08861366,-0.06263090,-0.14935611,0.64903402,0.82680452,-0.56457072,-0.33754787,0.56138009,-0.10898488,1.14071643,-0.29067656,1.01352525,1.07616735,0.36072069,0.26698837,-0.30545339,-0.12830943,0.26648688,3.50360823,-0.97157896,-0.82867575,-0.15223764,-0.21079624,-0.39868203,-0.99977648,-0.15484367,0.30260420,0.20661247,-5.11682081,-0.01302602,-0.11472345,0.02780993,-0.02249958,0.63042188,-0.02537315,-0.14528674,-0.19427946,0.12033372,-0.12314001,0.47772545,-0.65423405,0.50478327,0.48614541,-0.18776585,-0.48934251,0.24977067,1.08136737,-0.52405179,-0.79412091,0.99211884,0.14358282,0.37294745,-0.25267154,-0.08472712,0.13740286,-0.35940525,-0.55513209,0.20652059,0.63072455,0.98397052,0.40848923,-0.19747920,-0.13436814,0.15195143,0.21310987,-0.38136810,-0.16169450,0.01604797,0.40355241,-0.40137461,0.91645962,-0.49373665,0.30413586,0.90761602,-1.17889237,-0.34127411,-0.22836889,-0.00080886,0.98727298,0.70700562,-0.77679080,0.14938551,0.61538762,0.19196549,-0.18191890,0.66245282,-1.19088876,-0.23053730,0.42333287,-0.00653115,-0.58607674,-0.62280941,0.34545326,1.09988046,-0.29786021,0.17304957,-0.20256345,0.06494300,-0.22006470,1.10697520,-0.26094773,1.35961187,1.22227097,-0.52967352,-0.52510786,0.59993339,1.04540706,-0.03477635,-1.01454318,-0.11132804,-0.08494325,-0.20451936,0.34401739,0.37196857,-0.17253634,0.12979332,-0.31691122,-1.07261610,-0.25290245,1.42855275,-0.31789124,1.41583014,0.11850068,-0.15930529
-1.82921994,1.69900131,-0.91125852,-0.00891866,1.29409015,-0.51594353,-0.71818650,-0.08141264,0.91397250,-0.68735701,-0.73366743,0.98947763,-2.50404334,-0.41135520,0.86485195,-0.58085346,0.60677981,0.09513697,0.70811659,0.82296365,-0.74833679,-0.93020248,0.70433414,0.53472751,-0.98425454,-0.52913117,-1.04881537,-0.12253767,0.25378129,1.67806971,-1.47374773,1.16326284,-0.48737961,0.93710983,-0.68110043,-1.65594459,0.81279933,-0.32712507,-3.29515147,-3.30740619,1.11913264,-0.21538076,0.19196510,0.98477882,-0.79294026,-0.65946668,1.02100110,2.24547005,-1.24280035,1.53228855,2.74872708,-0.36650229,0.18812446,-1.35156989,0.63562155,1.46306252,2.21963978,-0.76119637,-0.09695661,0.54817802,-2.11629629,1.65204012,-1.17853248,1.16367209,1.19480824,0.36658955,0.71057045,-0.69597900,0.31060103,0.07333236,-0.18357524,2.83629155,0.84878922,-4.03472090,-2.00905466,-0.11477280,1.42012703,0.96946490,-0.22186048,-0.73762077,-1.50851607,-1.90980351,1.61771572,0.08416700,0.67718279,0.13174370,1.06015348,0.25279546,-0.58614981,-0.14780241,-1.08193088,0.64146113,-0.77846748,1.29583025,-0.21770711,-1.10950279,3.62888026,-0.54712701,0.44215614,1.63833928,1.02249944,1.24282849,-0.02663969,0.68058199,1.46248949,0.50053138,0.14158139,0.44075799,-1.65529418,-1.47926664,-0.46457464,0.39280879,1.21221673,-3.31838512,-1.23298478,-0.63668406,-0.78820419,-0.37695003,1.20206869,0.61235380,-1.67309177,-0.24350722,-0.72880614,-1.28079045,0.46631467,-0.21237826,-0.66234946,-0.70845699
-2.48310900,-1.45109820,-0.12464511,0.16891378,0.75532627,0.49564430,-0.58539504,0.28615406,-0.70496422,-1.72658479,-0.41506633,0.58485800,-0.92218339,0.99734551,0.32833546,-0.07606217,0.69159997,-1.83289576,-0.38311720,0.43643802,0.02136805,-0.14962976,-0.38869390,0.25291270,-0.58642149,1.71402109,1.54513431,0.41809601,0.11306119,1.18495405,-0.29016012,-0.86820096,-1.61956859,-1.07158375,-2.19260311,1.50492847,0.51509702,-0.62935340,-0.74844557,-0.17644285,0.17380212,-0.13774812,-1.20785892,-0.14058840,0.05740208,-0.28161573,0.33314878,0.04677503,0.94287825,0.49217898,0.60182774,-2.26336670,0.79561639,0.47353780,-0.37469730,0.24115595,3.66963053,-2.41914058,1.22547984,1.37152159,-0.22552094,1.01606822,-1.33826387,-1.27089012,1.10825646,1.29771054,0.18125056,-1.21257544,1.11241806,1.42104113,-0.49079531,-0.53143591,1.68431675,-2.74123645,0.56969810,0.96173513,-0.31830794,1.65763927,-0.38151577,0.79068917,0.51462406,-1.06208909,1.74434292,1.67314947,-2.85787439,-0.17225225,-1.27350771,-1.49999166,1.90246427,-0.62813878,-2.06130600,0.69999790,-1.61382651,-0.42529845,1.75981593,0.31588864,0.17382963,0.39326525,0.49303102,1.78107882,1.19173861,0.00379256,-0.97562444,0.21252154,2.18197799,0.75174576,-2.24638486,-0.16565479,1.22966135,-2.05987883,0.95938170,1.99898100,1.24801397,1.62523937,-0.49506551,-0.38054606,-1.12729859,0.21139924,0.26610902,0.73328769,-1.27403867,1.57865798,-0.68448186,-3.06696033,-0.85713291,-1.41400611,0.46136963,-0.05046543
-1.53333163,0.93096507,-0.09998537,0.17138796,-0.47538587,-0.31456438,0.16442874,0.82022452,1.31345260,-1.18440545,-0.30136600,-0.44270110,-0.67330927,2.18422651,0.24551538,-1.15600455,-0.20598564,0.05877200,1.13206005,-0.08693381,0.47696215,-1.32291532,-1.36525214,-0.76810735,-1.50868881,0.79780930,1.54609430,-2.55625653,1.16104281,0.27051145,2.32419252,-3.33684015,-1.47213387,1.00321662,-2.30635548,0.70593166,0.22122908,-1.68880153,1.62232745,-1.66423988,-0.13273054,1.64878047,-1.54531789,0.52504492,0.94313091,0.38840276,1.10027492,-1.00081182,0.31576538,0.67941976,2.48853064,0.36375636,-0.66074795,0.23065270,-1.27925754,-0.34716481,0.27757785,-1.28109193,2.59810257,-0.52894026,0.71815062,1.91132522,-0.85998231,2.03345728,1.78505445,-0.35433799,-0.48776144,-0.32223812,0.35244766,0.65862459,0.01022318,-1.67396295,1.52528727,-3.22581601,-2.78287864,-0.53770745,-1.23655593,-0.70164269,-0.22807650,0.88935977,0.27846599,-0.21248931,0.01250590,0.71722555,1.38501287,1.12758076,-1.97929764,0.51225746,0.73451012,-0.37332845,1.02691901,-0.71143496,-0.96587813,2.30071402,-0.12434102,-0.71641499,1.15570593,0.22346486,1.42046928,2.12063146,-0.56629145,-0.01639785,1.19597375,2.46023107,0.64744878,-0.89376658,-1.42760754,-0.92056817,1.13969886,-1.77900648,-0.08975038,1.26251030,-0.13159189,-0.86711538,-1.51965022,1.27140677,1.12234986,0.42550492,-0.52500921,0.10462141,-0.70070052,0.13762237,0.81175214,-1.42224133,-0.59752250,-0.35801694,-1.03894281,-1.40014720
-0.25407752,-0.33157527,0.41902754,0.55428928,1.58323407,1.72738302,1.41036749,2.24670529,-0.90474170,-1.96746349,0.89797407,1.04589307,-0.88704813,-0.49949235,0.68451560,-1.25875795,0.67253590,2.02664328,-0.16749567,1.81934953,-0.98142862,-1.84150648,0.23226798,-0.83216572,-0.27685937,0.62930489,-0.19528863,-0.24321251,0.42338514,0.60694593,-1.00100040,-0.75436568,-0.09541438,-0.95805663,-1.18346131,0.45432466,1.13886666,-1.16307878,-0.25183469,-0.38242176,-0.65295911,-1.49479663,-0.83495510,-0.72989559,-0.79641104,0.65243065,0.76925957,0.88116527,0.31508654,1.10152566,1.41043401,0.01027878,-1.03572810,-0.55613804,-0.44480386,-0.27371874,0.08168328,0.88531631,-1.30356288,-1.31279433,0.61263096,2.77958775,-0.76944244,1.12410176,0.08535685,-1.76704752,1.69469988,-1.18282175,-1.51495600,0.99887574,-0.95048422,-2.17756820,-1.55511546,-3.54524803,-0.66099066,0.00994983,0.36005867,-0.78714472,2.50042462,2.03788066,-0.88886911,-1.18509555,0.55561787,0.53802037,0.49491295,0.78614873,-0.37951514,-0.75833440,1.86092210,-0.17213732,0.18561941,-0.83035684,-1.29872215,0.76496375,-2.44023728,2.12657809,0.44783920,0.38695464,1.15574729,1.35341072,-1.01727498,-0.88652086,-0.01442772,1.43931484,1.55973089,1.01643276,-1.35181510,0.47304338,-0.65769941,-0.94930023,-1.04973269,1.82703173,-1.61932015,-0.88360286,-0.70188642,-1.63564312,1.30949748,-0.57799751,0.01292192,0.95775831,0.65386045,-0.04136545,1.22356033,0.54830211,-1.33581734,-0.32109097,1.80196309,1.40853238
0.15041944,0.98625553,-0.26858667,-1.02595294,0.42336074,0.77153075,1.76866794,2.07567334,-0.21540010,-0.00496515,1.82113564,3.60697675,0.82931805,-0.09828642,-0.16228113,0.26910216,-0.72529733,0.76865029,-0.01127074,-0.51670414,-2.54483390,-0.64864630,-0.41090941,-0.23872948,-0.21294057,-0.53054100,-2.31798100,0.79295403,1.28402233,0.67739260,-1.05593729,-1.89827871,0.98805428,-0.20680593,-0.68111080,-0.13740149,0.31561822,-1.12261915,-0.35869521,-1.30074072,1.22190881,1.09459269,-1.67901564,1.74318743,0.42831060,0.45820487,-0.36139572,0.33469182,1.05738771,0.55709302,0.26580080,-2.58855605,-0.69860238,-1.28642821,1.08954692,0.10035055,1.53876281,-0.65526438,-2.45321155,0.26365474,-0.25507447,1.35313833,-3.16641021,0.79369539,2.17278147,-1.10720575,-1.14092386,0.14674461,-0.62737262,0.77908397,-0.58686304,-0.11481486,0.99809277,-2.48336816,-0.59032083,-1.27853835,1.33847582,0.37979728,-0.35930660,1.54272294,-0.97479492,-0.47187713,1.15853643,-0.61362183,1.69249928,0.33719712,-2.06500459,0.13572475,0.53625834,-1.04310894,0.19444203,-0.05947985,-1.77020895,-0.70522743,-1.81276011,1.17630279,1.99011183,0.33085588,-1.62875104,0.70935917,0.25982422,-0.30212101,0.84645951,2.07160521,1.43946075,0.30251467,0.92101735,0.38371199,2.17743731,1.39325190,0.03748223,1.76458645,-0.46763372,-1.61279738,1.53410411,-0.20782146,1.44678128,-1.53823042,-3.79380012,1.00144875,-1.50383806,-1.21394885,1.56129599,0.07101507,-0.63346815,-1.43310297,-0.17228457,0.53636885
-0.89615226,2.01841450,-0.40723377,-0.07631814,1.98651052,-0.57457763,-0.29842284,-0.13360867,-0.01963702,-0.67969918,0.95528650,1.25057244,-0.24710649,-1.23016393,1.96071446,-0.05466817,0.13822177,0.68683267,0.10278512,-0.20612088,-0.75159431,0.07662106,0.29333612,0.28944725,-1.13689828,-1.78332233,-1.30739295,0.13841456,0.58831292,2.25385523,-2.83554029,0.49699706,-0.99753046,0.82692534,-0.70618117,-1.15284753,0.26915526,-1.01334023,-2.06436682,-2.43471909,0.37366953,-0.24238691,0.20755833,1.76581979,-1.37626100,0.38866282,-0.14294936,2.83285332,-1.45902181,0.58346236,2.65103078,-0.46377829,0.83400917,-1.91748691,-0.10394579,-0.05317969,1.53969145,0.04401925,-1.13514900,0.81165367,-1.23631048,2.83706760,-0.63992989,1.07727659,0.92823976,0.19238953,0.71187305,-0.99693626,0.19193816,0.11827764,-0.57921714,2.00497651,1.78862226,-4.25071621,-1.09636927,-1.08039510,1.39128542,-0.35343814,-0.00195074,-0.42848763,-0.99423194,-1.99840939,0.10489742,-0.05329433,0.12407781,0.27908009,-0.60175514,1.11838961,-0.49187040,0.50082910,0.46348000,-0.17159592,0.14157334,1.57149172,-0.21753612,-0.28599524,3.62771988,0.24197409,0.15133129,0.37224761,0.73192155,1.49612916,0.27025801,0.18024804,1.13024795,-0.24850674,-0.22673599,1.10756004,-0.79961008,0.73117578,-1.44482398,0.97146064,-0.29175258,-4.25730801,-0.07713839,-1.49536133,-0.02458303,0.21120720,-0.59441459,0.47698355,-2.48470712,0.20514993,0.30582613,-0.20986888,-0.00418258,-0.09248631,-0.83032465,0.53627419
-1.70333433,1.68021810,0.33780605,0.12231087,3.09640074,-0.89415485,0.14753395,1.57990086,-0.42033547,-1.58191490,1.11975873,-0.33609954,0.18887772,0.72833306,1.94571257,-1.25258517,0.17720541,-0.19182238,-1.76510799,0.83835220,-2.87369394,-0.11705396,1.22892177,-1.07876730,-0.51106334,1.21033144,0.08985979,0.94227910,-0.82751775,0.54187912,0.05901071,-2.10568666,-0.56039858,0.97974175,-0.63875729,-0.81709117,-0.79861927,-0.79803061,0.77333492,0.68281043,-0.45874560,-0.64952475,-1.40960240,1.40106773,1.93435621,0.46646604,-1.86219645,-0.32299715,-1.06820869,1.50122058,-0.64984506,-1.13439095,2.85586715,-0.75520033,-0.98370862,-0.62586629,1.08375084,2.42925906,0.72628230,0.28334141,0.77349728,1.71166217,0.94670260,1.21566355,-0.19816840,0.96488553,-0.26471201,0.02482378,-0.87159753,2.20696259,-0.69881392,-0.69322407,1.47970963,-2.23579240,-0.40458161,-1.89164972,0.89679366,-1.05560958,-0.65187514,1.28180838,-0.09623552,-2.01361370,-0.64139128,-0.39578792,1.21684361,-1.07147789,0.36816964,0.10421690,0.74796367,-0.16306454,-1.70487225,-0.35978356,0.05056995,0.56970453,-0.76199645,0.24529910,1.29408634,1.30664945,-1.02299309,0.49672502,1.53374910,-0.90401381,0.44823495,0.31956401,1.42522335,-0.32805425,-1.86209965,0.68561596,1.70178139,-0.40897667,-0.07457411,1.62871158,-1.30582356,0.53441381,1.69404924,-1.02422035,0.58356971,-0.33619362,-1.43804252,-3.11485505,-0.57411230,1.89098692,-2.36613727,0.06966760,-1.26275635,-0.77544659,0.00566381,1.35191965
-0.09641851,0.64383078,-0.48789006,-0.63953561,-1.48636568,0.33124870,1.29073346,-0.16248536,0.63268656,-0.90385348,-0.00929358,-1.43853402,0.51859665,0.21837986,1.16001701,-1.85018575,-0.84541929,0.54358053,1.18512928,2.90405250,-0.86034393,0.13406432,1.29270816,-0.06155241,-0.55744523,-0.05989860,0.40871912,0.72415727,-0.38728118,0.15923181,-1.25525093,-4.01324797,-0.77885693,0.03945346,-1.28910816,-0.03190460,-0.89259660,-0.02709957,-0.88250118,1.49108791,-0.70134097,-0.35038963,-0.94252819,0.99237275,-0.24308243,2.25439858,-0.89968997,2.96934366,-0.53569520,-0.01863796,-0.88401282,-1.01386356,1.22597849,-0.14844120,0.42024994,-0.62511843,0.68121165,1.59945393,-1.84758568,1.85446405,0.63581723,-0.67924285,-0.70076787,-0.33966482,1.23050976,-0.38856769,2.76868129,0.09587675,0.08012438,-0.20744181,0.07246663,1.73569608,2.20723820,-3.05742931,0.23779920,-2.41913891,-0.34738278,-0.58251393,-0.12483716,0.75067931,-3.16417694,-1.04962969,-1.09305549,0.08497739,0.63583821,-0.40311071,-1.71508384,1.66887712,0.91233957,-0.10685721,2.00187039,-0.85053778,0.32150406,0.70117247,1.51611233,-0.66318619,1.88202655,0.68450284,0.16537032,3.82714510,-0.99554855,0.48245001,-0.18616372,0.55210620,3.38198137,0.77238756,-0.15684623,1.35799325,1.07555628,-0.26690429,0.30567637,0.86632645,-1.73240721,-0.30658597,-0.59909707,-0.11268868,1.10800385,-1.42702794,0.53955185,-1.21591687,0.12449825,-0.97699571,-1.15139902,-2.16034007,-0.78598976,-0.62379885,0.43464103,-1.44753695
-1.32005584,0.73332155,-0.21605641,-1.09618962,-0.41882765,2.96685123,0.21721554,0.76794064,-0.11896687,-1.92018998,-0.73345691,-1.76050591,-1.24219918,-0.62135607,1.59288883,-1.65552878,-0.28744167,0.85679263,0.21098459,2.31466675,-0.77890456,-0.47434604,0.11294711,0.31723136,-1.10534072,0.05799417,-0.04210156,0.47528827,0.44811690,1.83830941,-0.00027916,2.41880989,0.85102963,-0.65306091,-1.08174479,-0.45558172,0.50987017,-0.04129711,0.33820814,-0.34402347,1.16010702,0.23393366,0.24287242,1.42968237,0.00277755,-0.41899490,-0.57115936,-0.25782633,-0.51416695,-1.73666155,-0.44765413,-1.15543222,-0.50613916,0.13593797,-0.81718767,1.02835345,0.87863636,1.44483709,-0.15900496,1.70850897,-0.25222230,-0.75903749,0.35102627,1.09078574,0.22535129,-2.98693037,1.34124815,-1.20470142,0.86632019,0.48209104,0.20419078,0.95187354,1.66235483,-1.84793115,0.37862834,-2.45693064,-0.11953097,-2.71688366,-1.52919638,1.79333472,-0.18918073,-2.05969214,-0.42845428,0.68559837,0.70162493,-1.59867382,-1.22915566,-0.05013171,-0.92660916,0.72209793,0.48202300,-1.32295287,-1.22278357,-0.51685929,2.16119957,-0.09108134,-0.38650864,1.14663470,0.09209789,2.28635216,-2.79928541,-0.09589925,-0.22096857,1.19026721,-0.69831729,0.85989034,0.98863679,-0.23083578,1.28389025,0.43610758,0.27877921,1.54470086,-0.20243835,0.34318295,2.96846890,1.13757575,-0.23841046,0.16054656,0.22543818,2.03574634,-0.18006362,-2.23616505,-1.15892768,-1.66289723,-1.16087270,0.42291754,-0.38931784,-0.33358604
0.48651290,0.99478900,0.65921420,-0.22915876,0.57718122,0.86155766,-0.67042059,1.11957741,-0.14647916,-0.16887529,0.45830488,1.29373610,-0.52274227,-0.58072406,0.89686066,-1.05803764,-0.56790221,1.35732818,-0.61489576,-1.14175999,0.42018887,-1.78971088,1.05465293,-2.11308932,-0.20760605,0.12186143,0.87339628,-1.16014767,-0.78568006,0.12810886,0.32503939,3.31252003,-1.51670635,-0.41113102,-0.81665254,-0.78765512,-1.24480796,-1.80195308,-1.25606763,-1.84134507,-0.61346745,0.62191021,-1.00195205,0.97254246,-1.82906318,0.89049900,1.11921167,1.43423975,-1.60748899,-0.73173112,0.53543603,-1.79079771,-0.32453170,-1.06799269,0.07477857,0.29915112,1.98426247,0.70482802,1.87754655,0.00676394,0.02800258,2.74722028,2.26071048,1.31674528,-0.68409139,0.24309559,-1.43054342,0.25028765,-1.14997864,-1.73560679,2.50671768,0.48568058,0.75262707,-2.75209403,1.33489799,-1.54390919,0.78057426,-0.46175888,-0.05141026,0.09507656,-0.83297384,-0.32713208,-2.12552238,0.98261297,2.83273387,-0.05452637,-1.63766313,1.92719746,-1.24493909,-0.36171281,4.07806158,-1.68787694,0.55880606,0.68170357,0.34325039,0.00053944,2.09680676,0.53749216,-0.56100398,-0.19356859,-0.46865737,-0.28684995,-1.05225229,0.30486158,2.03751612,1.36341643,-0.75848299,1.56754982,2.35865355,-0.30303788,1.13735938,0.12751117,-1.80719578,-3.71763468,-0.52993065,-0.36832383,-0.40856832,0.25977296,-1.01689732,1.08537972,0.10714930,-0.42256653,0.17885551,-1.11016476,-0.11158669,-0.67423111,-0.18851522,-1.04180145
-0.00343633,0.38208139,-0.16483882,0.56003881,0.26029930,1.16143203,-1.31903470,0.21157743,-1.74847114,-1.58180702,0.55752087,3.67828751,1.56753778,-1.35743499,0.86784923,0.39242274,-1.18771386,-0.04126841,-0.53053421,-1.42937136,-0.29159421,-1.10126448,0.50024247,0.71898526,2.05365276,0.39999974,-1.04683101,0.74767905,-0.98653609,2.94952726,0.79998660,0.27955574,-0.39893699,-0.63772237,-2.84132409,1.61390698,-0.35369909,0.51522255,-0.64788824,-0.06287467,0.03852448,-0.35885710,-0.96971637,0.59134334,-0.25376049,-1.30599511,-1.06137931,-0.08311473,0.81886077,1.63717973,0.52659786,-1.47688282,-0.48814541,-1.33371019,0.55112386,-1.41596901,0.86300522,0.03182682,0.54534525,0.77006942,-0.51458770,-0.09841305,0.58996654,-0.61754239,-0.43467933,-0.71083426,0.84697539,1.50326777,1.86679900,1.74719691,0.51854068,-0.56625074,1.40433180,-2.11493850,0.85299081,-2.36653924,0.27328151,-0.10605007,-1.81683409,1.91484904,0.90672588,0.11128706,-1.52643096,0.21678990,-1.78127086,-1.67360139,-0.94102585,0.57043326,1.02433884,1.06493640,0.88305676,0.08372812,1.37399912,-1.41886699,0.68305862,-1.11577594,1.48530889,-0.46446666,-1.37425303,-0.78523308,1.52420747,0.20693071,-0.86063266,-0.80950189,0.85797638,-0.30372512,-0.53685331,0.45397276,1.51444638,-1.00930500,0.66579092,2.47770381,-0.27130643,1.04173529,0.92604095,-0.85599744,-1.98183346,0.57748300,-1.42071259,-0.02167848,-0.37137586,-0.10336789,1.42680931,-1.34261286,-1.31594872,-0.48966646,0.14671908,-0.61334443
0.87966359,1.47038829,0.30468750,0.13502190,1.06079340,-0.72185522,-1.13204300,0.20514356,-0.07280726,-1.07871556,0.16008957,0.56050974,1.09654951,1.28249907,0.05103443,-0.99739671,-1.43615735,0.18175122,0.91480559,-1.38425779,1.12073350,-1.94995034,-0.97342837,0.24885076,0.04199834,-0.62359101,-0.14338209,-1.61054409,-0.57371664,0.70016694,1.93414223,-2.35511541,-1.79807007,2.35032463,-2.44515681,0.86907560,-0.42129585,-0.73728383,2.27722049,-0.48114151,0.99776226,0.77563947,-1.29652393,1.07249868,0.01167144,-1.84783411,0.33049816,-0.39424318,-0.33156756,0.43340462,2.45406199,0.20437615,0.59100711,0.97178495,-0.52663314,-1.08645916,-0.25287330,0.28494120,2.86595440,0.68181789,1.31069064,0.38027188,1.40298510,1.31318247,1.28468287,-1.31162524,-0.92461765,1.32790351,1.38676953,0.62660152,0.61371744,-0.04968978,-0.06094894,-3.07401586,-1.66455007,-0.31040424,0.34821057,-1.23036313,-0.69014251,0.82539445,1.59221697,-0.07339394,-1.15597045,0.83865345,1.60445523,0.11747229,-2.28359389,1.68613386,0.87845856,-1.38600731,1.72845626,-1.12476432,0.00686490,2.61321855,0.61199933,-1.56095695,0.98308027,-0.53041297,0.09731840,0.41224104,-0.11510114,1.51696610,-0.05512598,1.51812887,-1.07741499,-0.42773682,-0.22867604,-0.59832209,0.67569858,-1.37609220,-1.23294234,0.79414678,-1.46877301,-2.09537220,0.68788207,0.05714387,1.33976984,-0.97290504,-1.37935150,-0.67435515,-0.88888210,0.57159024,0.45369780,-0.63127470,-0.81293106,0.69840735,-2.19449425,-1.95082998
2.31626415,-0.65948892,-0.14964244,0.24156520,1.66809392,0.11760323,0.49925944,-0.27153465,-1.59766281,-2.36974812,0.19817178,0.75605428,0.94204825,-3.10115719,-0.33973584,-0.71451199,-0.81315148,1.94195151,0.84561044,1.87771559,-0.20881778,-1.26908195,0.04652256,0.95339328,0.76670194,0.99225879,-1.80557132,-0.79563212,-0.72671288,1.86948240,-1.80800676,1.52422762,0.32052535,0.14196916,0.18738218,-0.26920000,0.45212445,0.30493808,-0.51223785,-0.07623757,1.08420706,-2.80914688,-1.23876977,0.48903945,-0.78008741,-1.59105098,-0.25466907,-1.40028203,0.04342720,2.73021793,0.62571651,-0.03536114,0.91871703,0.51109082,0.94649649,-1.02846944,-0.28585756,1.12735534,0.46271163,0.06158180,0.84231138,0.11781827,-1.47379994,0.85965014,1.79372621,0.16816024,1.03539038,0.19699550,-1.23144567,0.60036576,-0.47847903,0.34208375,-2.20806217,-1.97570181,0.04715897,2.18145347,0.14805220,-0.84687930,-0.09337237,2.13999844,0.31468648,-1.00783086,-1.09992182,0.67476642,2.09626794,-1.21561587,0.43006712,0.54610705,0.01522176,-2.61400294,-0.17048201,-0.01926833,0.79081190,2.56961560,0.03156754,-0.58171225,0.36708847,0.88487267,-0.26985806,1.09356463,-0.22103323,1.40981758,-1.42274117,1.00807869,0.17811464,1.67052579,-0.37457699,0.42486310,-3.24757266,-0.40678948,0.13229923,0.82912385,-2.48687363,0.11678252,0.19260371,-0.23395088,1.19904482,-3.12887597,-0.23953012,0.44808796,1.12284207,0.40225434,-0.84791279,-1.48684645,-0.89377785,0.59366357,-1.05740762,-0.10454315
-2.39181304,-1.02896965,-0.10148872,-0.35979944,0.12587449,0.24977313,0.16533166,0.03117691,-1.04471862,0.92394519,0.69366479,-0.02402786,-0.23620099,0.89917439,-0.10782296,-0.38205516,-0.45431116,-0.67190492,-0.85650468,1.81696796,-1.34146750,1.10660052,0.48873094,-0.97058815,0.60895371,-0.26259667,0.08220854,-0.56691921,0.78454995,1.21722043,1.55183256,0.72180903,-1.61065316,1.29393172,-0.69670266,1.16217208,0.43867227,-0.81528854,0.78254157,1.15980101,0.12719055,-0.67386472,-0.57950091,0.54666489,0.71909750,-3.14912176,-1.16880071,-0.14847501,0.36474764,1.93994820,0.37315422,-1.77195168,2.42319345,0.28729999,1.72964764,0.58310694,-0.85413027,0.89495057,2.03756309,1.92590976,-0.26619869,-0.74098492,2.11787176,-0.57338166,0.04844859,-1.34196067,1.15445316,1.07361698,-1.06563234,0.24962920,-0.26199555,-0.42171037,-0.80715078,-1.22476220,0.38025558,-2.01811528,1.38929427,-1.87035084,0.29873011,1.46729469,0.78791869,0.88818884,0.99477434,1.34313655,0.85913730,-0.01255445,-0.29334512,0.20600745,0.11689590,-1.57591796,0.19444779,0.72495466,-0.24295871,-0.12974003,-1.36884522,0.38544822,-0.88523597,-0.79470193,-0.61848611,0.51412725,1.82026041,1.41319919,-0.06706607,0.04855726,1.02201223,-0.29248846,0.33168882,-1.34421515,-0.64783996,-2.41885614,1.46189809,0.41783291,0.06780729,0.98652005,0.34093395,0.45560339,-0.26488429,-2.41582465,0.86398131,-1.75269139,-0.88677186,-0.27253038,-2.12426019,-2.12328172,-1.79511285,-1.53776217,1.45969439,-0.60992652
-0.01215708,-0.17236447,-0.36175850,-0.63593799,-0.71207488,-0.02951549,0.51226425,-0.79044747,0.06025670,-0.95911819,-1.94320095,-1.71488059,-0.04439215,-0.22643679,0.06373794,-2.15950298,-0.68943727,0.33980185,1.39102733,2.86811900,-0.52588725,0.09902754,1.23267889,0.64546496,0.07899611,0.58027899,-0.08668275,-0.01817480,-0.50215769,-0.68563968,-0.13137731,-3.46995735,-0.62963992,0.13750479,-0.00410193,0.49865347,0.06014606,0.37570837,-1.05870688,1.81191373,0.90942699,-0.93786001,-0.68797970,-0.06999161,-0.41934031,-0.52325886,-0.28877038,2.43676209,-0.06012833,0.43681329,-0.72200453,-1.17802274,1.18082654,0.90101653,1.19371068,0.41049862,0.39809930,1.10475731,-1.29950929,1.84633231,0.73136413,-2.15130806,-0.10417369,-0.96900177,0.26705515,0.22093372,2.86386776,1.08997846,-0.11074834,-0.49535611,0.41487598,2.40539646,0.51439375,-3.11100984,-1.01468349,-1.49558091,-0.58576280,0.52208644,-1.08587027,0.64211804,-2.94903159,-0.51092398,0.18671948,0.44470537,2.36060882,0.62803924,-1.21502411,2.60269976,0.17866169,-0.99664003,2.20851135,0.03606953,-0.14813337,0.25756127,1.26959920,-1.50643730,2.02125216,-0.44394189,0.83357286,3.35785365,-0.63201100,1.20348346,-1.36584496,0.64813536,2.07845211,0.62114125,-1.04433954,0.32113114,1.04561031,-1.85507536,1.94654155,-0.84301209,-0.67520905,0.86531365,-1.00430465,0.31966969,0.24403867,-2.37664008,1.25795472,-0.14236847,1.62715554,-0.67768639,-1.03304720,-2.10181189,-0.78290939,-0.22504824,0.46568912,-2.47607684
-1.62073517,0.08140428,-0.23922613,-1.05886936,0.10815403,2.56661510,-0.24821027,0.39144677,-0.53269291,-1.77744079,-2.17775297,-1.71888041,-1.84065735,-0.78950393,0.93607974,-1.82758892,0.05006266,0.73567694,0.29930267,2.17035222,-0.61967707,-0.28756577,-0.01275197,0.68682975,-0.93932027,0.65823394,-0.33985013,-0.18298797,0.77422345,1.05176306,0.68441665,2.70826197,0.96694756,-0.52956432,-0.10187715,-0.03408921,1.27880692,0.04138139,0.35187769,-0.13492213,2.33933711,-0.17603287,0.35371572,0.67461634,-0.23895279,-2.01036000,-0.15390424,-0.71395814,-0.05380169,-1.37877238,-0.32112342,-1.15668023,-0.78823841,0.82028401,-0.44896087,2.14013100,0.62121588,0.81937879,-0.03449564,1.36043382,-0.29772133,-1.33462477,0.34869793,0.66024870,-0.52262652,-2.43794656,1.39531088,-0.76644224,0.70692194,0.20050466,0.29118812,1.08300841,0.70092165,-1.88070524,-0.54112881,-1.86714828,-0.44074678,-1.72462988,-2.26127458,1.61704254,-0.20497252,-1.72558856,0.77359521,0.83231211,1.83721137,-0.62135309,-0.88008374,0.31122255,-1.31804168,0.18184650,0.46163011,-0.36984757,-1.64049292,-0.75967121,1.58918142,-0.61615962,-0.18765250,0.50168085,0.91124099,2.14675856,-2.38993835,0.33003172,-0.87245381,1.46471417,-1.61883783,0.61056721,0.07801914,-1.06569207,1.22955132,-0.96528596,1.52960467,0.40747136,0.69482923,1.30787253,2.42815757,1.48065102,-0.79486406,-0.42001939,0.62858653,3.12336469,0.89932716,-1.99350893,-1.02740049,-1.41419423,-1.04173970,0.75213659,-0.39291063,-0.96380389
