-0.02013098,0.82438809,-6.54842997,-0.17607813,0.54999828,0.32770529,0.09864476,0.55276191,-0.97883642,0.48671767,-0.20693263,0.01212762,-0.26268396,0.71545774,0.37520441,0.13753316,0.07136016,0.30161032,0.46289092,0.89402020,-0.26079094,-0.55848610,1.88460028,1.00803864,0.05109051,-0.29876423,-0.25828055,0.23123193,0.14592220,0.24318269,-0.16015872,-0.12878719,-2.69379163,-0.50846261,0.16267397,-0.22333133,0.18491322,0.37885082,-0.27167210,-0.60119784,1.00771725,-0.59889776,0.78682595,-0.06372197,0.03969962,0.32668298,-0.17758611,0.00975084,-0.17769501,0.24457569,-0.94474816,0.25138581,0.21923609,-0.14835228,0.34685922,0.27227122,0.16374625,0.52896762,0.30258754,0.24305198,0.79986173,-0.38838103,-0.45338523,-0.03128362,0.33801800,0.10207424,0.44181257,0.16139117,0.66909158,-0.02398007,-0.21966442,-0.03734359,0.15632612,-1.35309482,0.39790261,0.10456317,0.33866724,0.29537299,1.09754801,0.19856083,0.78023720,-0.01910886,0.20549284,0.53140306,0.34191591,0.14270312,0.47260216,0.57408154,0.50932372,-0.65447891,0.56252432,0.23771141,0.04823888,-0.09174558,0.98244882,0.17088185,-0.13969460,-0.21150020,0.14166248,0.39977875,0.40207517,0.20892891,0.48603058,0.58446896,0.17570798,-0.32770574,0.52384722,-0.29106891,0.32309651,-0.86258656,-0.24889548,1.10923183,0.28424394,0.78149378,-0.71732157,0.28023192,0.42631954,-0.54326195,0.64766532,0.26713300,-0.58297890,-0.25946811,0.53152657,-0.05229113,-0.08775327,-0.78292203,-0.62828767,0.03227825
-2.28552842,0.81300485,-0.47687733,-0.12892391,-0.58146942,-0.66659999,-0.99919051,0.67336118,-1.55047703,-2.87007594,0.52847320,-0.40731540,1.39473104,-0.68356621,0.01334438,0.20253786,-0.54734498,0.87137073,1.83778787,3.03281212,-1.79533613,-1.06129181,0.56825137,0.27828497,1.04887938,-0.48702997,0.21336418,0.62106633,1.00092947,0.90602612,-1.11866117,0.02488372,-0.42552245,-0.67023027,-0.42071417,0.59978926,1.06473684,-0.28649527,-0.62600148,-1.62481368,3.11564612,0.44896099,-0.40452945,0.20893955,-0.05184694,0.92218232,-0.53410327,1.43777490,0.51621926,1.54298699,0.95512104,0.19107178,0.56592536,-1.74102795,0.18942390,1.20349562,2.22750902,0.07939392,-1.19704401,1.17348897,1.33963633,-0.91211140,-2.60250640,1.80357289,0.34872466,-0.20841289,0.63161141,1.97177756,1.27478123,0.16822700,-0.08453847,0.60694712,0.36104691,-1.54630184,-1.27364147,1.28738070,-0.50087637,-1.04369700,2.35224152,-0.33219242,0.55570972,-0.44453266,-0.45630860,1.27637577,0.02165570,-0.96505630,-0.81096476,0.85111070,-1.10719776,-1.81096280,0.77356333,0.74807489,-1.37799966,1.12964416,0.58275235,1.98486137,0.55393970,-1.60439575,1.13075960,1.81636560,0.63714522,-0.75276995,0.86338305,0.09909892,0.48483515,-1.13577509,-1.68241537,-0.34523198,-0.96569765,-2.77339435,-1.72609413,1.81749892,1.47769487,-0.40926170,-2.21500373,-0.25020903,1.50829947,-1.16178858,0.25287414,2.26357150,-2.55539608,1.59428489,-1.08286262,-1.68779302,0.27126771,-1.46960604,0.31225628,-0.74361962
-2.36460352,0.14870507,-0.08099437,-0.35305166,-0.79571837,-0.06041332,-0.48790157,1.12066603,-0.78308499,-1.29713035,1.29640710,0.02721721,0.72250611,0.32213417,0.83772951,-0.69581932,0.06138854,0.31501886,0.41688395,1.09139192,0.63893104,-1.59578979,-1.03609979,1.28345335,0.26161537,-1.05100894,0.30114621,-0.36679476,1.23246074,0.17485109,1.04077303,-4.34185028,-0.58353460,0.22045501,-1.20309174,-0.48261589,0.67560029,-1.59740365,1.92709565,-1.94278240,1.59646857,0.85162348,-0.02858069,-0.15836838,0.28399804,0.53589940,0.66691947,0.50118178,0.65148866,1.18815494,1.43379819,0.71276289,-0.03068533,-0.25796866,-0.39792621,-0.57975686,2.18216467,-1.21800244,1.57729089,-0.09701734,1.33676445,-0.01360840,-0.56900477,1.90402865,1.71758533,-0.56138802,-0.15480894,0.61167568,0.89295536,0.43718368,0.31958416,-0.90489209,0.39203703,-1.89242268,-3.11491036,1.05153656,-0.18044731,-1.31742179,1.91336644,0.14577204,1.86456263,-0.60189849,-0.64927816,0.54085147,1.55148470,0.00892702,-0.78385901,1.30852962,-0.11724360,-2.55519795,1.81068480,0.29128689,-1.82547855,1.90352273,1.36782312,0.55244917,0.13052344,-0.73222506,1.32202697,1.77659833,-0.03576584,0.18174803,1.58856440,0.34337974,-0.01341944,-1.80801702,-1.18579471,-0.05816468,0.81186944,-2.24300289,-0.69069958,2.19067383,1.01861882,-0.59050786,-1.61026633,0.60405296,2.32493997,-1.35717201,-0.43425542,0.90354091,-1.76243758,0.30470935,0.81181961,-2.01581120,-0.27187949,-2.55001450,-0.62944084,-1.03792095
-1.15242755,1.41074991,-0.37917328,-0.39322472,2.59657669,0.18934259,0.23574808,0.14323038,-1.89872992,-0.47342077,-0.46332490,-0.43785113,-0.66395676,-0.11973748,1.77219152,-0.50501400,-0.77991134,-0.15324122,0.51584685,2.81343341,-1.14719689,-0.39759445,-0.21214138,1.81964111,0.76378173,-0.40527374,-1.19678724,0.51392627,1.83369505,2.22004771,-1.65253055,0.75939715,0.28772357,-0.42314851,-0.36326474,-0.26233539,1.00122774,-1.19719672,-1.85872865,-2.94839740,1.12310266,-0.15509720,0.61144012,-0.57158208,0.17509007,0.10928230,0.85468197,2.19268227,-0.31589022,1.07334900,2.33276153,0.23200797,0.06125474,-1.43207955,-0.36930215,0.18392122,0.49688298,-0.63995194,-0.12343279,0.07888794,0.38238901,0.66145533,-2.14861584,0.22044039,0.58679533,0.99390876,0.07900564,0.45333514,0.08052374,0.48569158,-0.48369166,1.50433326,0.75817162,-2.48208070,-2.41170931,-0.70809078,-0.31357682,-1.32076871,1.65390849,0.00350800,-1.54108179,-1.30134010,-0.04826154,0.34647384,1.63657010,0.82435668,-0.95093518,0.83945686,-0.86290830,-0.41293219,2.04664254,-0.32683554,-0.13013090,0.74370563,1.14658284,0.75839740,2.92509723,-0.71270907,1.81440902,0.98888195,0.71445030,0.35170293,0.42042214,-0.02289350,1.22652817,-1.30912769,-1.60467041,0.13725746,0.61674589,-0.88466471,-1.15505707,1.56280458,1.08385754,-1.99555421,-1.38807333,0.18371530,0.12418443,-0.26193798,0.05009834,0.43098766,-2.36516786,0.05521777,0.84577596,-0.63582063,0.51866192,-2.85606647,-1.48235810,0.42209923
-1.12194693,-0.35937372,-0.73783535,-0.12433140,0.95722646,-0.01143365,1.46079302,0.48498374,-1.18876386,-0.81435168,1.47294497,0.67051828,-0.74827749,0.23059648,0.08540901,0.38818988,0.11477624,0.55489224,0.69873840,2.40878558,-1.75078750,-1.06743741,-0.08265108,2.23286915,0.09540534,1.36213958,-0.72308338,0.28135681,1.32204342,0.80440038,-0.61056608,-0.14681649,0.70200515,-0.50770223,-0.80819690,-0.33935046,0.11153089,-2.73893118,-0.51403755,-1.91665506,2.24774694,-1.13394749,-0.35851765,0.50761896,0.18151161,1.60846245,-0.15661381,0.61921281,0.96887708,-0.07675108,-1.55644631,-0.08128441,1.62755978,-2.74496436,-2.30393696,-0.34979928,0.75780648,0.04273713,1.13692284,1.27928627,1.28277445,-0.55288267,-1.79291844,2.20901942,0.70238084,0.52605927,-0.73292458,0.66129082,0.62114239,-0.38000232,-1.69834578,-0.01243663,-0.64280641,-1.05427265,-2.42243481,1.99951565,-1.12119198,-0.42090943,-0.06625205,0.85050178,-0.97113800,-1.31113970,-0.57720870,-0.08807207,2.18420315,-0.25702927,-0.48999715,1.12556362,1.42419338,0.77608109,1.31426549,1.57033467,-0.37553808,0.43713075,1.69264627,-0.60533696,0.34790561,-0.40514213,0.57284427,1.50076067,-0.82044828,0.45001858,0.31131271,0.06670963,2.32540488,-4.06740999,-1.40194988,1.90399218,1.24054110,-1.42868447,-2.72391796,1.49087584,0.25025591,1.38332689,-1.64278305,-0.72228575,1.13913381,0.17220025,-2.63335395,-0.24313976,-0.21862069,0.14539960,1.60546744,0.99163938,-0.23094769,-3.48016882,-1.26510179,1.16069496
-1.19483888,0.63169217,0.07809207,-1.65778446,0.40370619,0.20553449,0.37980449,1.49565458,-2.37574458,-0.51517391,1.21092343,-0.08151825,1.12105489,0.69264400,-0.14996308,2.97646260,-0.55068272,-0.04269921,1.43322504,1.79945254,-1.34294665,-0.51621008,0.19928691,1.84669161,0.58164036,-0.97174954,-1.45213401,0.73708117,1.24314237,2.28025460,-1.39299500,-3.48816156,0.07146533,-0.89013165,-0.52654064,-1.42676723,-0.44372392,-1.56770849,-0.41656223,-0.89562178,1.67870545,0.05362752,0.04247963,0.02513260,-0.06148405,1.35394299,-0.02683809,1.90998530,2.61491728,0.71549225,-0.44548944,-0.02235358,0.54177570,-1.50407445,0.43436140,0.23700407,0.75554872,-0.26725751,0.48628739,0.18242258,1.34796071,0.39517239,-1.70198298,0.59543997,0.34646785,-0.76508522,-0.65512937,0.10432348,-0.03787600,0.85482520,0.01899061,-0.88698906,0.12341282,-1.84217453,-1.92888057,-0.10093166,-0.15078767,-1.40910935,2.07532835,-1.07420516,-0.29420295,-1.16051888,-0.61579591,0.91759360,1.03037941,1.08824873,-0.89447975,0.90619612,-0.70696563,0.27746776,1.99143779,0.18463893,-1.04269719,0.65094507,2.15605450,0.79103523,1.63739586,-0.75849360,0.25512895,0.17098230,2.43716455,0.53613132,1.23360610,0.02799253,0.55702800,-1.85740817,-0.46973276,0.67954069,1.07672179,-2.35806966,-1.03072178,2.30220222,0.06394517,-0.02535576,0.44539189,-0.20231688,1.16330028,-1.07452703,-1.11758864,0.36679047,-0.32890695,-0.26135167,1.23204255,-0.27710834,0.45152462,-3.38143206,-0.77637178,-1.21529889
0.56388527,0.55838382,-0.88485605,-0.32673341,1.49719405,-0.17159905,0.52504861,0.22914821,-3.13909531,0.30278900,0.72656709,-0.09914203,1.60591543,0.51730949,1.64153326,0.42525277,-1.22210443,-0.04922398,0.34853071,0.61770308,-1.57652152,0.19682379,-0.00137620,1.89241767,-0.14036208,-0.43363127,-1.59400439,0.87947631,1.20424306,0.85039425,-0.80760753,-0.19717261,0.43801701,-1.52616775,-3.00804663,0.33052522,0.93030852,-2.57850695,0.90183395,-0.36647075,1.00051594,-1.96389747,-0.23622163,1.75594378,0.59443367,3.01666379,0.12782031,2.02469850,-1.17107701,1.20658338,-0.26487359,0.12987886,0.63740849,-2.53832102,-0.68295926,0.18144776,0.19515832,0.16448742,-0.00695769,-0.09216718,1.87106514,-0.44392774,-1.53105462,0.16483188,1.15400028,0.21667430,-1.16423607,0.67075038,-0.27418527,0.57858217,-2.04124069,1.08849657,-1.02286494,-1.55305433,-0.24874593,-0.48124194,-0.88301587,-1.26376545,2.42520571,0.94972169,1.65042496,-2.65355706,-0.82195836,0.93394542,1.96613264,-0.35071391,-0.86650103,1.13268995,-0.63628805,-0.87589580,0.70341426,-0.27136394,-0.39669561,0.35590887,1.73740482,1.12198234,0.54488444,-0.12783748,2.11204791,1.19820786,1.08464932,0.96997124,1.49550819,0.06979325,-0.01687549,-1.02679229,-0.24643497,1.37384629,0.90849006,-1.14381552,-1.56974113,2.61122155,1.35712862,0.10411193,-1.64813030,0.26264673,-0.72306740,-1.48732436,-0.50662786,-0.92370778,-1.17559755,0.66325212,0.37249351,0.08039400,0.44803703,-3.90834832,-0.55873257,-1.29453409
-0.51144695,0.38033032,0.31371862,-0.44769251,0.14681822,0.49605221,-0.35294095,0.21146044,-2.57112384,-0.74221420,1.62934244,-0.98821312,2.55724144,1.10577536,0.81675208,-0.23577788,-1.49357188,0.69081980,1.98243189,2.08482289,-0.74231875,-0.19632602,1.46769440,0.78872883,0.36630896,-1.46341658,0.31508452,1.79071891,-0.14592573,0.61170906,-0.45962453,-1.98812485,-0.36701602,-0.39072067,-0.51765633,0.78662533,-0.12957583,-1.90073359,-1.35139740,-0.30043909,1.50362778,0.50766814,0.45669550,-0.52681339,-0.46449256,2.96925068,-1.25997078,2.52424479,0.23378891,1.63105798,-0.57269871,-1.00539517,0.46683785,-1.76725912,0.09927048,-0.51311034,0.70677316,-0.50982243,-0.10620821,0.69331300,1.39036655,-0.97119510,-1.79864085,-0.14985248,1.21532631,0.28461593,0.87367642,1.29775548,0.93117142,-0.64920586,-0.66085523,1.15765607,-0.12825663,-1.77796221,0.10667777,-0.28445441,-0.46499145,-2.24735236,2.27252436,0.64762270,-0.64494276,-1.16526604,0.00869375,0.66794693,1.30115724,-1.05505180,-1.55038524,-0.25315285,0.73711503,-2.47108889,2.77053976,0.91270351,-0.70241696,1.25495315,1.44167459,1.12688243,1.33761537,-1.79149425,0.50293553,1.82582378,0.30940354,0.07670201,1.05288351,-0.41679171,1.39515746,-2.24226522,-0.38788316,0.73519099,0.59958667,-0.81069714,-1.52530813,2.07129383,0.56576169,0.59614146,-0.92749268,-0.18048842,1.01750374,-1.74315441,-0.71837324,0.15400319,-2.15623283,-0.54064846,-0.44394356,-1.94235194,-0.45318639,-3.02634811,0.07415649,-0.98359782
-1.47898400,0.69021875,-0.85880405,-0.62172848,0.12232284,1.52559984,0.70652026,0.06558681,-2.53087211,-0.46340618,0.62857753,-1.98089147,-1.04128230,-0.09013714,2.07216477,-0.92684227,-1.27708066,0.19975984,1.24142945,3.49027848,-1.01243091,-0.34127963,0.48728660,2.22490716,0.35983688,-1.10608256,-0.42431948,1.71307051,1.43582046,1.95236003,-0.87620413,1.92086768,0.19829319,-1.41471970,-0.56833208,-0.76164585,0.41845709,-1.01963770,0.25918594,-0.79452145,2.29144859,-1.06444192,0.49983901,0.32468587,0.30425099,0.77863860,-1.52116549,0.63712126,-0.07114755,-0.65792298,-1.56993461,-0.14338091,0.54979408,-0.56699586,-0.70448631,0.77335435,0.60749632,0.72094542,-0.69282532,1.76740324,1.16214001,-2.32888389,-1.55385780,0.36219847,0.20526403,-1.22233057,0.94989413,-0.06962673,0.78973907,0.77954477,0.05686204,1.13108861,0.72407472,-1.49455571,0.30638903,-0.96860188,0.04321974,-2.70737863,0.50283766,0.84647107,0.07608831,-2.24950385,-0.63610446,0.97501457,1.75545621,-1.34027195,-0.65129179,0.80164427,-0.30645919,-0.92023396,1.69886649,-0.59510958,-1.41614377,0.39936244,3.00560760,0.99231321,0.55605102,0.09546673,0.71141797,2.45409346,-1.54623783,0.23721725,0.77811384,0.24223894,0.38845798,-0.97546071,0.20387182,0.64319998,0.34054202,-1.31048250,-1.09635556,2.67714024,1.03388870,0.85700095,1.07154465,0.83874077,1.36759377,-1.07305467,-0.66991049,1.33491766,-1.52758217,-1.54162133,-0.23479317,-2.38227010,-0.22265665,-2.60525942,-0.75929081,0.16197452
-0.32318890,0.16247255,-0.72940725,-0.43559706,1.97580838,0.45240164,1.42347538,0.68998611,-3.48933887,0.75278234,-0.02399992,0.05692500,2.48169613,-0.04714051,1.68682134,-0.04609228,-1.01120150,-0.44856772,0.41747218,1.64563978,-1.84488714,0.27921265,1.08647585,1.84108233,-0.33403683,-1.09173000,-0.15337750,0.08591637,0.77888143,1.17288315,-0.56004757,1.37350416,0.63398236,-2.04342771,-1.99378896,-0.05851857,1.46089959,-1.02723253,-0.10730918,-1.12656605,1.13036752,-1.69191873,-0.34758237,1.28093028,1.38917446,2.04561162,-0.12587115,1.59956968,-0.61679649,0.38275373,-0.85842431,-0.03748424,1.08634090,-0.64821649,-0.35020882,-0.58344144,-0.19726618,0.16961622,0.66851979,0.01412761,2.48829603,-1.07573569,-0.18783095,0.15334004,0.67967355,0.73658597,-0.92104137,0.31313863,-1.27985561,0.22243783,-1.47594321,0.70444703,-0.37644559,-1.28013706,-1.27897882,-0.87963277,-0.75107968,-1.72901630,2.52215505,1.65941560,0.78855938,-1.60203528,-2.02246070,0.86755681,1.27174175,-0.51514089,-1.07398403,1.07613993,0.02574670,-1.35423923,1.86889052,-2.09587193,-0.74355662,0.02435058,2.60232258,0.26570594,0.38444605,-0.40942109,0.34543389,1.38424218,0.74867535,1.42439556,1.00936031,0.66555184,0.87941480,-1.07323706,-0.82075185,0.90854168,0.87911099,-0.51857847,-0.74322736,1.71523178,1.45208848,1.23796201,-2.13146162,0.12576362,-1.01139796,-1.32541001,0.04753082,-0.80991340,-1.24511480,-0.33539358,0.74586844,0.00310679,-0.31597018,-5.13118982,-0.56231552,-0.79109114
-1.23073196,0.56519210,0.16531570,-0.39878768,0.10239270,0.08462562,-0.56481051,0.84402031,-1.36225832,-1.26291680,1.18712616,0.14345343,1.48392296,-0.36041537,1.07661474,-0.91070998,-0.60612929,-0.11701627,0.16847636,0.82030225,0.61923683,-2.17739892,-0.97465044,1.92197442,1.02083874,-1.37577271,0.13217539,-0.61316550,0.23515256,0.68244886,0.92673820,-4.29771566,-0.78380430,0.03635043,-1.08962774,-0.45806473,0.33439890,-1.22152686,1.49870479,-1.76611865,2.24544597,0.36746979,0.15057047,-0.00985776,-0.02794046,-0.34742144,0.25077406,0.49260494,0.20901248,0.34967324,1.42966962,0.60835940,0.25001860,-0.36575627,-0.23451532,-0.83540219,1.44293010,-0.13072257,2.03134036,0.11761360,2.10453033,-0.54910868,0.57720608,1.19370389,1.51621723,-1.01089835,0.31411076,1.04754579,0.92219824,0.47842640,0.39640975,-0.55092955,0.45598799,-1.86715889,-2.38840699,0.26699895,0.04331825,-1.65959907,1.80854583,0.35439137,2.01875257,-0.11507570,-1.62008536,0.43202710,2.10802317,-0.38086191,-1.54066813,1.58121884,0.16975820,-2.19988871,3.50925088,-0.95675385,-1.21855152,1.26989317,2.07827616,0.50229257,0.12833881,-0.62869501,0.31502032,0.96608388,0.03396028,0.48449999,1.41280270,0.24940526,-0.01307002,-2.05841875,-0.89435261,0.31003597,1.31223583,-1.69215655,-0.98900580,2.13877511,0.17403886,-0.87862015,-1.09720218,0.60953879,2.68317890,-1.10181117,-0.48809457,0.26472992,-1.61444855,-0.21533716,1.67852604,-1.35974312,-0.92012352,-2.33967829,-1.14795876,-0.72367811
-0.46008378,1.36787522,-0.02410945,-0.32312265,3.23742318,-0.21922259,0.07284708,-0.49524972,-2.58096886,-0.23894283,-0.45899615,-0.02792345,-0.00792530,-1.16572189,1.75779450,-0.63861603,-0.95806134,-0.33240399,0.48947853,1.99500024,-0.67825627,-0.89013982,-0.35594395,2.59705997,1.80780530,-0.94586217,-1.48341167,0.15976575,0.70157957,2.42452216,-2.09492898,0.83642465,-0.00748141,0.14430912,-0.04717488,-0.23582694,0.91099298,-0.64797336,-1.62775028,-2.56146359,2.31355524,-0.54814661,0.77366292,-0.46392825,-0.46201724,-1.31556010,0.68675852,2.11224914,-0.37775046,1.21665311,2.12332654,-0.20294163,0.63153529,-1.28336263,0.10038541,0.28917944,0.07592739,0.08736371,0.33801886,0.59210265,0.94188225,-0.31177315,-0.85770422,-0.28772393,0.34369826,0.51213491,0.56901383,1.36377800,0.27110010,0.45664150,-0.07047673,2.11095285,0.33898121,-2.18170595,-1.85647511,-1.04318202,0.32025361,-1.66881371,1.61464322,-0.44873002,-1.15078914,-1.06076539,-0.74561286,0.63132644,2.24714065,0.51857686,-0.84597474,1.13525963,-0.89063680,-0.35707471,2.92169356,-1.14093471,0.36387882,0.09612392,1.97833455,0.33515418,2.70410419,-1.12701190,0.73515385,-0.10669880,1.15661585,0.74478519,-0.00392282,-0.38796753,0.61589330,-1.06780660,-0.83037978,0.30887914,0.46071118,-1.04950595,-1.03332436,0.95042527,0.56669921,-2.47377586,-0.41115099,-0.05804300,0.32332227,-0.50776243,0.11571410,-0.13084936,-2.47455215,-0.12827063,1.07439959,-0.39273161,0.01929568,-2.61588502,-1.82193923,0.67227352
-0.49970710,0.34258127,-0.66022575,0.25321582,1.05870068,-1.14976656,-0.12138509,-0.25676933,-2.19415474,-0.18448827,0.56841463,1.45851541,-0.49826756,-0.91364956,0.56660390,-0.33986759,-0.58076614,-0.33628613,0.04393408,1.35307086,-1.02479064,-2.13851786,0.04472073,3.43397284,1.31458831,0.38285187,-1.22036910,-0.04809044,-0.41839597,0.27074876,-1.46046984,-0.30607969,-0.18817265,-0.41072387,0.71038699,-0.15954749,-0.40504807,-0.73752218,-0.70460868,-2.01175165,4.01153421,-1.69633329,-0.34085277,0.41364944,-0.24617997,-1.32707846,-0.26332542,0.18373527,0.49681592,0.20952874,-1.67377186,-0.13502377,3.11981893,-1.93895984,-1.27216327,-0.56800836,0.53173047,1.24008858,1.10740089,2.41010499,2.40177846,-1.67499065,-0.39311790,0.26937455,0.54524392,1.26804435,0.17346381,1.65453660,1.15725958,0.06539407,-1.77397501,0.59587085,-0.22419919,-0.21461558,-1.86895895,1.89214408,0.08729099,0.25475422,-0.16512793,0.42735764,0.33839041,-0.66080374,-0.66329104,-0.08716905,2.84217215,-0.28953868,-0.02002179,1.08524084,2.05522966,-0.00550742,2.34306812,0.78768158,-0.43850958,-0.14652209,1.73340452,-1.42490196,-1.21479177,-0.55053657,-0.34508455,0.49566481,-0.52066153,1.19576192,0.04699492,-0.34113291,1.45272386,-3.89946461,-1.02265787,1.51775336,0.77102160,-1.57159543,-2.27667546,-0.09021688,-0.22431599,1.08755088,0.02917668,-0.79482317,1.13986230,0.32521600,-1.64760268,-0.96444279,1.00195599,0.74679923,1.28002286,1.34107161,-1.87720907,-2.42600775,-2.33174396,1.79789901
0.75773543,-0.20005852,0.28600040,-1.33318543,0.18382639,-1.11509383,0.86403769,0.67288303,-3.65886831,-0.14516750,0.59542429,0.16758201,2.09253764,-0.16004571,0.85274595,-1.16923904,-0.92027444,0.23563533,0.20815492,1.70742476,-0.53080893,-0.77369618,0.10820007,3.70852089,1.21032977,-0.71801579,-1.48949039,-0.04639332,0.68599784,1.15896845,-1.37322938,-1.10416603,0.20486903,-1.21147132,0.77063096,0.77844411,-1.11674130,-0.16328478,-0.17211832,-1.94663525,1.57852566,-1.49630404,0.28284317,-0.40127802,0.39253029,-0.12452635,0.23060474,1.92444634,0.16046292,1.35270476,-0.02858788,-0.06437387,1.75910759,0.65701115,0.32530922,-0.06117333,0.33636200,0.06942161,0.20235172,1.36276364,2.65122294,-1.80166399,-1.38714206,-1.29519200,0.07927561,-0.39939901,0.68080658,1.28423882,0.94397193,0.52052724,-0.25527197,1.98188567,-0.54594326,-1.56670737,-1.12774909,-0.00271533,-0.43740818,-1.51700401,0.13593313,0.58764994,-0.31749728,0.09619509,-0.08184022,0.30183509,3.53974032,0.92160171,0.37338376,1.50392795,-1.44457436,-1.36080074,1.99017942,-0.18197957,-0.68743861,0.15729587,2.55080247,-0.74886918,0.41529414,-1.52995861,1.12419844,1.25374031,1.93977737,0.14156066,-0.61288428,-1.35059190,0.26617885,-1.05460024,-0.60855836,0.84422696,0.22542045,-2.73190284,-0.74466687,0.07290077,-0.05121039,-0.26468846,0.79838055,-0.26157349,0.19244699,-1.96628928,-1.81965327,0.13045253,-0.50311488,0.39952433,1.60795808,-0.26672301,-0.38447678,-2.82319307,-0.88699108,0.10133401
-0.18914554,-1.15296471,0.79734641,0.21608602,0.35401011,-1.67285120,-0.15804435,-0.78481370,-1.71291757,1.14392638,-1.26693094,-1.62828231,-0.43552992,-0.14422953,1.58443320,-0.00248289,-0.39881042,0.38284230,0.72483677,1.28983247,1.40842044,-1.63100040,0.09810818,2.20318723,1.96143174,-0.88652718,0.02752912,0.19681814,0.76671183,1.89930427,-1.28396749,-1.40438318,-0.50553101,-0.25297731,1.09845030,1.06596994,0.23605032,-0.29327720,-0.42832762,-1.06979811,3.34897017,-0.95602089,-0.02435078,-2.46037006,1.25963116,-1.93205786,1.64161718,0.71059030,-0.87250042,0.40014344,-0.97975647,-1.14110327,1.82901263,-1.36605251,-0.32652488,-0.22636354,-2.26938128,-0.37085813,0.08611109,0.87860602,0.92682081,-0.23879147,0.31470975,0.08029276,-1.00642109,-0.29287714,0.72068375,2.74726200,-0.31755778,0.50774348,-1.35192943,2.03008151,-0.13320957,-0.59694165,0.61980748,-1.60907936,0.53079623,-1.35953140,1.27445292,0.99245250,0.57063395,-0.66620797,-0.24022642,0.45166644,4.09722185,2.07391357,-0.67727810,0.75902545,0.30818802,-0.21471825,1.71842635,0.43938622,-0.64455324,-0.04368715,2.14668822,-0.31260777,0.38145193,-0.75426161,1.09064877,-0.38883114,0.73446143,-0.10031419,-0.77471852,1.91438675,0.37733042,0.40652162,-1.46566820,-0.93356776,-0.49366266,-3.24527335,0.34004128,1.27351367,-0.32943714,0.17865521,0.24510120,-1.23385024,2.50955343,0.55470955,-0.33745986,-0.37937814,-1.64522266,1.62326932,-0.88700885,-0.59505576,-0.81064510,-4.89949322,-1.95978153,0.50308055
-2.15255308,-1.96606064,-0.33830029,-0.42083210,2.24542451,-1.05121517,0.40990174,0.32109991,-1.40513635,1.59373724,0.02557537,-2.25840116,0.10373145,0.18113896,1.37975645,-0.36882383,0.33978987,0.12266386,1.28681421,2.20088959,0.88969910,-0.90283966,-0.37212029,2.69594717,1.84621358,-0.86377645,-0.16380255,-0.26354524,0.51561278,1.29495442,-1.57047689,-0.42192179,1.04874790,0.49484509,0.55787218,0.24905923,1.61774564,-2.76418042,1.07651603,-0.57654095,1.71065784,-0.87744242,0.69794226,-0.06297858,1.16389263,-0.68543375,1.24717188,-0.28825963,0.02414872,1.23709416,-0.63019669,-1.05706024,1.28985500,-1.51627362,-0.28712595,0.60700595,-1.91548240,0.28876713,0.00935046,1.59828246,0.68224013,-1.14671457,-1.09489405,-0.83890611,1.34355831,0.95217574,-0.26887664,1.87622261,0.13298921,0.67959410,0.09734120,0.73248863,-1.03051805,-0.47021633,-1.86578023,0.17686819,-0.45292857,-1.87840044,1.24593067,1.20065582,1.22787869,-1.31269419,-0.42938817,2.02890515,2.48941946,1.12841821,-0.52691144,1.07168174,0.17116213,-0.27801257,2.90748286,-0.70219171,-0.96307802,-2.15627337,3.59472561,-1.62314034,-0.55143583,-1.18051636,0.63631201,-1.23713923,2.26490116,-1.13056874,-0.24715775,0.17163283,0.02204826,-1.40201604,-0.70671880,-0.19605079,0.82583082,-4.28101110,0.06008151,0.62592888,0.38060606,1.01090145,-1.60396242,-0.86102432,0.53690773,-0.40657204,0.92013514,-0.67760557,0.84426183,-1.19706488,0.39918846,-1.75452900,-0.62739897,-2.07950830,-1.37594914,0.81490487
-0.75992644,-1.03601968,-0.11118618,0.07375626,3.84987307,-0.71036309,-0.00127510,0.27951282,-3.24264932,0.41500548,0.22583307,0.55770147,0.48101154,-0.26834971,-1.03107727,-1.35036337,-0.47776169,-0.37846020,-0.02714051,1.09587574,-1.14253426,-0.72820669,0.35434884,1.92347443,-0.72969824,0.63154233,-0.33686057,0.64217544,0.54335546,0.07473871,-1.36745226,-0.85914546,0.31069398,-0.81049645,0.50285518,-0.59631968,-0.22072612,-0.47867793,-0.27721867,-1.65691531,4.09676838,-1.30928290,-0.02816883,-1.03290558,1.67875957,-0.16331756,-0.05083160,-0.41006744,0.87652683,0.90068781,-1.20613134,-0.52255732,1.39036083,-1.24601901,-1.28886533,-0.55052036,-0.60787672,-0.47335798,2.11710882,1.28053582,2.08961129,-1.90659332,-0.62899846,0.28382224,0.77661651,0.18279392,1.64893818,0.84694636,0.24531184,-1.19144809,-1.38932419,0.66134775,0.49184310,-0.66027731,-1.40642643,-0.11042376,-2.28003907,-0.77201068,1.18692493,0.46616104,0.30960000,-1.63749206,-0.38106069,0.10978749,4.12116814,2.24733496,1.24406362,1.95212877,0.10381713,-1.12841392,2.51705575,-0.27288309,0.21830760,-0.07656803,0.90219116,-0.73512834,1.08509910,-0.67323625,1.10952747,-0.16641030,0.17296650,0.23671067,0.53690612,-0.60372698,0.82036167,-3.42018270,-2.92267227,0.68918443,0.78737360,-1.90094090,0.62895364,1.05122244,-0.13059199,2.53525996,-0.42915082,0.03042597,-0.01058754,-0.64121997,0.14576754,-0.66276044,-0.03261378,-0.79079580,1.71057999,-0.09771374,-0.71134079,-3.69714332,0.56214124,-0.01030512
-0.86761087,0.02605851,0.16000195,-1.57132983,1.27839971,-0.04618661,0.27212182,0.87953490,-2.98758507,0.24054639,-0.18678324,-0.50048900,0.46578598,-0.21289912,-0.14701793,2.28059864,-0.00380135,-0.65468848,0.91763920,1.68683207,-0.62203884,-0.60411811,-0.04369638,2.35703278,1.30928266,-0.45025498,-1.11852920,-0.50248444,0.87283576,1.94077778,-1.45357895,-3.25028896,0.01477551,-0.80212188,0.69237435,-0.78333765,-0.10500453,-0.75697112,-0.40308776,-0.80965126,3.21190166,0.02306994,0.47313690,-0.77739954,0.03254905,-0.59347093,0.27266651,1.41296792,3.09511328,0.69425255,-0.53655171,-0.30123881,0.10026298,-0.71533966,0.55600041,1.42404234,-0.36715227,0.07180601,0.90011251,0.21379519,1.90108514,-0.81955206,-1.09102392,-0.34311616,-0.15094532,-0.55067754,0.13977358,1.18048143,-0.26268584,0.75468481,0.06468457,-0.71946537,0.00910947,-1.45854998,-2.48530054,-0.25009966,-0.91314411,-1.12655711,1.54896283,-1.10993743,-0.65319633,-0.13266186,-0.68067092,0.79319692,2.53140187,1.68581128,-0.56639820,0.89548749,-1.16618538,0.38404563,2.80508971,-0.54396141,-0.98587394,-0.51278615,2.54572153,0.20818268,1.32970011,-0.81230140,0.29672009,-0.65836143,2.71329808,0.54059285,0.75152326,-0.09875695,-0.30276278,-1.70411408,-1.10944223,0.03400257,1.44097412,-3.35276675,0.29984444,0.77096891,0.49283367,0.88455772,0.56995440,0.46125615,0.61562234,-0.91603434,-0.60550916,0.54692423,0.79422718,-0.65938938,1.51078081,-0.21037488,0.21550472,-3.26377845,-0.91545242,-0.89841050
-0.15320972,0.71120644,-0.57882780,-0.30624107,1.25236297,-0.89039350,0.20654488,0.02259158,-4.01974773,1.31846976,0.06406482,1.02400184,0.69920290,-1.77641571,1.71459091,-0.61048859,-0.71455246,-0.85710543,-0.36484736,-0.60549289,-1.03106511,-0.07797335,0.16766173,3.17471218,0.50519603,-0.11871979,-0.90079474,-0.75228810,0.60634387,0.13024125,-1.59233391,-1.45614696,-0.59835970,-2.31297541,-0.93119061,0.45661509,1.15977919,-1.69050074,-0.40324903,-1.31804490,3.73694515,-2.17644715,-0.21188733,1.34215021,-0.00018309,0.96022630,-0.19159512,1.08993304,-0.68492413,0.86623979,-0.81904745,0.66644567,0.73943949,-1.93859804,-0.13040717,1.41035461,-0.12113905,0.78322095,-0.26168832,-0.14230722,2.78005958,-1.02390647,-0.34485629,-0.99997926,0.79434234,0.46627063,-0.39313802,1.59956372,-0.40964597,0.43307126,-2.32828856,1.10099161,0.07968909,-0.84738356,-1.43513179,0.40131760,-1.19317234,0.34820056,2.17322278,0.62006938,1.78175199,-0.92109752,0.06890051,0.87628663,3.14396739,0.51789916,0.03127947,0.94432557,-0.23409411,-0.71858537,2.27505207,-0.79141533,-1.17873061,-1.11307776,1.52084863,0.64941043,-0.43739393,-0.65464467,1.38004839,-0.61218131,0.54284716,0.65401375,1.40902376,0.34775493,-0.69420105,-2.57458234,-0.92667413,0.90501541,1.33805954,-1.80078292,0.12485506,0.82084179,1.87156951,1.02869189,-1.51114571,1.04509044,-0.96923983,-0.98729497,0.34103644,0.26772955,1.04062867,0.29001987,1.81017089,1.04737902,-1.06568575,-3.60072947,-0.23563966,-0.66287857
-0.62142116,0.53964162,0.05292354,-0.76060569,0.36494210,-0.39943361,0.68044668,-0.15813009,-3.32633209,0.98823929,0.45409584,0.46444887,0.48008901,-1.14422727,1.02898383,-1.84905040,-0.80186689,0.11905721,1.20612967,0.97691166,-0.58527499,-0.10104350,0.35710177,2.84333372,1.08885300,-0.25798005,-0.50517774,0.58017397,1.62691867,0.58872390,-1.46824443,-3.28563070,-0.58854061,0.40408522,-0.19167791,0.64939380,0.35488236,-0.33133018,-0.42774373,0.42752913,3.09909296,-0.82744402,0.58663750,-0.24317646,-1.02044392,0.92574990,-1.51653254,2.04356813,0.66513169,0.29778653,-1.42724073,0.69705486,0.53907979,-0.43126011,-0.13326192,1.57934034,-0.00194599,0.75662488,-1.39144289,0.50118256,1.70990872,-1.23782790,-1.13308728,-1.80901074,0.14411104,-0.39926252,1.26540518,2.11705446,0.95033717,-0.14669120,-0.51460701,1.44556320,-0.06938510,-1.64659142,-1.43560338,0.06819492,-0.86699170,-0.37943670,1.08763576,0.17278457,-1.63083243,-0.12494986,-0.10598393,0.30185974,2.80825806,0.63929588,-0.80705082,1.44339085,-0.05913732,-1.36466646,3.38247490,0.53464454,-0.15473711,0.32375938,1.43707323,-0.22555001,1.51242352,-1.76929104,1.58553183,0.07744040,-0.22395150,0.52511305,-0.05549663,-0.53598535,-0.19465344,-2.04294372,-1.36044085,0.62221223,1.29254508,-2.41871548,-0.60915214,0.69440699,0.69211310,0.83286405,-0.51818764,0.13894300,1.49640465,-3.17989326,-0.93527025,1.37721014,0.28953761,-0.21687335,1.22918880,-0.33645606,-0.13433388,-2.54923677,-1.00508189,-1.55319881
-1.35974765,0.82952231,-0.16383642,-0.62611318,0.99616373,0.72939104,-0.01167159,-0.10056899,-3.96696854,0.73811138,0.07997169,-0.10326919,-1.76611996,-0.82702732,2.05973196,-1.12257564,-0.59163845,0.23882878,0.62769669,1.14276600,-0.65885711,0.05554647,0.23353669,2.91579032,0.14389315,-0.90260512,-1.11802363,1.07645571,1.97817969,1.75708890,-1.50491619,2.41153884,0.49078178,0.09445529,0.09250632,-0.47003725,0.59723699,-0.37323272,0.87282097,-1.07827532,4.05472946,-0.99969471,0.80512726,0.05785969,-0.83947766,-1.00368750,-1.94460809,0.18116884,0.02633634,-0.34097773,-1.50653315,0.55019468,0.14056115,-0.08870495,-0.82588398,2.35862041,0.43110299,0.21243763,-1.36217391,1.09470475,0.97809714,-1.76736212,-1.76138771,-0.57172906,-0.44826496,-1.33684707,0.75669688,1.02024353,1.29232526,0.78444707,-0.44009697,0.99893558,-0.23747061,-0.95725769,-0.05748757,-0.09476009,0.23396792,-1.67121184,0.08229271,0.94050300,0.52244401,-1.73645926,0.58639950,0.55765009,2.85861039,-0.33374655,0.19945204,0.65162611,-0.62451094,-1.38367319,1.53389311,0.29540518,-1.88656235,0.17255642,1.98287916,0.29729027,-0.25096327,-0.64848256,1.91456330,0.78369069,-0.44520175,0.83732730,0.27272484,0.22924206,-1.73937690,-1.28185260,-0.39187333,-0.41956082,0.49705052,-2.48694015,-0.75587827,1.49339294,1.31269968,1.11750793,1.65805709,0.58857000,1.11636257,-2.13096857,-0.91296345,2.70515108,-0.56918901,-0.81736720,0.01407950,-1.00794232,-0.69692314,-1.81949973,-1.99270594,-0.44565982
